==================== 2026-09-21T22:26:35.892616Z | 01a0c614-04ea-76f0-9b87-4c9959b58c04 ====================
22:26:35.893424 [info ]: dbt 2.0.6
22:26:35.894675 [info ]: Started loading project
22:26:35.903404 [info ]: Finished loading project [  0.01s]
22:26:35.904414 [error]: [InvalidConfig (dbt1005)]: no profiles.yml found (searched: ["C:\\Users\\lepar\\Desktop\\luka\\Practical Introduction to Test-Driven Development\\dbt\\profiles.yml", "C:\\Users\\lepar\\.dbt\\profiles.yml"]). Run `dbt init` to create one
22:26:36.144478 [info ]: 
==================== Execution Summary =====================
Finished 'seed' with 1 error [251ms]
==================== 2026-09-21T22:26:43.527695Z | 01a0c614-22c3-71c3-ba46-84497528239a ====================
22:26:43.528154 [info ]: Installing dbt project and profile setup
22:26:43.534939 [info ]: Warning A dbt_project.yml already exists in this directory; skipping sample project creation.
22:26:43.536960 [info ]: Info Created .vscode/extensions.json with dbt extension recommendation
22:26:43.538295 [info ]: Info Setting up your profile...
22:26:43.538848 [info ]: Info Creating new profile...
22:27:03.894005 [info ]: Success Profile written to C:\Users\lepar\.dbt\profiles.yml
22:27:03.894509 [info ]: Validating profile inputs, adapters, and connection

22:27:03.894790 [info ]: dbt 2.0.6
22:27:03.895520 [info ]: Started loading project
22:27:03.898210 [info ]: Loading ~/.dbt/profiles.yml
22:27:03.918025 [info ]: Finished loading project [  0.02s]
22:27:03.918571 [info ]: Started debugging
22:27:03.918936 [info ]: Debugging profile: dev
22:27:03.919482 [info ]: Debugging dbt version: 2.0.6
22:27:03.919786 [info ]: Debugging platform: windows x86_64 (windows)
22:27:03.920188 [info ]: Debugging adapter type: snowflake (remote)
22:27:03.997324 [info ]: Debugging dependencies:
  git: OK
22:27:03.998452 [info ]: Debugging connection:
  "account": "xxx",
  "user": "xxx",
  "database": "xxx",
  "warehouse": "xxx",
  "schema": "xxx",
  "role": "xxx"
22:27:04.000423 [debug]: Snowflake driver resolved: snowflake 0.21.0.dev+dbt0.21.18
22:27:06.948175 [info ]: Debugging connection test: ERROR
22:27:06.948956 [info ]: Finished debugging [  3.03s]
22:27:06.949442 [error]: [AuthenticationFailed (dbt1011)]: dbt was unable to connect to the database configured for the `snowflake` adapter.
The following error was returned:

[Snowflake] 261004 (08004): failed to auth for unknown reason. HTTP: 404, URL: https://xxx.snowflakecomputing.com:443/session/v1/login-request?databaseName=xxx&requestId=b37d5188-94aa-4097-4569-2bb25679216d&request_guid=fe7a430a-7c50-443b-4c90-a4988df4f1f6&roleName=xxx&schemaName=xxx&warehouse=xxx

Check your database credentials and try again. For more information, visit:
https://docs.getdbt.com/docs/core/connect-data-platform/connection-profiles
22:27:06.986476 [info ]: 
==================== Execution Summary =====================
Finished 'init' with 1 error for target 'dev' [23.5s]
==================== 2026-09-21T22:28:58.844406Z | 01a0c616-3358-7783-b60b-34e31ef80822 ====================
22:28:58.844771 [info ]: Installing dbt project and profile setup
22:28:58.849305 [info ]: Warning A dbt_project.yml already exists in this directory; skipping sample project creation.
22:28:58.863167 [info ]: Info dbt extension already recommended in .vscode/extensions.json, skipping
22:29:02.772414 [info ]: Info Skipping profile setup.
22:29:02.772726 [info ]: Validating profile inputs, adapters, and connection

22:29:02.772999 [info ]: dbt 2.0.6
22:29:02.773697 [info ]: Started loading project
22:29:02.776628 [info ]: Loading ~/.dbt/profiles.yml
22:29:02.778205 [info ]: Finished loading project [  0.00s]
22:29:02.778639 [info ]: Started debugging
22:29:02.778831 [info ]: Debugging profile: dev
22:29:02.779117 [info ]: Debugging dbt version: 2.0.6
22:29:02.779444 [info ]: Debugging platform: windows x86_64 (windows)
22:29:02.779736 [info ]: Debugging adapter type: snowflake (remote)
22:29:02.862805 [info ]: Debugging dependencies:
  git: OK
22:29:02.863688 [info ]: Debugging connection:
  "account": "xxx",
  "user": "xxx",
  "database": "xxx",
  "warehouse": "xxx",
  "schema": "xxx",
  "role": "xxx"
22:29:02.864939 [debug]: Snowflake driver resolved: snowflake 0.21.0.dev+dbt0.21.18
22:29:04.034828 [info ]: Debugging connection test: ERROR
22:29:04.035675 [info ]: Finished debugging [  1.26s]
22:29:04.036246 [error]: [AuthenticationFailed (dbt1011)]: dbt was unable to connect to the database configured for the `snowflake` adapter.
The following error was returned:

[Snowflake] 261004 (08004): failed to auth for unknown reason. HTTP: 404, URL: https://xxx.snowflakecomputing.com:443/session/v1/login-request?databaseName=xxx&requestId=cfbfbf1f-076a-4f82-68ec-0758f8432044&request_guid=2e93ab26-23dc-4fdc-7685-815c62d617f9&roleName=xxx&schemaName=xxx&warehouse=xxx

Check your database credentials and try again. For more information, visit:
https://docs.getdbt.com/docs/core/connect-data-platform/connection-profiles
22:29:04.066019 [info ]: 
==================== Execution Summary =====================
Finished 'init' with 1 error for target 'dev' [5.2s]
==================== 2026-09-21T22:29:08.391171Z | 01a0c616-58a3-7590-a6ff-84b77160ecb6 ====================
22:29:08.391601 [info ]: Installing dbt project and profile setup
22:29:08.395964 [info ]: Warning A dbt_project.yml already exists in this directory; skipping sample project creation.
22:29:08.396967 [info ]: Info dbt extension already recommended in .vscode/extensions.json, skipping
22:29:10.154015 [info ]: Info Setting up your profile...
22:29:10.154936 [info ]: Loading ~/.dbt/profiles.yml
22:29:10.156447 [info ]: Profile 'pipeline_monitoring' already exists. You can choose how to proceed.
22:29:13.461987 [info ]: Info Creating new profile...
22:29:32.361839 [info ]: Info Backup created at C:\Users\lepar\.dbt\profiles.yml.bkp
22:29:32.363096 [info ]: Success Profile written to C:\Users\lepar\.dbt\profiles.yml
22:29:32.363609 [info ]: Validating profile inputs, adapters, and connection

22:29:32.364033 [info ]: dbt 2.0.6
22:29:32.364783 [info ]: Started loading project
22:29:32.367484 [info ]: Loading ~/.dbt/profiles.yml
22:29:32.383920 [info ]: Finished loading project [  0.02s]
22:29:32.384496 [info ]: Started debugging
22:29:32.384734 [info ]: Debugging profile: dev
22:29:32.385468 [info ]: Debugging dbt version: 2.0.6
22:29:32.385899 [info ]: Debugging platform: windows x86_64 (windows)
22:29:32.387197 [info ]: Debugging adapter type: snowflake (remote)
22:29:32.449296 [info ]: Debugging dependencies:
  git: OK
22:29:32.450259 [info ]: Debugging connection:
  "account": "xxx",
  "user": "xxx",
  "database": "xxx",
  "warehouse": "xxx",
  "schema": "xxx",
  "role": "xxx"
22:29:32.451661 [debug]: Snowflake driver resolved: snowflake 0.21.0.dev+dbt0.21.18
22:29:33.447684 [info ]: Debugging connection test: ERROR
22:29:33.448539 [info ]: Finished debugging [  1.06s]
22:29:33.449063 [error]: [AuthenticationFailed (dbt1011)]: dbt was unable to connect to the database configured for the `snowflake` adapter.
The following error was returned:

[Snowflake] 261004 (08004): failed to auth for unknown reason. HTTP: 404, URL: https://xxx.snowflakecomputing.com:443/session/v1/login-request?databaseName=xxx&requestId=0c0a8244-a94a-46a5-7876-f7537d02582c&request_guid=1af47608-c1b3-4b6b-4bc0-9a02b44828ca&roleName=xxx&schemaName=xxx&warehouse=xxx

Check your database credentials and try again. For more information, visit:
https://docs.getdbt.com/docs/core/connect-data-platform/connection-profiles
22:29:33.477960 [info ]: 
==================== Execution Summary =====================
Finished 'init' with 1 error for target 'dev' [25.1s]
==================== 2026-09-21T22:29:48.436354Z | 01a0c616-f50f-76c3-9edd-faa6535f878b ====================
22:29:48.436689 [info ]: Installing dbt project and profile setup
22:29:48.441439 [info ]: Warning A dbt_project.yml already exists in this directory; skipping sample project creation.
22:29:48.442418 [info ]: Info dbt extension already recommended in .vscode/extensions.json, skipping
22:31:38.273553 [info ]: Info Using existing profile 'pipeline_monitoring'
22:31:38.275003 [info ]: Success Set profile 'pipeline_monitoring' in dbt_project.yml
22:31:38.275368 [info ]: Validating profile inputs, adapters, and connection

22:31:38.275691 [info ]: dbt 2.0.6
22:31:38.276524 [info ]: Started loading project
22:31:38.309934 [info ]: Loading ~/.dbt/profiles.yml
22:31:38.311647 [info ]: Finished loading project [  0.04s]
22:31:38.312040 [info ]: Started debugging
22:31:38.312293 [info ]: Debugging profile: dev
22:31:38.312617 [info ]: Debugging dbt version: 2.0.6
22:31:38.312901 [info ]: Debugging platform: windows x86_64 (windows)
22:31:38.313196 [info ]: Debugging adapter type: snowflake (remote)
22:31:38.373861 [info ]: Debugging dependencies:
  git: OK
22:31:38.374757 [info ]: Debugging connection:
  "account": "xxx",
  "user": "xxx",
  "database": "xxx",
  "warehouse": "xxx",
  "schema": "xxx",
  "role": "xxx"
22:31:38.376078 [debug]: Snowflake driver resolved: snowflake 0.21.0.dev+dbt0.21.18
22:31:39.466241 [info ]: Debugging connection test: ERROR
22:31:39.467250 [info ]: Finished debugging [  1.16s]
22:31:39.467880 [error]: [AuthenticationFailed (dbt1011)]: dbt was unable to connect to the database configured for the `snowflake` adapter.
The following error was returned:

[Snowflake] 261004 (08004): failed to auth for unknown reason. HTTP: 404, URL: https://xxx.snowflakecomputing.com:443/session/v1/login-request?databaseName=xxx&requestId=4f7d2d9d-2100-43da-6b73-d217a9f86332&request_guid=49d2e2d4-2bf1-4871-5c7b-2e8f686ee5cc&roleName=xxx&schemaName=xxx&warehouse=xxx

Check your database credentials and try again. For more information, visit:
https://docs.getdbt.com/docs/core/connect-data-platform/connection-profiles
22:31:39.550680 [info ]: 
==================== Execution Summary =====================
Finished 'init' with 1 error for target 'dev' [1m 51s]
==================== 2026-09-21T22:31:43.149158Z | 01a0c618-b529-7273-9d9a-a36c980d931a ====================
22:31:43.149549 [info ]: Installing dbt project and profile setup
22:31:43.153869 [info ]: Warning A dbt_project.yml already exists in this directory; skipping sample project creation.
22:31:43.154894 [info ]: Info dbt extension already recommended in .vscode/extensions.json, skipping
22:31:45.361049 [info ]: Info Setting up your profile...
22:31:45.361981 [info ]: Loading ~/.dbt/profiles.yml
22:31:45.363343 [info ]: Profile 'pipeline_monitoring' already exists. You can choose how to proceed.
22:31:48.770737 [info ]: Info Creating new profile...
22:31:54.272502 [error]: [IoError (dbt1001)]: Profile setup cancelled
22:31:54.305096 [info ]: 
==================== Execution Summary =====================
Finished 'init' with 1 error [11.2s]
==================== 2026-09-21T22:31:57.062740Z | 01a0c618-eb82-7592-bd4e-ab7845adeb76 ====================
22:31:57.063114 [info ]: Installing dbt project and profile setup
22:31:57.067683 [info ]: Warning A dbt_project.yml already exists in this directory; skipping sample project creation.
22:31:57.068583 [info ]: Info dbt extension already recommended in .vscode/extensions.json, skipping
22:31:58.835957 [info ]: Info Skipping profile setup.
22:31:58.836301 [info ]: Validating profile inputs, adapters, and connection

22:31:58.836635 [info ]: dbt 2.0.6
22:31:58.837358 [info ]: Started loading project
22:31:58.840325 [info ]: Loading ~/.dbt/profiles.yml
22:31:58.841930 [info ]: Finished loading project [  0.00s]
22:31:58.842318 [info ]: Started debugging
22:31:58.842568 [info ]: Debugging profile: dev
22:31:58.842822 [info ]: Debugging dbt version: 2.0.6
22:31:58.843132 [info ]: Debugging platform: windows x86_64 (windows)
22:31:58.843457 [info ]: Debugging adapter type: snowflake (remote)
22:31:58.904197 [info ]: Debugging dependencies:
  git: OK
22:31:58.905044 [info ]: Debugging connection:
  "account": "xxx",
  "user": "xxx",
  "database": "xxx",
  "warehouse": "xxx",
  "schema": "xxx",
  "role": "xxx"
22:31:58.906463 [debug]: Snowflake driver resolved: snowflake 0.21.0.dev+dbt0.21.18
22:31:59.989992 [info ]: Debugging connection test: ERROR
22:31:59.990815 [info ]: Finished debugging [  1.15s]
22:31:59.991370 [error]: [AuthenticationFailed (dbt1011)]: dbt was unable to connect to the database configured for the `snowflake` adapter.
The following error was returned:

[Snowflake] 261004 (08004): failed to auth for unknown reason. HTTP: 404, URL: https://xxx.snowflakecomputing.com:443/session/v1/login-request?databaseName=xxx&requestId=3697915f-911d-4348-7c9e-09aacd6fe362&request_guid=388e70d1-1521-46c3-7eeb-2ecdf161ef18&roleName=xxx&schemaName=xxx&warehouse=xxx

Check your database credentials and try again. For more information, visit:
https://docs.getdbt.com/docs/core/connect-data-platform/connection-profiles
22:32:00.023395 [info ]: 
==================== Execution Summary =====================
Finished 'init' with 1 error for target 'dev' [3.0s]
==================== 2026-09-21T22:32:47.492796Z | 01a0c619-b07f-7d81-a7cf-0017127bfdbc ====================
22:32:47.493258 [info ]: Installing dbt project and profile setup
22:32:47.498378 [info ]: Warning A dbt_project.yml already exists in this directory; skipping sample project creation.
22:32:47.499727 [info ]: Info dbt extension already recommended in .vscode/extensions.json, skipping
22:32:50.580772 [info ]: Info Using existing profile 'pipeline_monitoring'
22:32:50.582052 [info ]: Success Set profile 'pipeline_monitoring' in dbt_project.yml
22:32:50.582457 [info ]: Validating profile inputs, adapters, and connection

22:32:50.582712 [info ]: dbt 2.0.6
22:32:50.583485 [info ]: Started loading project
22:32:50.588350 [info ]: Loading profiles.yml
22:32:50.589641 [info ]: Finished loading project [  0.01s]
22:32:50.590776 [error]: [SerializationError (dbt1013)]: YAML error: mapping values are not allowed in this context at line 3 column 10
  --> profiles.yml:3:10
22:32:50.625039 [info ]: 
==================== Execution Summary =====================
Finished 'init' with 1 error [3.1s]
==================== 2026-09-21T22:33:16.137784Z | 01a0c61a-2064-7e53-9763-dc75ee9c4a7c ====================
22:33:16.138295 [info ]: Installing dbt project and profile setup
22:33:16.142915 [info ]: Warning A dbt_project.yml already exists in this directory; skipping sample project creation.
22:33:16.143811 [info ]: Info dbt extension already recommended in .vscode/extensions.json, skipping
22:33:18.293270 [info ]: Info Using existing profile 'pipeline_monitoring'
22:33:18.294496 [info ]: Success Set profile 'pipeline_monitoring' in dbt_project.yml
22:33:18.294857 [info ]: Validating profile inputs, adapters, and connection

22:33:18.295170 [info ]: dbt 2.0.6
22:33:18.295958 [info ]: Started loading project
22:33:18.300076 [info ]: Loading profiles.yml
22:33:18.300889 [info ]: Finished loading project [  0.00s]
22:33:18.301688 [error]: [SerializationError (dbt1013)]: YAML error: mapping values are not allowed in this context at line 3 column 10
  --> profiles.yml:3:10
22:33:18.333480 [info ]: 
==================== Execution Summary =====================
Finished 'init' with 1 error [2.2s]
==================== 2026-09-21T22:34:10.483797Z | 01a0c61a-f4ae-7a43-86d2-b012185b1407 ====================
22:34:10.484227 [info ]: dbt 2.0.6
22:34:10.485050 [info ]: Started loading project
22:34:10.491770 [info ]: Loading profiles.yml
22:34:10.492864 [info ]: Finished loading project [  0.01s]
22:34:10.493730 [error]: [SerializationError (dbt1013)]: YAML error: mapping values are not allowed in this context at line 3 column 10
  --> profiles.yml:3:10
22:34:10.670747 [info ]: 
==================== Execution Summary =====================
Finished 'debug' with 1 error [186ms]
==================== 2026-09-21T22:34:18.140912Z | 01a0c61b-1298-78b0-bcac-5dfbe246a753 ====================
22:34:18.141225 [info ]: dbt 2.0.6
22:34:18.142064 [info ]: Started loading project
22:34:18.147606 [info ]: Loading profiles.yml
22:34:18.149359 [info ]: Finished loading project [  0.01s]
22:34:18.150467 [error]: [SerializationError (dbt1013)]: YAML error: mapping values are not allowed in this context at line 3 column 10
  --> profiles.yml:3:10
22:34:18.306323 [info ]: 
==================== Execution Summary =====================
Finished 'seed' with 1 error [165ms]
==================== 2026-09-21T22:35:09.568058Z | 01a0c61b-db7c-7852-aa85-fde4a6c8a77b ====================
22:35:09.568424 [info ]: Installing dbt project and profile setup
22:35:09.572694 [info ]: Warning A dbt_project.yml already exists in this directory; skipping sample project creation.
22:35:09.573634 [info ]: Info dbt extension already recommended in .vscode/extensions.json, skipping
22:35:11.371380 [info ]: Info Using existing profile 'pipeline_monitoring'
22:35:11.372788 [info ]: Success Set profile 'pipeline_monitoring' in dbt_project.yml
22:35:11.373039 [info ]: Validating profile inputs, adapters, and connection

22:35:11.373353 [info ]: dbt 2.0.6
22:35:11.374259 [info ]: Started loading project
22:35:11.378742 [info ]: Loading profiles.yml
22:35:11.380748 [info ]: Finished loading project [  0.01s]
22:35:11.381153 [info ]: Started debugging
22:35:11.381403 [info ]: Debugging profile: dev
22:35:11.381748 [info ]: Debugging dbt version: 2.0.6
22:35:11.382143 [info ]: Debugging platform: windows x86_64 (windows)
22:35:11.382488 [info ]: Debugging adapter type: duckdb (remote)
22:35:11.442314 [info ]: Debugging dependencies:
  git: OK
22:35:11.443292 [info ]: Debugging connection:
  "path": "monitoring.duckdb"
22:35:11.446651 [debug]: DuckDB driver resolved: duckdb 1.5.4
22:35:12.601305 [debug]: borrow_tlocal_connection() took 1.1568948s
22:35:12.606226 [debug]: create_debug_span(...).entered() took 182.5µs
22:35:12.608907 [debug]: stmt.execute() (submit+wait_for_completion, returns reader) took 570.4µs
22:35:12.608960 [debug]: reader.schema() took 16.6µs
22:35:12.609061 [debug]: do_execute(conn) (closure: stmt.execute + schema + batch loop) took 2.7959ms
22:35:12.609259 [debug]: concat_batches + normalize_result_column_names took 180.5µs
22:35:12.609330 [debug]: record_current_span_status_from_attrs took 56µs
22:35:12.609364 [debug]: Query executed on node unknown:
select 1 as id
22:35:12.609418 [debug]: drop(query_span_guard) (span exit/export) took 73.7µs
22:35:12.609766 [debug]: adapter.execute() (full call, incl. adbc_execute_with_options) took 8.4141ms
22:35:12.609941 [info ]: Debugging connection test: OK (1.2s)
22:35:12.618522 [info ]: Debugged All checks passed!
22:35:12.633418 [info ]: Finished debugging [  1.25s]
22:35:12.690791 [info ]: 
==================== Execution Summary =====================
Finished 'init' successfully for target 'dev' [3.1s]
==================== 2026-09-21T22:35:30.117390Z | 01a0c61c-2bbf-7183-a0e5-62aca0f05210 ====================
22:35:30.117793 [info ]: dbt 2.0.6
22:35:30.118712 [info ]: Started loading project
22:35:30.124997 [info ]: Loading profiles.yml
22:35:30.132151 [debug]:    Started loading packages
22:35:30.133953 [error]: [DuplicateConfigKey (dbt1059)]: Duplicate key `profile`. This key overwrites a previous definition of the same key at line 2 column 1. YAML path: `profile`.
  --> dbt_project.yml:6:1
22:35:30.145185 [debug]:     Loaded [  0.01s] packages
22:35:30.148062 [info ]: Finished loading project [  0.03s]
22:35:30.663140 [info ]: suggestion: Run 'dbt deps' to see the latest fusion compatible packages. For compatibility errors, try the autofix script: https://github.com/dbt-labs/dbt-autofix
22:35:30.663140 [info ]: 
==================== Execution Summary =====================
Finished 'seed' with 1 error for target 'dev' [545ms]
==================== 2026-09-21T22:36:20.896364Z | 01a0c61c-f21a-78c3-aa34-c8fbaa0bf688 ====================
22:36:20.896725 [info ]: dbt 2.0.6
22:36:20.897630 [info ]: Started loading project
22:36:20.903818 [info ]: Loading profiles.yml
22:36:20.909657 [debug]:    Started loading packages
22:36:20.911207 [error]: [DuplicateConfigKey (dbt1059)]: Duplicate key `profile`. This key overwrites a previous definition of the same key at line 2 column 1. YAML path: `profile`.
  --> dbt_project.yml:6:1
22:36:20.919914 [debug]:     Loaded [  0.01s] packages
22:36:20.922166 [info ]: Finished loading project [  0.02s]
22:36:21.451059 [info ]: suggestion: Run 'dbt deps' to see the latest fusion compatible packages. For compatibility errors, try the autofix script: https://github.com/dbt-labs/dbt-autofix
22:36:21.451059 [info ]: 
==================== Execution Summary =====================
Finished 'seed' with 1 error for target 'dev' [554ms]
==================== 2026-09-21T22:36:55.205130Z | 01a0c61d-781f-7fe0-8bec-e3394f336d87 ====================
22:36:55.205490 [info ]: dbt 2.0.6
22:36:55.405439 [info ]: 
==================== Execution Summary =====================
Finished 'deps' successfully [200ms]
==================== 2026-09-21T22:37:00.318832Z | 01a0c61d-8c19-71c1-8dd2-a46508fa45be ====================
22:37:00.319196 [info ]: dbt 2.0.6
22:37:00.320211 [info ]: Started loading project
22:37:00.326555 [info ]: Loading profiles.yml
22:37:00.333105 [debug]:    Started loading packages
22:37:00.334826 [error]: [DuplicateConfigKey (dbt1059)]: Duplicate key `profile`. This key overwrites a previous definition of the same key at line 2 column 1. YAML path: `profile`.
  --> dbt_project.yml:6:1
22:37:00.343418 [debug]:     Loaded [  0.01s] packages
22:37:00.345488 [info ]: Finished loading project [  0.03s]
22:37:00.891845 [info ]: suggestion: Run 'dbt deps' to see the latest fusion compatible packages. For compatibility errors, try the autofix script: https://github.com/dbt-labs/dbt-autofix
22:37:00.891845 [info ]: 
==================== Execution Summary =====================
Finished 'seed' with 1 error for target 'dev' [573ms]
==================== 2026-09-21T22:38:19.797373Z | 01a0c61e-c28f-7b63-9520-a241b3c894be ====================
22:38:19.797825 [info ]: dbt 2.0.6
22:38:19.798732 [info ]: Started loading project
22:38:19.805305 [info ]: Loading profiles.yml
22:38:19.813701 [debug]:    Started loading packages
22:38:19.822362 [debug]:     Loaded [  0.01s] packages
22:38:19.824509 [info ]: Finished loading project [  0.03s]
22:38:19.825759 [info ]: Started parsing
22:38:19.922208 [debug]: Finished parsing models/marts/schema.yml [  0.02s]
22:38:19.936863 [debug]: Finished parsing models/sources.yml [  0.01s]
22:38:20.014059 [debug]: Finished parsing models/intermediate/int_kafka_pipeline_runs.sql [  0.02s]
22:38:20.026934 [debug]: Finished parsing models/marts/fct_pipeline_monitoring.sql [  0.01s]
22:38:20.040329 [debug]: Finished parsing models/staging/stg_flow_b_runs.sql [  0.01s]
22:38:20.052233 [debug]: Finished parsing models/staging/stg_kafka_events.sql [  0.01s]
22:38:20.065949 [debug]: Finished parsing models/staging/stg_pipeline_a_runs.sql [  0.01s]
22:38:20.364025 [info ]: Finished parsing [  0.54s]
22:38:20.366831 [info ]: Started scheduling
22:38:20.367740 [info ]: Finished scheduling [  0.00s]
22:38:20.379142 [info ]: Started building task graph
22:38:20.379959 [info ]: Finished building task graph [  0.00s]
22:38:20.421690 [debug]: DuckDB driver resolved: duckdb 1.5.4
22:38:20.459637 [debug]: create_debug_span(...).entered() took 64.3µs
22:38:20.462167 [debug]: stmt.execute() (submit+wait_for_completion, returns reader) took 493.8µs
22:38:20.462233 [debug]: reader.schema() took 3.2µs
22:38:20.462298 [debug]: batch-consume loop (for res in reader) took 57.2µs
22:38:20.462334 [debug]: do_execute(conn) (closure: stmt.execute + schema + batch loop) took 2.6602ms
22:38:20.462428 [debug]: concat_batches + normalize_result_column_names took 76.6µs
22:38:20.462465 [debug]: record_current_span_status_from_attrs took 12.9µs
22:38:20.462476 [debug]: Query executed on node unknown:
/* {"app": "dbt", "connection_name": "", "dbt_version": "2.0.0", "profile_name": "pipeline_monitoring", "target_name": "dev"} */

    
    select schema_name
    from system.information_schema.schemata
    
    where lower(catalog_name) = '"monitoring"'
    
  
  
22:38:20.462506 [debug]: drop(query_span_guard) (span exit/export) took 36µs
22:38:20.463790 [debug]: create_debug_span(...).entered() took 11.4µs
22:38:20.464713 [debug]: stmt.execute() (submit+wait_for_completion, returns reader) took 355.7µs
22:38:20.464734 [debug]: reader.schema() took 200ns
22:38:20.464759 [debug]: batch-consume loop (for res in reader) took 18.9µs
22:38:20.464797 [debug]: do_execute(conn) (closure: stmt.execute + schema + batch loop) took 987.2µs
22:38:20.464807 [debug]: concat_batches + normalize_result_column_names took 5.1µs
22:38:20.464814 [debug]: record_current_span_status_from_attrs took 1.6µs
22:38:20.464820 [debug]: Query executed on node unknown:
/* {"app": "dbt", "connection_name": "", "dbt_version": "2.0.0", "profile_name": "pipeline_monitoring", "target_name": "dev"} */

    
        select type from duckdb_databases()
        where lower(database_name)='monitoring'
        and type='sqlite'
    
  
22:38:20.464841 [debug]: drop(query_span_guard) (span exit/export) took 22.9µs
22:38:20.465368 [debug]: create_debug_span(...).entered() took 12.6µs
22:38:20.468960 [debug]: stmt.execute() (submit+wait_for_completion, returns reader) took 3.2649ms
22:38:20.468990 [debug]: reader.schema() took 300ns
22:38:20.469019 [debug]: do_execute(conn) (closure: stmt.execute + schema + batch loop) took 3.6308ms
22:38:20.469032 [debug]: concat_batches + normalize_result_column_names took 5.6µs
22:38:20.469039 [debug]: record_current_span_status_from_attrs took 1.7µs
22:38:20.469047 [debug]: Query executed on node unknown:
/* {"app": "dbt", "connection_name": "", "dbt_version": "2.0.0", "profile_name": "pipeline_monitoring", "target_name": "dev"} */

    
    
        create schema if not exists "monitoring"."main_raw"
    
22:38:20.469070 [debug]: drop(query_span_guard) (span exit/export) took 26µs
22:38:20.469731 [info ]: Started rendering (3 nodes)
22:38:20.470178 [info ]: Started seed main_raw.raw_pipeline_a_runs
22:38:20.470252 [debug]: Started rendering seed main_raw.raw_pipeline_a_runs
22:38:20.470368 [info ]: Started seed main_raw.raw_kafka_events
22:38:20.470412 [debug]: Started rendering seed main_raw.raw_kafka_events
22:38:20.470468 [info ]: Started seed main_raw.raw_flow_b_runs
22:38:20.470497 [debug]: Started rendering seed main_raw.raw_flow_b_runs
22:38:20.471248 [debug]: Finished rendering [  0.00s] seed main_raw.raw_flow_b_runs [success]
22:38:20.471852 [info ]: Started running (3 nodes)
22:38:20.472092 [info ]: Started running seed main_raw.raw_flow_b_runs
22:38:20.472133 [debug]: Finished rendering [  0.00s] seed main_raw.raw_pipeline_a_runs [success]
22:38:20.472533 [info ]: Started running seed main_raw.raw_pipeline_a_runs
22:38:20.472639 [debug]: Finished rendering [  0.00s] seed main_raw.raw_kafka_events [success]
22:38:20.473111 [info ]: Finished rendering [  0.00s] (3 nodes, 0 skipped, 0 errors)
22:38:20.473605 [info ]: Started running seed main_raw.raw_kafka_events
22:38:20.494841 [debug]: create_debug_span(...).entered() took 36µs
22:38:20.494841 [debug]: create_debug_span(...).entered() took 35µs
22:38:20.495340 [debug]: create_debug_span(...).entered() took 25.4µs
22:38:20.503325 [debug]: stmt.execute() (submit+wait_for_completion, returns reader) took 5.4017ms
22:38:20.503368 [debug]: reader.schema() took 800ns
22:38:20.503405 [debug]: stmt.execute() (submit+wait_for_completion, returns reader) took 5.4898ms
22:38:20.503427 [debug]: reader.schema() took 500ns
22:38:20.503478 [debug]: stmt.execute() (submit+wait_for_completion, returns reader) took 4.6171ms
22:38:20.503492 [debug]: reader.schema() took 300ns
22:38:20.503491 [debug]: batch-consume loop (for res in reader) took 53µs
22:38:20.503495 [debug]: batch-consume loop (for res in reader) took 112µs
22:38:20.503540 [debug]: batch-consume loop (for res in reader) took 38.2µs
22:38:20.503575 [debug]: do_execute(conn) (closure: stmt.execute + schema + batch loop) took 8.6975ms
22:38:20.503584 [debug]: do_execute(conn) (closure: stmt.execute + schema + batch loop) took 8.215ms
22:38:20.503596 [debug]: do_execute(conn) (closure: stmt.execute + schema + batch loop) took 8.7156ms
22:38:20.503606 [debug]: concat_batches + normalize_result_column_names took 21.4µs
22:38:20.503606 [debug]: concat_batches + normalize_result_column_names took 12.8µs
22:38:20.503621 [debug]: record_current_span_status_from_attrs took 5.7µs
22:38:20.503621 [debug]: record_current_span_status_from_attrs took 5.3µs
22:38:20.503626 [debug]: concat_batches + normalize_result_column_names took 13.4µs
22:38:20.503637 [debug]: Query executed on node seed.pipeline_monitoring.raw_kafka_events:
SELECT table_catalog, table_schema, table_name, table_type FROM information_schema.tables WHERE table_schema = 'main_raw' AND lower(table_catalog) = lower('monitoring')
22:38:20.503637 [debug]: Query executed on node seed.pipeline_monitoring.raw_pipeline_a_runs:
SELECT table_catalog, table_schema, table_name, table_type FROM information_schema.tables WHERE table_schema = 'main_raw' AND lower(table_catalog) = lower('monitoring')
22:38:20.503640 [debug]: record_current_span_status_from_attrs took 2.9µs
22:38:20.503659 [debug]: Query executed on node seed.pipeline_monitoring.raw_flow_b_runs:
SELECT table_catalog, table_schema, table_name, table_type FROM information_schema.tables WHERE table_schema = 'main_raw' AND lower(table_catalog) = lower('monitoring')
22:38:20.503680 [debug]: drop(query_span_guard) (span exit/export) took 48.4µs
22:38:20.503680 [debug]: drop(query_span_guard) (span exit/export) took 48.9µs
22:38:20.503692 [debug]: drop(query_span_guard) (span exit/export) took 39.5µs
22:38:20.515818 [debug]: create_debug_span(...).entered() took 28.5µs
22:38:20.518143 [debug]: create_debug_span(...).entered() took 28.7µs
22:38:20.519989 [debug]: stmt.execute() (submit+wait_for_completion, returns reader) took 3.2998ms
22:38:20.520020 [debug]: reader.schema() took 900ns
22:38:20.520105 [debug]: do_execute(conn) (closure: stmt.execute + schema + batch loop) took 4.249ms
22:38:20.520137 [debug]: concat_batches + normalize_result_column_names took 11µs
22:38:20.520151 [debug]: record_current_span_status_from_attrs took 4.6µs
22:38:20.520172 [debug]: Query executed on node seed.pipeline_monitoring.raw_kafka_events:
/* {"app": "dbt", "dbt_version": "2.0.0", "node_id": "seed.pipeline_monitoring.raw_kafka_events", "profile_name": "pipeline_monitoring", "target_name": "dev"} */

    create table "monitoring"."main_raw"."raw_kafka_events" ("event_id" varchar,"execution_id" varchar,"workflow_name" varchar,"event_type" varchar,"event_ts" timestamp,"sample_id" varchar,"environment" varchar,"processed_records" bigint,"error_text" varchar)
  
22:38:20.520226 [debug]: drop(query_span_guard) (span exit/export) took 60.2µs
22:38:20.520792 [debug]: create_debug_span(...).entered() took 24.1µs
22:38:20.522081 [debug]: stmt.execute() (submit+wait_for_completion, returns reader) took 1.7343ms
22:38:20.522107 [debug]: reader.schema() took 400ns
22:38:20.522151 [debug]: do_execute(conn) (closure: stmt.execute + schema + batch loop) took 3.9799ms
22:38:20.522176 [debug]: concat_batches + normalize_result_column_names took 6.2µs
22:38:20.522188 [debug]: record_current_span_status_from_attrs took 2.4µs
22:38:20.522202 [debug]: Query executed on node seed.pipeline_monitoring.raw_flow_b_runs:
/* {"app": "dbt", "dbt_version": "2.0.0", "node_id": "seed.pipeline_monitoring.raw_flow_b_runs", "profile_name": "pipeline_monitoring", "target_name": "dev"} */

    create table "monitoring"."main_raw"."raw_flow_b_runs" ("flow_id" varchar,"flow_name" varchar,"initiated_at" timestamp,"completed_at" timestamp,"sample_identifier" varchar,"records" bigint,"environment" varchar)
  
22:38:20.522239 [debug]: drop(query_span_guard) (span exit/export) took 40.6µs
22:38:20.524200 [debug]: stmt.execute() (submit+wait_for_completion, returns reader) took 1.5779ms
22:38:20.524232 [debug]: reader.schema() took 400ns
22:38:20.524333 [debug]: do_execute(conn) (closure: stmt.execute + schema + batch loop) took 3.5068ms
22:38:20.524371 [debug]: concat_batches + normalize_result_column_names took 4.8µs
22:38:20.524380 [debug]: record_current_span_status_from_attrs took 1.9µs
22:38:20.524396 [debug]: Query executed on node seed.pipeline_monitoring.raw_pipeline_a_runs:
/* {"app": "dbt", "dbt_version": "2.0.0", "node_id": "seed.pipeline_monitoring.raw_pipeline_a_runs", "profile_name": "pipeline_monitoring", "target_name": "dev"} */

    create table "monitoring"."main_raw"."raw_pipeline_a_runs" ("execution_uuid" varchar,"workflow" varchar,"state" varchar,"start_ts" timestamp,"end_ts" timestamp,"sample" varchar,"credits_used" double,"row_count" bigint,"env" varchar,"err_msg" varchar)
  
22:38:20.524441 [debug]: drop(query_span_guard) (span exit/export) took 51.6µs
22:38:20.526272 [debug]: create_debug_span(...).entered() took 15.6µs
22:38:20.526282 [debug]: create_debug_span(...).entered() took 19.9µs
22:38:20.528236 [debug]: create_debug_span(...).entered() took 33.5µs
22:38:20.540054 [debug]: stmt.execute() (submit+wait_for_completion, returns reader) took 3.5174ms
22:38:20.540106 [debug]: reader.schema() took 900ns
22:38:20.540325 [debug]: do_execute(conn) (closure: stmt.execute + schema + batch loop) took 14.026ms
22:38:20.540360 [debug]: concat_batches + normalize_result_column_names took 14.1µs
22:38:20.540377 [debug]: record_current_span_status_from_attrs took 5.5µs
22:38:20.540395 [debug]: Query executed on node seed.pipeline_monitoring.raw_flow_b_runs:

          COPY "monitoring"."main_raw"."raw_flow_b_runs" FROM 'C:\Users\lepar\Desktop\luka\Practical Introduction to Test-Driven Development\dbt\seeds/raw_flow_b_runs.csv' (FORMAT CSV, HEADER TRUE, DELIMITER ',')
        
22:38:20.540443 [debug]: drop(query_span_guard) (span exit/export) took 52.8µs
22:38:20.541200 [debug]: stmt.execute() (submit+wait_for_completion, returns reader) took 3.1962ms
22:38:20.541224 [debug]: reader.schema() took 700ns
22:38:20.541399 [debug]: do_execute(conn) (closure: stmt.execute + schema + batch loop) took 15.1015ms
22:38:20.541418 [debug]: concat_batches + normalize_result_column_names took 4.2µs
22:38:20.541426 [debug]: record_current_span_status_from_attrs took 2.5µs
22:38:20.541436 [debug]: Query executed on node seed.pipeline_monitoring.raw_kafka_events:

          COPY "monitoring"."main_raw"."raw_kafka_events" FROM 'C:\Users\lepar\Desktop\luka\Practical Introduction to Test-Driven Development\dbt\seeds/raw_kafka_events.csv' (FORMAT CSV, HEADER TRUE, DELIMITER ',')
        
22:38:20.541465 [debug]: drop(query_span_guard) (span exit/export) took 31.5µs
22:38:20.542409 [debug]: stmt.execute() (submit+wait_for_completion, returns reader) took 4.418ms
22:38:20.542431 [debug]: reader.schema() took 300ns
22:38:20.542625 [debug]: do_execute(conn) (closure: stmt.execute + schema + batch loop) took 14.364ms
22:38:20.542645 [debug]: concat_batches + normalize_result_column_names took 3.9µs
22:38:20.542652 [debug]: record_current_span_status_from_attrs took 1.7µs
22:38:20.542661 [debug]: Query executed on node seed.pipeline_monitoring.raw_pipeline_a_runs:

          COPY "monitoring"."main_raw"."raw_pipeline_a_runs" FROM 'C:\Users\lepar\Desktop\luka\Practical Introduction to Test-Driven Development\dbt\seeds/raw_pipeline_a_runs.csv' (FORMAT CSV, HEADER TRUE, DELIMITER ',')
        
22:38:20.542688 [debug]: drop(query_span_guard) (span exit/export) took 29.6µs
22:38:20.543231 [debug]: Writing runtime SQL for node "seed.pipeline_monitoring.raw_flow_b_runs"
22:38:20.543636 [debug]: Writing runtime SQL for node "seed.pipeline_monitoring.raw_kafka_events"
22:38:20.544529 [debug]: Writing runtime SQL for node "seed.pipeline_monitoring.raw_pipeline_a_runs"
22:38:20.552835 [info ]: Finished running [  0.08s] seed main_raw.raw_pipeline_a_runs [success]
22:38:20.553484 [info ]:  Succeeded seed  main_raw.raw_pipeline_a_runs (table) [1 of 3 in 0.08s]
22:38:20.554370 [info ]: Finished running [  0.08s] seed main_raw.raw_flow_b_runs [success]
22:38:20.555370 [info ]:  Succeeded seed  main_raw.raw_flow_b_runs (table) [3 of 3 in 0.08s]
22:38:20.556188 [info ]: Finished running [  0.08s] seed main_raw.raw_kafka_events [success]
22:38:20.556679 [info ]: Finished running [  0.08s] (3 nodes, 0 skipped, 0 errors)
22:38:20.557521 [info ]:  Succeeded seed  main_raw.raw_kafka_events (table) [2 of 3 in 0.08s]
22:38:20.675922 [info ]: 
==================== Execution Summary =====================
Finished 'seed' successfully for target 'dev' [878ms]
Processed: 3 seeds
Summary: 3 total | 3 success
==================== 2026-09-21T22:39:16.791587Z | 01a0c61f-a131-7873-abba-cdbb83a6a327 ====================
22:39:16.791983 [info ]: dbt 2.0.6
22:39:16.793263 [info ]: Started loading project
22:39:16.799285 [info ]: Loading profiles.yml
22:39:16.807109 [debug]:    Started loading packages
22:39:16.815474 [debug]:     Loaded [  0.01s] packages
22:39:16.821298 [info ]: Finished loading project [  0.03s]
22:39:16.822766 [info ]: Started parsing
22:39:16.905534 [debug]: Finished parsing models/marts/schema.yml [  0.00s]
22:39:16.906179 [debug]: Finished parsing models/sources.yml [  0.00s]
22:39:16.912951 [debug]: Finished parsing models/intermediate/int_kafka_pipeline_runs.sql [  0.00s]
22:39:16.914223 [debug]: Finished parsing models/marts/fct_pipeline_monitoring.sql [  0.00s]
22:39:16.915402 [debug]: Finished parsing models/staging/stg_flow_b_runs.sql [  0.00s]
22:39:16.916315 [debug]: Finished parsing models/staging/stg_kafka_events.sql [  0.00s]
22:39:16.917259 [debug]: Finished parsing models/staging/stg_pipeline_a_runs.sql [  0.00s]
22:39:16.921957 [debug]: Finished parsing target\inline_da12fdc3.sql [  0.02s]
22:39:17.244291 [info ]: Finished parsing [  0.42s]
22:39:17.246320 [info ]: Started scheduling
22:39:17.247333 [info ]: Finished scheduling [  0.00s]
22:39:17.288443 [info ]: Started building task graph
22:39:17.288976 [info ]: Finished building task graph [  0.00s]
22:39:17.295223 [info ]: Started rendering (1 nodes)
22:39:17.295504 [info ]: Started model main.inline
22:39:17.295550 [debug]: Started rendering model main.inline
22:39:17.302598 [debug]: Compiled SQL for node model..inline at target\compiled\target\inline_da12fdc3.sql
22:39:17.302987 [debug]: Finished rendering [  0.01s] model main.inline [success]
22:39:17.304055 [info ]: Finished rendering [  0.01s] (1 nodes, 0 skipped, 0 errors)
22:39:17.304398 [info ]: Started analyzing (1 nodes)
22:39:17.304564 [debug]: Started analyzing model main.inline
22:39:17.315681 [warn ]: [SyntaxInvalid (dbt0101)]: extraneous input ':' expecting one of <EOF>, ';'
  --> target/inline_da12fdc3.sql:2:1 (target\compiled\target\inline_da12fdc3.sql:2:1)
22:39:17.315967 [debug]: Finished analyzing [  0.01s] model main.inline [success]
22:39:17.316535 [info ]: Finished analyzing [  0.01s] (1 nodes, 0 skipped, 0 errors)
22:39:17.316905 [info ]: Started running (1 nodes)
22:39:17.317139 [info ]: Started running model main.inline
22:39:17.320769 [debug]: DuckDB driver resolved: duckdb 1.5.4
22:39:17.373119 [error]: [Generic (dbt1000)]: Internal: Parser Error: syntax error at or near ":"

LINE 4: :
        ^ (sqlstate: [0, 0, 0, 0, 0], vendor_code: -2147483648)
22:39:17.373363 [info ]: Finished running [  0.06s] model main.inline [error]
22:39:17.373871 [info ]: Finished running [  0.06s] (1 nodes, 0 skipped, 1 errors)
22:39:17.374504 [info ]:     Failed model main.inline (ephemeral) [1 of 1 in 0.07s]
22:39:17.479906 [info ]: 
==================== Execution Summary =====================
Finished 'show' with 1 warning and 1 error for target 'dev' [688ms]
==================== 2026-09-21T22:39:21.849330Z | 01a0c61f-b4f3-77a3-b4b1-4f9eb1921b9d ====================
22:39:21.849679 [info ]: dbt 2.0.6
22:39:21.850834 [info ]: Started loading project
22:39:21.857416 [info ]: Loading profiles.yml
22:39:21.864657 [debug]:    Started loading packages
22:39:21.874977 [debug]:     Loaded [  0.01s] packages
22:39:21.879539 [info ]: Finished loading project [  0.03s]
22:39:21.881074 [info ]: Started parsing
22:39:21.954504 [debug]: Finished parsing models/marts/schema.yml [  0.00s]
22:39:21.955112 [debug]: Finished parsing models/sources.yml [  0.00s]
22:39:21.966462 [debug]: Finished parsing models/intermediate/int_kafka_pipeline_runs.sql [  0.00s]
22:39:21.967702 [debug]: Finished parsing models/marts/fct_pipeline_monitoring.sql [  0.00s]
22:39:21.969245 [debug]: Finished parsing models/staging/stg_flow_b_runs.sql [  0.00s]
22:39:21.970232 [debug]: Finished parsing models/staging/stg_kafka_events.sql [  0.00s]
22:39:21.971130 [debug]: Finished parsing models/staging/stg_pipeline_a_runs.sql [  0.00s]
22:39:21.973799 [debug]: Finished parsing target\inline_191e0dc5.sql [  0.02s]
22:39:22.292955 [info ]: Finished parsing [  0.41s]
22:39:22.295733 [info ]: Started scheduling
22:39:22.296293 [info ]: Finished scheduling [  0.00s]
22:39:22.309304 [info ]: Started building task graph
22:39:22.309760 [info ]: Finished building task graph [  0.00s]
22:39:22.315028 [info ]: Started rendering (1 nodes)
22:39:22.315309 [info ]: Started model main.inline
22:39:22.315351 [debug]: Started rendering model main.inline
22:39:22.332368 [debug]: Compiled SQL for node model..inline at target\compiled\target\inline_191e0dc5.sql
22:39:22.333193 [debug]: Finished rendering [  0.02s] model main.inline [success]
22:39:22.333750 [info ]: Finished rendering [  0.02s] (1 nodes, 0 skipped, 0 errors)
22:39:22.334215 [info ]: Started analyzing (1 nodes)
22:39:22.334457 [debug]: Started analyzing model main.inline
22:39:22.343652 [debug]: Finished analyzing [  0.01s] model main.inline [success]
22:39:22.344181 [info ]: Finished analyzing [  0.01s] (1 nodes, 0 skipped, 0 errors)
22:39:22.344617 [info ]: Started running (1 nodes)
22:39:22.344957 [info ]: Started running model main.inline
22:39:22.347912 [debug]: DuckDB driver resolved: duckdb 1.5.4
22:39:22.392445 [error]: [Generic (dbt1000)]: Internal: Catalog Error: Table with name "raw.raw_pipeline_a_runs" does not exist because schema "raw" does not exist.

LINE 3:   select * from raw.raw_pipeline_a_runs
                        ^ (sqlstate: [0, 0, 0, 0, 0], vendor_code: -2147483648)
22:39:22.392739 [info ]: Finished running [  0.05s] model main.inline [error]
22:39:22.393447 [info ]: Finished running [  0.05s] (1 nodes, 0 skipped, 1 errors)
22:39:22.394109 [info ]:     Failed model main.inline (ephemeral) [1 of 1 in 0.07s]
22:39:22.466952 [info ]: 
==================== Execution Summary =====================
Finished 'show' with 1 error for target 'dev' [617ms]
==================== 2026-09-21T22:39:29.963438Z | 01a0c61f-d4a5-7f30-8ca2-d88f6fc22d70 ====================
22:39:29.963840 [info ]: dbt 2.0.6
22:39:29.965027 [info ]: Started loading project
22:39:29.971185 [info ]: Loading profiles.yml
22:39:29.991579 [debug]:    Started loading packages
22:39:30.000224 [debug]:     Loaded [  0.01s] packages
22:39:30.005072 [info ]: Finished loading project [  0.04s]
22:39:30.006395 [info ]: Started parsing
22:39:30.087761 [debug]: Finished parsing models/marts/schema.yml [  0.00s]
22:39:30.088414 [debug]: Finished parsing models/sources.yml [  0.00s]
22:39:30.097086 [debug]: Finished parsing models/intermediate/int_kafka_pipeline_runs.sql [  0.00s]
22:39:30.098298 [debug]: Finished parsing models/marts/fct_pipeline_monitoring.sql [  0.00s]
22:39:30.099201 [debug]: Finished parsing models/staging/stg_flow_b_runs.sql [  0.00s]
22:39:30.100034 [debug]: Finished parsing models/staging/stg_kafka_events.sql [  0.00s]
22:39:30.100933 [debug]: Finished parsing models/staging/stg_pipeline_a_runs.sql [  0.00s]
22:39:30.102814 [debug]: Finished parsing target\inline_58f91db0.sql [  0.01s]
22:39:30.404384 [info ]: Finished parsing [  0.40s]
22:39:30.406365 [info ]: Started scheduling
22:39:30.406995 [info ]: Finished scheduling [  0.00s]
22:39:30.421503 [info ]: Started building task graph
22:39:30.422137 [info ]: Finished building task graph [  0.00s]
22:39:30.429904 [info ]: Started rendering (1 nodes)
22:39:30.430210 [info ]: Started model main.inline
22:39:30.430286 [debug]: Started rendering model main.inline
22:39:30.433623 [debug]: Compiled SQL for node model..inline at target\compiled\target\inline_58f91db0.sql
22:39:30.434808 [debug]: Finished rendering [  0.00s] model main.inline [success]
22:39:30.437767 [info ]: Finished rendering [  0.01s] (1 nodes, 0 skipped, 0 errors)
22:39:30.438302 [info ]: Started analyzing (1 nodes)
22:39:30.438565 [debug]: Started analyzing model main.inline
22:39:30.447410 [debug]: Finished analyzing [  0.01s] model main.inline [success]
22:39:30.447847 [info ]: Finished analyzing [  0.01s] (1 nodes, 0 skipped, 0 errors)
22:39:30.448336 [info ]: Started running (1 nodes)
22:39:30.448546 [info ]: Started running model main.inline
22:39:30.452353 [debug]: DuckDB driver resolved: duckdb 1.5.4
22:39:30.494446 [debug]: Query executed on node unknown:

  
  select * from main_raw.raw_pipeline_a_runs
  
  limit 10

22:39:30.495899 [info ]: [34m[1mQuery[0m [1mshow_sql_operation_inline[0m
┌────────────────┬──────────────┬───────────┬─────────────────────┬─────────────────────┬────────┬──────────────┬───────────┬─────────┬────────────────────┐
│[1m execution_uuid [0m┆[1m workflow     [0m┆[1m state     [0m┆[1m start_ts            [0m┆[1m end_ts              [0m┆[1m sample [0m┆[1m credits_used [0m┆[1m row_count [0m┆[1m env     [0m┆[1m err_msg            [0m│
╞════════════════╪══════════════╪═══════════╪═════════════════════╪═════════════════════╪════════╪══════════════╪═══════════╪═════════╪════════════════════╡
│ A-1001         ┆ WGS_GERMLINE ┆ COMPLETED ┆ 2026-09-20T08:00:00 ┆ 2026-09-20T08:42:10 ┆ S001   ┆ 1.84         ┆ 1843321   ┆ prod    ┆                    │
│ A-1002         ┆ WGS_GERMLINE ┆ FAILED    ┆ 2026-09-20T09:10:00 ┆ 2026-09-20T09:24:35 ┆ S002   ┆ 0.71         ┆ 523004    ┆ prod    ┆ Alignment process  │
│                ┆              ┆           ┆                     ┆                     ┆        ┆              ┆           ┆         ┆ exited with code 1 │
│ A-1003         ┆ WGS_GERMLINE ┆ RUNNING   ┆ 2026-09-20T10:05:00 ┆                     ┆ S003   ┆ 0.93         ┆ 821550    ┆ prod    ┆                    │
│ A-1004         ┆ RNA_SEQ      ┆ SUCCEEDED ┆ 2026-09-20T11:00:00 ┆ 2026-09-20T11:18:20 ┆ S004   ┆ 0.62         ┆ 934441    ┆ staging ┆                    │
└────────────────┴──────────────┴───────────┴─────────────────────┴─────────────────────┴────────┴──────────────┴───────────┴─────────┴────────────────────┘
4 rows.
22:39:30.497221 [info ]: Finished running [  0.05s] model main.inline [success]
22:39:30.497678 [info ]: Finished running [  0.05s] (1 nodes, 0 skipped, 0 errors)
22:39:30.498303 [info ]:  Succeeded model main.inline (ephemeral) [1 of 1 in 0.06s]
22:39:30.574989 [info ]: 
==================== Execution Summary =====================
Finished 'show' successfully for target 'dev' [611ms]
==================== 2026-09-21T22:40:11.420830Z | 01a0c620-7697-7852-85e9-6749fa3096bd ====================
22:40:11.421214 [info ]: dbt 2.0.6
22:40:11.422301 [info ]: Started loading project
22:40:11.428292 [info ]: Loading profiles.yml
22:40:11.436436 [debug]:    Started loading packages
22:40:11.448879 [debug]:     Loaded [  0.01s] packages
22:40:11.454335 [info ]: Finished loading project [  0.03s]
22:40:11.455794 [info ]: Started parsing
22:40:11.539168 [debug]: Finished parsing models/marts/schema.yml [  0.00s]
22:40:11.540363 [debug]: Finished parsing models/sources.yml [  0.00s]
22:40:11.548199 [debug]: Finished parsing models/intermediate/int_kafka_pipeline_runs.sql [  0.00s]
22:40:11.549273 [debug]: Finished parsing models/marts/fct_pipeline_monitoring.sql [  0.00s]
22:40:11.550115 [debug]: Finished parsing models/staging/stg_flow_b_runs.sql [  0.00s]
22:40:11.551161 [debug]: Finished parsing models/staging/stg_kafka_events.sql [  0.00s]
22:40:11.551710 [debug]: Finished parsing target\inline_5f8c54fb.sql [  0.01s]
22:40:11.551949 [debug]: Finished parsing models/staging/stg_pipeline_a_runs.sql [  0.00s]
22:40:11.865478 [info ]: Finished parsing [  0.41s]
22:40:11.867492 [info ]: Started scheduling
22:40:11.868119 [info ]: Finished scheduling [  0.00s]
22:40:11.879361 [info ]: Started building task graph
22:40:11.879864 [info ]: Finished building task graph [  0.00s]
22:40:11.886032 [info ]: Started rendering (1 nodes)
22:40:11.886387 [info ]: Started model main.inline
22:40:11.886433 [debug]: Started rendering model main.inline
22:40:11.889962 [debug]: Compiled SQL for node model..inline at target\compiled\target\inline_5f8c54fb.sql
22:40:11.890320 [debug]: Finished rendering [  0.00s] model main.inline [success]
22:40:11.890797 [info ]: Finished rendering [  0.00s] (1 nodes, 0 skipped, 0 errors)
22:40:11.891282 [info ]: Started analyzing (1 nodes)
22:40:11.891453 [debug]: Started analyzing model main.inline
22:40:11.900621 [debug]: Finished analyzing [  0.01s] model main.inline [success]
22:40:11.901138 [info ]: Finished analyzing [  0.01s] (1 nodes, 0 skipped, 0 errors)
22:40:11.901746 [info ]: Started running (1 nodes)
22:40:11.901971 [info ]: Started running model main.inline
22:40:11.905138 [debug]: DuckDB driver resolved: duckdb 1.5.4
22:40:11.945791 [error]: [Generic (dbt1000)]: Internal: Catalog Error: Table with name raw_pipeline_b_runs does not exist!
Did you mean "raw_pipeline_a_runs"?

LINE 3:   select * from main_raw.raw_pipeline_b_runs
                        ^ (sqlstate: [0, 0, 0, 0, 0], vendor_code: -2147483648)
22:40:11.946064 [info ]: Finished running [  0.04s] model main.inline [error]
22:40:11.946574 [info ]: Finished running [  0.04s] (1 nodes, 0 skipped, 1 errors)
22:40:11.947172 [info ]:     Failed model main.inline (ephemeral) [1 of 1 in 0.06s]
22:40:12.022763 [info ]: 
==================== Execution Summary =====================
Finished 'show' with 1 error for target 'dev' [601ms]
==================== 2026-09-21T22:40:27.101832Z | 01a0c620-b3d8-7e83-ac75-ef6cc9e6ffa2 ====================
22:40:27.102241 [info ]: dbt 2.0.6
22:40:27.103386 [info ]: Started loading project
22:40:27.109532 [info ]: Loading profiles.yml
22:40:27.117202 [debug]:    Started loading packages
22:40:27.126031 [debug]:     Loaded [  0.01s] packages
22:40:27.131218 [info ]: Finished loading project [  0.03s]
22:40:27.132558 [info ]: Started parsing
22:40:27.208003 [debug]: Finished parsing models/marts/schema.yml [  0.00s]
22:40:27.208643 [debug]: Finished parsing models/sources.yml [  0.00s]
22:40:27.215857 [debug]: Finished parsing models/intermediate/int_kafka_pipeline_runs.sql [  0.00s]
22:40:27.216956 [debug]: Finished parsing models/marts/fct_pipeline_monitoring.sql [  0.00s]
22:40:27.218263 [debug]: Finished parsing models/staging/stg_flow_b_runs.sql [  0.00s]
22:40:27.220233 [debug]: Finished parsing models/staging/stg_kafka_events.sql [  0.00s]
22:40:27.221244 [debug]: Finished parsing models/staging/stg_pipeline_a_runs.sql [  0.00s]
22:40:27.224440 [debug]: Finished parsing target\inline_6f7b2b7d.sql [  0.02s]
22:40:27.531926 [info ]: Finished parsing [  0.40s]
22:40:27.533775 [info ]: Started scheduling
22:40:27.534471 [info ]: Finished scheduling [  0.00s]
22:40:27.547382 [info ]: Started building task graph
22:40:27.547850 [info ]: Finished building task graph [  0.00s]
22:40:27.553743 [info ]: Started rendering (1 nodes)
22:40:27.554024 [info ]: Started model main.inline
22:40:27.554070 [debug]: Started rendering model main.inline
22:40:27.575988 [debug]: Compiled SQL for node model..inline at target\compiled\target\inline_6f7b2b7d.sql
22:40:27.576490 [debug]: Finished rendering [  0.02s] model main.inline [success]
22:40:27.577041 [info ]: Finished rendering [  0.02s] (1 nodes, 0 skipped, 0 errors)
22:40:27.577538 [info ]: Started analyzing (1 nodes)
22:40:27.577730 [debug]: Started analyzing model main.inline
22:40:27.585652 [debug]: Finished analyzing [  0.01s] model main.inline [success]
22:40:27.586216 [info ]: Finished analyzing [  0.01s] (1 nodes, 0 skipped, 0 errors)
22:40:27.586652 [info ]: Started running (1 nodes)
22:40:27.586887 [info ]: Started running model main.inline
22:40:27.589939 [debug]: DuckDB driver resolved: duckdb 1.5.4
22:40:27.631607 [debug]: Query executed on node unknown:

  
  select * from main_raw.raw_flow_b_runs
  
  limit 10

22:40:27.632807 [info ]: [34m[1mQuery[0m [1mshow_sql_operation_inline[0m
┌─────────┬────────────────────┬─────────────────────┬─────────────────────┬───────────────────┬─────────┬─────────────┐
│[1m flow_id [0m┆[1m flow_name          [0m┆[1m initiated_at        [0m┆[1m completed_at        [0m┆[1m sample_identifier [0m┆[1m records [0m┆[1m environment [0m│
╞═════════╪════════════════════╪═════════════════════╪═════════════════════╪═══════════════════╪═════════╪═════════════╡
│ B-2001  ┆ VARIANT_ANNOTATION ┆ 2026-09-20T07:45:00 ┆ 2026-09-20T07:53:12 ┆ S011              ┆ 125440  ┆ prod        │
│ B-2002  ┆ VARIANT_ANNOTATION ┆ 2026-09-20T08:15:00 ┆ 2026-09-20T08:21:30 ┆ S012              ┆ 129010  ┆ prod        │
│ B-2003  ┆ QC_REPORT          ┆ 2026-09-20T09:00:00 ┆ 2026-09-20T09:02:05 ┆ S013              ┆ 44      ┆ staging     │
└─────────┴────────────────────┴─────────────────────┴─────────────────────┴───────────────────┴─────────┴─────────────┘
3 rows.
22:40:27.633684 [info ]: Finished running [  0.05s] model main.inline [success]
22:40:27.634139 [info ]: Finished running [  0.05s] (1 nodes, 0 skipped, 0 errors)
22:40:27.634924 [info ]:  Succeeded model main.inline (ephemeral) [1 of 1 in 0.07s]
22:40:27.709003 [info ]: 
==================== Execution Summary =====================
Finished 'show' successfully for target 'dev' [607ms]
==================== 2026-09-21T22:40:45.061891Z | 01a0c620-fa00-7170-a297-f9628481f73a ====================
22:40:45.062278 [info ]: dbt 2.0.6
22:40:45.063368 [info ]: Started loading project
22:40:45.070046 [info ]: Loading profiles.yml
22:40:45.079344 [debug]:    Started loading packages
22:40:45.089331 [debug]:     Loaded [  0.01s] packages
22:40:45.093223 [info ]: Finished loading project [  0.03s]
22:40:45.094534 [info ]: Started parsing
22:40:45.174763 [debug]: Finished parsing models/marts/schema.yml [  0.00s]
22:40:45.175402 [debug]: Finished parsing models/sources.yml [  0.00s]
22:40:45.182787 [debug]: Finished parsing models/intermediate/int_kafka_pipeline_runs.sql [  0.00s]
22:40:45.183781 [debug]: Finished parsing models/marts/fct_pipeline_monitoring.sql [  0.00s]
22:40:45.184967 [debug]: Finished parsing models/staging/stg_flow_b_runs.sql [  0.00s]
22:40:45.185960 [debug]: Finished parsing models/staging/stg_kafka_events.sql [  0.00s]
22:40:45.186811 [debug]: Finished parsing models/staging/stg_pipeline_a_runs.sql [  0.00s]
22:40:45.191878 [debug]: Finished parsing target\inline_13d2fdcf.sql [  0.02s]
22:40:45.513137 [info ]: Finished parsing [  0.42s]
22:40:45.515437 [info ]: Started scheduling
22:40:45.516053 [info ]: Finished scheduling [  0.00s]
22:40:45.528394 [info ]: Started building task graph
22:40:45.528999 [info ]: Finished building task graph [  0.00s]
22:40:45.537830 [info ]: Started rendering (1 nodes)
22:40:45.538208 [info ]: Started model main.inline
22:40:45.538238 [debug]: Started rendering model main.inline
22:40:45.542109 [debug]: Compiled SQL for node model..inline at target\compiled\target\inline_13d2fdcf.sql
22:40:45.542789 [debug]: Finished rendering [  0.00s] model main.inline [success]
22:40:45.543273 [info ]: Finished rendering [  0.01s] (1 nodes, 0 skipped, 0 errors)
22:40:45.543869 [info ]: Started analyzing (1 nodes)
22:40:45.544157 [debug]: Started analyzing model main.inline
22:40:45.554854 [debug]: Finished analyzing [  0.01s] model main.inline [success]
22:40:45.555269 [info ]: Finished analyzing [  0.01s] (1 nodes, 0 skipped, 0 errors)
22:40:45.555762 [info ]: Started running (1 nodes)
22:40:45.556048 [info ]: Started running model main.inline
22:40:45.559147 [debug]: DuckDB driver resolved: duckdb 1.5.4
22:40:45.604765 [error]: [Generic (dbt1000)]: Internal: Parser Error: syntax error at or near "limit"

LINE 5:   limit 10
          ^ (sqlstate: [0, 0, 0, 0, 0], vendor_code: -2147483648)
22:40:45.605029 [info ]: Finished running [  0.05s] model main.inline [error]
22:40:45.605508 [info ]: Finished running [  0.05s] (1 nodes, 0 skipped, 1 errors)
22:40:45.606130 [info ]:     Failed model main.inline (ephemeral) [1 of 1 in 0.06s]
22:40:45.737719 [info ]: 
==================== Execution Summary =====================
Finished 'show' with 1 error for target 'dev' [675ms]
==================== 2026-09-21T22:40:50.152150Z | 01a0c621-0de2-7d41-9e58-2631d8036d1d ====================
22:40:50.152517 [info ]: dbt 2.0.6
22:40:50.153632 [info ]: Started loading project
22:40:50.160097 [info ]: Loading profiles.yml
22:40:50.180630 [debug]:    Started loading packages
22:40:50.189142 [debug]:     Loaded [  0.01s] packages
22:40:50.193606 [info ]: Finished loading project [  0.04s]
22:40:50.195016 [info ]: Started parsing
22:40:50.273875 [debug]: Finished parsing models/marts/schema.yml [  0.00s]
22:40:50.274435 [debug]: Finished parsing models/sources.yml [  0.00s]
22:40:50.282493 [debug]: Finished parsing models/intermediate/int_kafka_pipeline_runs.sql [  0.00s]
22:40:50.283725 [debug]: Finished parsing models/marts/fct_pipeline_monitoring.sql [  0.00s]
22:40:50.284696 [debug]: Finished parsing models/staging/stg_flow_b_runs.sql [  0.00s]
22:40:50.285629 [debug]: Finished parsing models/staging/stg_kafka_events.sql [  0.00s]
22:40:50.286422 [debug]: Finished parsing models/staging/stg_pipeline_a_runs.sql [  0.00s]
22:40:50.288096 [debug]: Finished parsing target\inline_541cdd26.sql [  0.01s]
22:40:50.585019 [info ]: Finished parsing [  0.39s]
22:40:50.587280 [info ]: Started scheduling
22:40:50.587932 [info ]: Finished scheduling [  0.00s]
22:40:50.600109 [info ]: Started building task graph
22:40:50.601051 [info ]: Finished building task graph [  0.00s]
22:40:50.607969 [info ]: Started rendering (1 nodes)
22:40:50.608343 [info ]: Started model main.inline
22:40:50.608406 [debug]: Started rendering model main.inline
22:40:50.613017 [debug]: Compiled SQL for node model..inline at target\compiled\target\inline_541cdd26.sql
22:40:50.613582 [debug]: Finished rendering [  0.01s] model main.inline [success]
22:40:50.615004 [info ]: Finished rendering [  0.01s] (1 nodes, 0 skipped, 0 errors)
22:40:50.615557 [info ]: Started analyzing (1 nodes)
22:40:50.615867 [debug]: Started analyzing model main.inline
22:40:50.627862 [debug]: Finished analyzing [  0.01s] model main.inline [success]
22:40:50.628610 [info ]: Finished analyzing [  0.01s] (1 nodes, 0 skipped, 0 errors)
22:40:50.629093 [info ]: Started running (1 nodes)
22:40:50.629365 [info ]: Started running model main.inline
22:40:50.632398 [debug]: DuckDB driver resolved: duckdb 1.5.4
22:40:50.671898 [error]: [Generic (dbt1000)]: Internal: Parser Error: syntax error at or near "limit"

LINE 5:   limit 10
          ^ (sqlstate: [0, 0, 0, 0, 0], vendor_code: -2147483648)
22:40:50.672153 [info ]: Finished running [  0.04s] model main.inline [error]
22:40:50.672653 [info ]: Finished running [  0.04s] (1 nodes, 0 skipped, 1 errors)
22:40:50.673272 [info ]:     Failed model main.inline (ephemeral) [1 of 1 in 0.06s]
22:40:50.745120 [info ]: 
==================== Execution Summary =====================
Finished 'show' with 1 error for target 'dev' [592ms]
==================== 2026-09-21T22:41:04.802356Z | 01a0c621-471c-7d63-8630-9809bc15b056 ====================
22:41:04.802761 [info ]: dbt 2.0.6
22:41:04.804111 [info ]: Started loading project
22:41:04.810261 [info ]: Loading profiles.yml
22:41:04.818913 [debug]:    Started loading packages
22:41:04.827737 [debug]:     Loaded [  0.01s] packages
22:41:04.844912 [info ]: Finished loading project [  0.04s]
22:41:04.846328 [info ]: Started parsing
22:41:04.924172 [debug]: Finished parsing models/marts/schema.yml [  0.00s]
22:41:04.924936 [debug]: Finished parsing models/sources.yml [  0.00s]
22:41:04.929573 [debug]: Finished parsing target\inline_39fb6612.sql [  0.00s]
22:41:04.931699 [debug]: Finished parsing models/intermediate/int_kafka_pipeline_runs.sql [  0.00s]
22:41:04.932778 [debug]: Finished parsing models/marts/fct_pipeline_monitoring.sql [  0.00s]
22:41:04.933585 [debug]: Finished parsing models/staging/stg_flow_b_runs.sql [  0.00s]
22:41:04.934482 [debug]: Finished parsing models/staging/stg_kafka_events.sql [  0.00s]
22:41:04.935413 [debug]: Finished parsing models/staging/stg_pipeline_a_runs.sql [  0.00s]
22:41:05.243387 [info ]: Finished parsing [  0.40s]
22:41:05.245510 [info ]: Started scheduling
22:41:05.246012 [info ]: Finished scheduling [  0.00s]
22:41:05.258706 [info ]: Started building task graph
22:41:05.259216 [info ]: Finished building task graph [  0.00s]
22:41:05.265057 [info ]: Started rendering (1 nodes)
22:41:05.265351 [info ]: Started model main.inline
22:41:05.265387 [debug]: Started rendering model main.inline
22:41:05.270913 [debug]: Compiled SQL for node model..inline at target\compiled\target\inline_39fb6612.sql
22:41:05.271491 [debug]: Finished rendering [  0.01s] model main.inline [success]
22:41:05.274221 [info ]: Finished rendering [  0.01s] (1 nodes, 0 skipped, 0 errors)
22:41:05.274729 [info ]: Started analyzing (1 nodes)
22:41:05.274952 [debug]: Started analyzing model main.inline
22:41:05.288573 [debug]: Finished analyzing [  0.01s] model main.inline [success]
22:41:05.289097 [info ]: Finished analyzing [  0.01s] (1 nodes, 0 skipped, 0 errors)
22:41:05.289564 [info ]: Started running (1 nodes)
22:41:05.289863 [info ]: Started running model main.inline
22:41:05.293517 [debug]: DuckDB driver resolved: duckdb 1.5.4
22:41:05.334546 [debug]: Query executed on node unknown:

  
  select * from main_raw.raw_flow_b_runs
  
  limit 10

22:41:05.335728 [info ]: [34m[1mQuery[0m [1mshow_sql_operation_inline[0m
┌─────────┬────────────────────┬─────────────────────┬─────────────────────┬───────────────────┬─────────┬─────────────┐
│[1m flow_id [0m┆[1m flow_name          [0m┆[1m initiated_at        [0m┆[1m completed_at        [0m┆[1m sample_identifier [0m┆[1m records [0m┆[1m environment [0m│
╞═════════╪════════════════════╪═════════════════════╪═════════════════════╪═══════════════════╪═════════╪═════════════╡
│ B-2001  ┆ VARIANT_ANNOTATION ┆ 2026-09-20T07:45:00 ┆ 2026-09-20T07:53:12 ┆ S011              ┆ 125440  ┆ prod        │
│ B-2002  ┆ VARIANT_ANNOTATION ┆ 2026-09-20T08:15:00 ┆ 2026-09-20T08:21:30 ┆ S012              ┆ 129010  ┆ prod        │
│ B-2003  ┆ QC_REPORT          ┆ 2026-09-20T09:00:00 ┆ 2026-09-20T09:02:05 ┆ S013              ┆ 44      ┆ staging     │
└─────────┴────────────────────┴─────────────────────┴─────────────────────┴───────────────────┴─────────┴─────────────┘
3 rows.
22:41:05.336719 [info ]: Finished running [  0.05s] model main.inline [success]
22:41:05.337165 [info ]: Finished running [  0.05s] (1 nodes, 0 skipped, 0 errors)
22:41:05.337738 [info ]:  Succeeded model main.inline (ephemeral) [1 of 1 in 0.07s]
22:41:05.411122 [info ]: 
==================== Execution Summary =====================
Finished 'show' successfully for target 'dev' [608ms]
==================== 2026-09-21T22:41:20.640225Z | 01a0c621-84fa-7ae0-bbba-4b30280e14de ====================
22:41:20.640590 [info ]: dbt 2.0.6
22:41:20.641713 [info ]: Started loading project
22:41:20.647961 [info ]: Loading profiles.yml
22:41:20.656846 [debug]:    Started loading packages
22:41:20.666529 [debug]:     Loaded [  0.01s] packages
22:41:20.684204 [info ]: Finished loading project [  0.04s]
22:41:20.686285 [info ]: Started parsing
22:41:20.767656 [debug]: Finished parsing models/marts/schema.yml [  0.00s]
22:41:20.768293 [debug]: Finished parsing models/sources.yml [  0.00s]
22:41:20.771960 [debug]: Finished parsing target\inline_94ff987a.sql [  0.00s]
22:41:20.774913 [debug]: Finished parsing models/intermediate/int_kafka_pipeline_runs.sql [  0.00s]
22:41:20.775922 [debug]: Finished parsing models/marts/fct_pipeline_monitoring.sql [  0.00s]
22:41:20.776920 [debug]: Finished parsing models/staging/stg_flow_b_runs.sql [  0.00s]
22:41:20.777732 [debug]: Finished parsing models/staging/stg_kafka_events.sql [  0.00s]
22:41:20.778797 [debug]: Finished parsing models/staging/stg_pipeline_a_runs.sql [  0.00s]
22:41:21.075437 [info ]: Finished parsing [  0.39s]
22:41:21.077281 [info ]: Started scheduling
22:41:21.077751 [info ]: Finished scheduling [  0.00s]
22:41:21.089252 [info ]: Started building task graph
22:41:21.089714 [info ]: Finished building task graph [  0.00s]
22:41:21.096631 [info ]: Started rendering (1 nodes)
22:41:21.096982 [info ]: Started model main.inline
22:41:21.097015 [debug]: Started rendering model main.inline
22:41:21.101101 [debug]: Compiled SQL for node model..inline at target\compiled\target\inline_94ff987a.sql
22:41:21.101447 [debug]: Finished rendering [  0.00s] model main.inline [success]
22:41:21.101776 [info ]: Finished rendering [  0.01s] (1 nodes, 0 skipped, 0 errors)
22:41:21.102127 [info ]: Started analyzing (1 nodes)
22:41:21.102281 [debug]: Started analyzing model main.inline
22:41:21.112676 [debug]: Finished analyzing [  0.01s] model main.inline [success]
22:41:21.113522 [info ]: Finished analyzing [  0.01s] (1 nodes, 0 skipped, 0 errors)
22:41:21.114019 [info ]: Started running (1 nodes)
22:41:21.114272 [info ]: Started running model main.inline
22:41:21.117785 [debug]: DuckDB driver resolved: duckdb 1.5.4
22:41:21.198296 [debug]: Query executed on node unknown:

  
  select * from main_raw.raw_pipeline_a_runs
  
  limit 10

22:41:21.233069 [info ]: [34m[1mQuery[0m [1mshow_sql_operation_inline[0m
┌────────────────┬──────────────┬───────────┬─────────────────────┬─────────────────────┬────────┬──────────────┬───────────┬─────────┬────────────────────┐
│[1m execution_uuid [0m┆[1m workflow     [0m┆[1m state     [0m┆[1m start_ts            [0m┆[1m end_ts              [0m┆[1m sample [0m┆[1m credits_used [0m┆[1m row_count [0m┆[1m env     [0m┆[1m err_msg            [0m│
╞════════════════╪══════════════╪═══════════╪═════════════════════╪═════════════════════╪════════╪══════════════╪═══════════╪═════════╪════════════════════╡
│ A-1001         ┆ WGS_GERMLINE ┆ COMPLETED ┆ 2026-09-20T08:00:00 ┆ 2026-09-20T08:42:10 ┆ S001   ┆ 1.84         ┆ 1843321   ┆ prod    ┆                    │
│ A-1002         ┆ WGS_GERMLINE ┆ FAILED    ┆ 2026-09-20T09:10:00 ┆ 2026-09-20T09:24:35 ┆ S002   ┆ 0.71         ┆ 523004    ┆ prod    ┆ Alignment process  │
│                ┆              ┆           ┆                     ┆                     ┆        ┆              ┆           ┆         ┆ exited with code 1 │
│ A-1003         ┆ WGS_GERMLINE ┆ RUNNING   ┆ 2026-09-20T10:05:00 ┆                     ┆ S003   ┆ 0.93         ┆ 821550    ┆ prod    ┆                    │
│ A-1004         ┆ RNA_SEQ      ┆ SUCCEEDED ┆ 2026-09-20T11:00:00 ┆ 2026-09-20T11:18:20 ┆ S004   ┆ 0.62         ┆ 934441    ┆ staging ┆                    │
└────────────────┴──────────────┴───────────┴─────────────────────┴─────────────────────┴────────┴──────────────┴───────────┴─────────┴────────────────────┘
4 rows.
22:41:21.234193 [info ]: Finished running [  0.12s] model main.inline [success]
22:41:21.234733 [info ]: Finished running [  0.12s] (1 nodes, 0 skipped, 0 errors)
22:41:21.235509 [info ]:  Succeeded model main.inline (ephemeral) [1 of 1 in 0.13s]
22:41:21.317977 [info ]: 
==================== Execution Summary =====================
Finished 'show' successfully for target 'dev' [677ms]
==================== 2026-09-21T22:42:33.151195Z | 01a0c622-a039-7ea1-b2b3-ef6609273476 ====================
22:42:33.151574 [info ]: dbt 2.0.6
22:42:33.152945 [info ]: Started loading project
22:42:33.160087 [info ]: Loading profiles.yml
22:42:33.171163 [debug]:    Started loading packages
22:42:33.180666 [debug]:     Loaded [  0.01s] packages
22:42:33.204430 [info ]: Finished loading project [  0.05s]
22:42:33.206280 [info ]: Started parsing
22:42:33.340823 [debug]: Finished parsing models/marts/schema.yml [  0.00s]
22:42:33.341412 [debug]: Finished parsing models/sources.yml [  0.00s]
22:42:33.346457 [debug]: Finished parsing target\inline_f3e0529d.sql [  0.00s]
22:42:33.348452 [debug]: Finished parsing models/intermediate/int_kafka_pipeline_runs.sql [  0.00s]
22:42:33.349693 [debug]: Finished parsing models/marts/fct_pipeline_monitoring.sql [  0.00s]
22:42:33.350554 [debug]: Finished parsing models/staging/stg_flow_b_runs.sql [  0.00s]
22:42:33.351424 [debug]: Finished parsing models/staging/stg_kafka_events.sql [  0.00s]
22:42:33.352300 [debug]: Finished parsing models/staging/stg_pipeline_a_runs.sql [  0.00s]
22:42:33.655772 [info ]: Finished parsing [  0.45s]
22:42:33.657930 [info ]: Started scheduling
22:42:33.658571 [info ]: Finished scheduling [  0.00s]
22:42:33.724952 [info ]: Started building task graph
22:42:33.745045 [info ]: Finished building task graph [  0.02s]
22:42:33.773171 [info ]: Started rendering (1 nodes)
22:42:33.773552 [info ]: Started model main.inline
22:42:33.773589 [debug]: Started rendering model main.inline
22:42:33.792095 [debug]: Compiled SQL for node model..inline at target\compiled\target\inline_f3e0529d.sql
22:42:33.793961 [debug]: Finished rendering [  0.02s] model main.inline [success]
22:42:33.794348 [info ]: Finished rendering [  0.02s] (1 nodes, 0 skipped, 0 errors)
22:42:33.794882 [info ]: Started analyzing (1 nodes)
22:42:33.795149 [debug]: Started analyzing model main.inline
22:42:33.822060 [debug]: Finished analyzing [  0.03s] model main.inline [success]
22:42:33.822531 [info ]: Finished analyzing [  0.03s] (1 nodes, 0 skipped, 0 errors)
22:42:33.823207 [info ]: Started running (1 nodes)
22:42:33.823549 [info ]: Started running model main.inline
22:42:33.827175 [debug]: DuckDB driver resolved: duckdb 1.5.4
22:42:33.882789 [debug]: Query executed on node unknown:

  
  select * from main_raw.raw_flow_b_runs
  
  limit 10

22:42:33.883777 [info ]: [34m[1mQuery[0m [1mshow_sql_operation_inline[0m
┌─────────┬────────────────────┬─────────────────────┬─────────────────────┬───────────────────┬─────────┬─────────────┐
│[1m flow_id [0m┆[1m flow_name          [0m┆[1m initiated_at        [0m┆[1m completed_at        [0m┆[1m sample_identifier [0m┆[1m records [0m┆[1m environment [0m│
╞═════════╪════════════════════╪═════════════════════╪═════════════════════╪═══════════════════╪═════════╪═════════════╡
│ B-2001  ┆ VARIANT_ANNOTATION ┆ 2026-09-20T07:45:00 ┆ 2026-09-20T07:53:12 ┆ S011              ┆ 125440  ┆ prod        │
│ B-2002  ┆ VARIANT_ANNOTATION ┆ 2026-09-20T08:15:00 ┆ 2026-09-20T08:21:30 ┆ S012              ┆ 129010  ┆ prod        │
│ B-2003  ┆ QC_REPORT          ┆ 2026-09-20T09:00:00 ┆ 2026-09-20T09:02:05 ┆ S013              ┆ 44      ┆ staging     │
└─────────┴────────────────────┴─────────────────────┴─────────────────────┴───────────────────┴─────────┴─────────────┘
3 rows.
22:42:33.884360 [info ]: Finished running [  0.06s] model main.inline [success]
22:42:33.884754 [info ]: Finished running [  0.06s] (1 nodes, 0 skipped, 0 errors)
22:42:33.885219 [info ]:  Succeeded model main.inline (ephemeral) [1 of 1 in 0.11s]
22:42:33.961418 [info ]: 
==================== Execution Summary =====================
Finished 'show' successfully for target 'dev' [810ms]
==================== 2026-09-21T22:43:31.560797Z | 01a0c623-8462-7bc1-8dfa-35060ce5aae4 ====================
22:43:31.561168 [info ]: dbt 2.0.6
22:43:31.562358 [info ]: Started loading project
22:43:31.569064 [info ]: Loading profiles.yml
22:43:31.577742 [debug]:    Started loading packages
22:43:31.585600 [debug]:     Loaded [  0.01s] packages
22:43:31.603070 [info ]: Finished loading project [  0.04s]
22:43:31.604500 [info ]: Started parsing
22:43:31.679275 [debug]: Finished parsing models/marts/schema.yml [  0.00s]
22:43:31.679840 [debug]: Finished parsing models/sources.yml [  0.00s]
22:43:31.689540 [debug]: Finished parsing models/intermediate/int_kafka_pipeline_runs.sql [  0.00s]
22:43:31.690773 [debug]: Finished parsing models/marts/fct_pipeline_monitoring.sql [  0.00s]
22:43:31.691746 [debug]: Finished parsing models/staging/stg_flow_b_runs.sql [  0.00s]
22:43:31.692671 [debug]: Finished parsing models/staging/stg_kafka_events.sql [  0.00s]
22:43:31.693623 [debug]: Finished parsing models/staging/stg_pipeline_a_runs.sql [  0.00s]
22:43:31.705404 [debug]: Finished parsing target\inline_7563717e.sql [  0.02s]
22:43:31.999625 [info ]: Finished parsing [  0.40s]
22:43:32.001821 [info ]: Started scheduling
22:43:32.002388 [info ]: Finished scheduling [  0.00s]
22:43:32.015258 [info ]: Started building task graph
22:43:32.015914 [info ]: Finished building task graph [  0.00s]
22:43:32.023611 [info ]: Started rendering (1 nodes)
22:43:32.023903 [info ]: Started model main.inline
22:43:32.023975 [debug]: Started rendering model main.inline
22:43:32.040631 [debug]: Compiled SQL for node model..inline at target\compiled\target\inline_7563717e.sql
22:43:32.041201 [debug]: Finished rendering [  0.02s] model main.inline [success]
22:43:32.041957 [info ]: Finished rendering [  0.02s] (1 nodes, 0 skipped, 0 errors)
22:43:32.042420 [info ]: Started analyzing (1 nodes)
22:43:32.042614 [debug]: Started analyzing model main.inline
22:43:32.050846 [debug]: Finished analyzing [  0.01s] model main.inline [success]
22:43:32.051228 [info ]: Finished analyzing [  0.01s] (1 nodes, 0 skipped, 0 errors)
22:43:32.051566 [info ]: Started running (1 nodes)
22:43:32.051735 [info ]: Started running model main.inline
22:43:32.055267 [debug]: DuckDB driver resolved: duckdb 1.5.4
22:43:32.101258 [debug]: Query executed on node unknown:

  
  select * from main_raw.raw_kafka_events
  
  limit 10

22:43:32.102811 [info ]: [34m[1mQuery[0m [1mshow_sql_operation_inline[0m
┌──────────┬──────────────┬──────────────────┬─────────────────────────┬─────────────────────┬───────────┬─────────────┬───────────────────┬───────────────┐
│[1m event_id [0m┆[1m execution_id [0m┆[1m workflow_name    [0m┆[1m event_type              [0m┆[1m event_ts            [0m┆[1m sample_id [0m┆[1m environment [0m┆[1m processed_records [0m┆[1m error_text    [0m│
╞══════════╪══════════════╪══════════════════╪═════════════════════════╪═════════════════════╪═══════════╪═════════════╪═══════════════════╪═══════════════╡
│ E-001    ┆ C-3001       ┆ SOMATIC_CALLING  ┆ PIPELINE_STARTED        ┆ 2026-09-20T12:00:00 ┆ S021      ┆ prod        ┆ 0                 ┆               │
│ E-002    ┆ C-3001       ┆ SOMATIC_CALLING  ┆ QC_FINISHED             ┆ 2026-09-20T12:04:00 ┆ S021      ┆ prod        ┆ 180000            ┆               │
│ E-003    ┆ C-3001       ┆ SOMATIC_CALLING  ┆ PIPELINE_FINISHED       ┆ 2026-09-20T12:31:30 ┆ S021      ┆ prod        ┆ 978221            ┆               │
│ E-004    ┆ C-3002       ┆ SOMATIC_CALLING  ┆ PIPELINE_STARTED        ┆ 2026-09-20T13:00:00 ┆ S022      ┆ prod        ┆ 0                 ┆               │
│ E-005    ┆ C-3002       ┆ SOMATIC_CALLING  ┆ ALIGNMENT_STARTED       ┆ 2026-09-20T13:05:00 ┆ S022      ┆ prod        ┆ 154210            ┆               │
│ E-006    ┆ C-3002       ┆ SOMATIC_CALLING  ┆ PIPELINE_FAILED         ┆ 2026-09-20T13:16:22 ┆ S022      ┆ prod        ┆ 401903            ┆ Out of memory │
│ E-007    ┆ C-3003       ┆ GERMLINE_CALLING ┆ PIPELINE_STARTED        ┆ 2026-09-20T14:00:00 ┆ S023      ┆ staging     ┆ 0                 ┆               │
│ E-008    ┆ C-3003       ┆ GERMLINE_CALLING ┆ VARIANT_CALLING_STARTED ┆ 2026-09-20T14:14:10 ┆ S023      ┆ staging     ┆ 633120            ┆               │
└──────────┴──────────────┴──────────────────┴─────────────────────────┴─────────────────────┴───────────┴─────────────┴───────────────────┴───────────────┘
8 rows.
22:43:32.103706 [info ]: Finished running [  0.05s] model main.inline [success]
22:43:32.104028 [info ]: Finished running [  0.05s] (1 nodes, 0 skipped, 0 errors)
22:43:32.104482 [info ]:  Succeeded model main.inline (ephemeral) [1 of 1 in 0.08s]
22:43:32.193511 [info ]: 
==================== Execution Summary =====================
Finished 'show' successfully for target 'dev' [632ms]
==================== 2026-09-21T22:43:50.869428Z | 01a0c623-cfcf-7f01-aa34-09ce1ec6aa2d ====================
22:43:50.869837 [info ]: dbt 2.0.6
22:43:50.871104 [info ]: Started loading project
22:43:50.877449 [info ]: Loading profiles.yml
22:43:50.883877 [debug]:    Started loading packages
22:43:50.893146 [debug]:     Loaded [  0.01s] packages
22:43:50.897646 [info ]: Finished loading project [  0.03s]
22:43:50.899112 [info ]: Started parsing
22:43:50.977651 [debug]: Finished parsing models/marts/schema.yml [  0.00s]
22:43:50.978299 [debug]: Finished parsing models/sources.yml [  0.00s]
22:43:50.985535 [debug]: Finished parsing models/intermediate/int_kafka_pipeline_runs.sql [  0.00s]
22:43:50.986969 [debug]: Finished parsing models/marts/fct_pipeline_monitoring.sql [  0.00s]
22:43:50.987871 [debug]: Finished parsing models/staging/stg_flow_b_runs.sql [  0.00s]
22:43:50.988878 [debug]: Finished parsing models/staging/stg_kafka_events.sql [  0.00s]
22:43:50.989763 [debug]: Finished parsing models/staging/stg_pipeline_a_runs.sql [  0.00s]
22:43:50.995357 [debug]: Finished parsing target\inline_4e1606af.sql [  0.02s]
22:43:51.282272 [info ]: Finished parsing [  0.38s]
22:43:51.284278 [info ]: Started scheduling
22:43:51.284805 [info ]: Finished scheduling [  0.00s]
22:43:51.295716 [info ]: Started building task graph
22:43:51.296563 [info ]: Finished building task graph [  0.00s]
22:43:51.302809 [info ]: Started rendering (1 nodes)
22:43:51.303535 [info ]: Started model main.inline
22:43:51.303588 [debug]: Started rendering model main.inline
22:43:51.307696 [debug]: Compiled SQL for node model..inline at target\compiled\target\inline_4e1606af.sql
22:43:51.308019 [debug]: Finished rendering [  0.00s] model main.inline [success]
22:43:51.308491 [info ]: Finished rendering [  0.01s] (1 nodes, 0 skipped, 0 errors)
22:43:51.308972 [info ]: Started analyzing (1 nodes)
22:43:51.309178 [debug]: Started analyzing model main.inline
22:43:51.324256 [debug]: Finished analyzing [  0.02s] model main.inline [success]
22:43:51.324740 [info ]: Finished analyzing [  0.02s] (1 nodes, 0 skipped, 0 errors)
22:43:51.325071 [info ]: Started running (1 nodes)
22:43:51.325274 [info ]: Started running model main.inline
22:43:51.328681 [debug]: DuckDB driver resolved: duckdb 1.5.4
22:43:51.375546 [debug]: Query executed on node unknown:

  
  select DISTINCT(event_id) as ID from main_raw.raw_kafka_events
  
  limit 10

22:43:51.376584 [info ]: [34m[1mQuery[0m [1mshow_sql_operation_inline[0m
┌───────┐
│[1m ID    [0m│
╞═══════╡
│ E-006 │
│ E-001 │
│ E-005 │
│ E-008 │
│ E-003 │
│ E-004 │
│ E-002 │
│ E-007 │
└───────┘
8 rows.
22:43:51.377543 [info ]: Finished running [  0.05s] model main.inline [success]
22:43:51.377995 [info ]: Finished running [  0.05s] (1 nodes, 0 skipped, 0 errors)
22:43:51.378644 [info ]:  Succeeded model main.inline (ephemeral) [1 of 1 in 0.07s]
22:43:51.454243 [info ]: 
==================== Execution Summary =====================
Finished 'show' successfully for target 'dev' [584ms]
==================== 2026-09-21T22:44:01.883797Z | 01a0c623-fad5-7e30-a070-8c729ee4f9ac ====================
22:44:01.884139 [info ]: dbt 2.0.6
22:44:01.885205 [info ]: Started loading project
22:44:01.891505 [info ]: Loading profiles.yml
22:44:01.900289 [debug]:    Started loading packages
22:44:01.911022 [debug]:     Loaded [  0.01s] packages
22:44:01.914727 [info ]: Finished loading project [  0.03s]
22:44:01.916018 [info ]: Started parsing
22:44:01.991599 [debug]: Finished parsing models/marts/schema.yml [  0.00s]
22:44:01.992182 [debug]: Finished parsing models/sources.yml [  0.00s]
22:44:02.002731 [debug]: Finished parsing models/intermediate/int_kafka_pipeline_runs.sql [  0.00s]
22:44:02.004352 [debug]: Finished parsing models/marts/fct_pipeline_monitoring.sql [  0.00s]
22:44:02.005247 [debug]: Finished parsing target\inline_633558b6.sql [  0.01s]
22:44:02.005477 [debug]: Finished parsing models/staging/stg_flow_b_runs.sql [  0.00s]
22:44:02.006338 [debug]: Finished parsing models/staging/stg_kafka_events.sql [  0.00s]
22:44:02.007171 [debug]: Finished parsing models/staging/stg_pipeline_a_runs.sql [  0.00s]
22:44:02.328436 [info ]: Finished parsing [  0.41s]
22:44:02.330607 [info ]: Started scheduling
22:44:02.331185 [info ]: Finished scheduling [  0.00s]
22:44:02.348107 [info ]: Started building task graph
22:44:02.348517 [info ]: Finished building task graph [  0.00s]
22:44:02.355920 [info ]: Started rendering (1 nodes)
22:44:02.356214 [info ]: Started model main.inline
22:44:02.356267 [debug]: Started rendering model main.inline
22:44:02.360688 [debug]: Compiled SQL for node model..inline at target\compiled\target\inline_633558b6.sql
22:44:02.361491 [debug]: Finished rendering [  0.01s] model main.inline [success]
22:44:02.364717 [info ]: Finished rendering [  0.01s] (1 nodes, 0 skipped, 0 errors)
22:44:02.365291 [info ]: Started analyzing (1 nodes)
22:44:02.365610 [debug]: Started analyzing model main.inline
22:44:02.380212 [debug]: Finished analyzing [  0.01s] model main.inline [success]
22:44:02.380648 [info ]: Finished analyzing [  0.02s] (1 nodes, 0 skipped, 0 errors)
22:44:02.381136 [info ]: Started running (1 nodes)
22:44:02.381409 [info ]: Started running model main.inline
22:44:02.384826 [debug]: DuckDB driver resolved: duckdb 1.5.4
22:44:02.433215 [error]: [Generic (dbt1000)]: Internal: Parser Error: syntax error at or near "UNIQUE"

LINE 3:   select UNIQUE(event_id) as ID from main_raw.raw_kafka_events
                 ^ (sqlstate: [0, 0, 0, 0, 0], vendor_code: -2147483648)
22:44:02.433454 [info ]: Finished running [  0.05s] model main.inline [error]
22:44:02.433982 [info ]: Finished running [  0.05s] (1 nodes, 0 skipped, 1 errors)
22:44:02.434751 [info ]:     Failed model main.inline (ephemeral) [1 of 1 in 0.07s]
22:44:02.511547 [info ]: 
==================== Execution Summary =====================
Finished 'show' with 1 error for target 'dev' [627ms]
==================== 2026-09-21T22:44:12.480277Z | 01a0c624-243a-7c90-9844-bd31a6ec89e0 ====================
22:44:12.480589 [info ]: dbt 2.0.6
22:44:12.481841 [info ]: Started loading project
22:44:12.487840 [info ]: Loading profiles.yml
22:44:12.494509 [debug]:    Started loading packages
22:44:12.504015 [debug]:     Loaded [  0.01s] packages
22:44:12.508309 [info ]: Finished loading project [  0.03s]
22:44:12.509502 [info ]: Started parsing
22:44:12.599330 [debug]: Finished parsing models/marts/schema.yml [  0.00s]
22:44:12.599959 [debug]: Finished parsing models/sources.yml [  0.00s]
22:44:12.608027 [debug]: Finished parsing models/intermediate/int_kafka_pipeline_runs.sql [  0.00s]
22:44:12.608926 [debug]: Finished parsing models/marts/fct_pipeline_monitoring.sql [  0.00s]
22:44:12.609931 [debug]: Finished parsing models/staging/stg_flow_b_runs.sql [  0.00s]
22:44:12.610835 [debug]: Finished parsing models/staging/stg_kafka_events.sql [  0.00s]
22:44:12.611649 [debug]: Finished parsing models/staging/stg_pipeline_a_runs.sql [  0.00s]
22:44:12.615361 [debug]: Finished parsing target\inline_193e3849.sql [  0.01s]
22:44:12.951306 [info ]: Finished parsing [  0.44s]
22:44:12.953148 [info ]: Started scheduling
22:44:12.953586 [info ]: Finished scheduling [  0.00s]
22:44:12.964274 [info ]: Started building task graph
22:44:12.964681 [info ]: Finished building task graph [  0.00s]
22:44:12.970297 [info ]: Started rendering (1 nodes)
22:44:12.970563 [info ]: Started model main.inline
22:44:12.970598 [debug]: Started rendering model main.inline
22:44:12.987346 [debug]: Compiled SQL for node model..inline at target\compiled\target\inline_193e3849.sql
22:44:12.987775 [debug]: Finished rendering [  0.02s] model main.inline [success]
22:44:12.988247 [info ]: Finished rendering [  0.02s] (1 nodes, 0 skipped, 0 errors)
22:44:12.988734 [info ]: Started analyzing (1 nodes)
22:44:12.988956 [debug]: Started analyzing model main.inline
22:44:13.001349 [debug]: Finished analyzing [  0.01s] model main.inline [success]
22:44:13.001819 [info ]: Finished analyzing [  0.01s] (1 nodes, 0 skipped, 0 errors)
22:44:13.002289 [info ]: Started running (1 nodes)
22:44:13.002562 [info ]: Started running model main.inline
22:44:13.005657 [debug]: DuckDB driver resolved: duckdb 1.5.4
22:44:13.049098 [debug]: Query executed on node unknown:

  
  select event_id  as ID from main_raw.raw_kafka_events
  
  limit 10

22:44:13.049941 [info ]: [34m[1mQuery[0m [1mshow_sql_operation_inline[0m
┌───────┐
│[1m ID    [0m│
╞═══════╡
│ E-001 │
│ E-002 │
│ E-003 │
│ E-004 │
│ E-005 │
│ E-006 │
│ E-007 │
│ E-008 │
└───────┘
8 rows.
22:44:13.051086 [info ]: Finished running [  0.05s] model main.inline [success]
22:44:13.051523 [info ]: Finished running [  0.05s] (1 nodes, 0 skipped, 0 errors)
22:44:13.052475 [info ]:  Succeeded model main.inline (ephemeral) [1 of 1 in 0.08s]
22:44:13.119821 [info ]: 
==================== Execution Summary =====================
Finished 'show' successfully for target 'dev' [639ms]
==================== 2026-09-21T22:45:11.447041Z | 01a0c625-0a91-74b3-aa4d-92b48e04341e ====================
22:45:11.447439 [info ]: dbt 2.0.6
22:45:11.448531 [info ]: Started loading project
22:45:11.455007 [info ]: Loading profiles.yml
22:45:11.463164 [debug]:    Started loading packages
22:45:11.472366 [debug]:     Loaded [  0.01s] packages
22:45:11.476012 [info ]: Finished loading project [  0.03s]
22:45:11.477285 [info ]: Started parsing
22:45:11.558156 [debug]: Finished parsing models/marts/schema.yml [  0.00s]
22:45:11.558762 [debug]: Finished parsing models/sources.yml [  0.00s]
22:45:11.567554 [debug]: Finished parsing models/intermediate/int_kafka_pipeline_runs.sql [  0.00s]
22:45:11.569028 [debug]: Finished parsing models/marts/fct_pipeline_monitoring.sql [  0.00s]
22:45:11.569953 [debug]: Finished parsing models/staging/stg_flow_b_runs.sql [  0.00s]
22:45:11.570833 [debug]: Finished parsing models/staging/stg_kafka_events.sql [  0.00s]
22:45:11.571678 [debug]: Finished parsing models/staging/stg_pipeline_a_runs.sql [  0.00s]
22:45:11.572364 [debug]: Finished parsing target\inline_a69f85dd.sql [  0.01s]
22:45:11.883236 [info ]: Finished parsing [  0.41s]
22:45:11.885536 [info ]: Started scheduling
22:45:11.886584 [info ]: Finished scheduling [  0.00s]
22:45:11.898821 [info ]: Started building task graph
22:45:11.899334 [info ]: Finished building task graph [  0.00s]
22:45:11.905780 [info ]: Started rendering (1 nodes)
22:45:11.906056 [info ]: Started model main.inline
22:45:11.906098 [debug]: Started rendering model main.inline
22:45:11.923151 [debug]: Compiled SQL for node model..inline at target\compiled\target\inline_a69f85dd.sql
22:45:11.923850 [debug]: Finished rendering [  0.02s] model main.inline [success]
22:45:11.924337 [info ]: Finished rendering [  0.02s] (1 nodes, 0 skipped, 0 errors)
22:45:11.924795 [info ]: Started analyzing (1 nodes)
22:45:11.925092 [debug]: Started analyzing model main.inline
22:45:11.940064 [debug]: Finished analyzing [  0.01s] model main.inline [success]
22:45:11.940607 [info ]: Finished analyzing [  0.02s] (1 nodes, 0 skipped, 0 errors)
22:45:11.941073 [info ]: Started running (1 nodes)
22:45:11.941323 [info ]: Started running model main.inline
22:45:11.944490 [debug]: DuckDB driver resolved: duckdb 1.5.4
22:45:11.982160 [error]: [Generic (dbt1000)]: Internal: Binder Error: column "event_id" must appear in the GROUP BY clause or must be part of an aggregate function.
Either add it to the GROUP BY list, or use "ANY_VALUE(event_id)" if the exact value of "event_id" is not important.

LINE 3:   select event_id  as ID, COUNT(*) from main_raw.raw_kafka_events...
                 ^ (sqlstate: [0, 0, 0, 0, 0], vendor_code: -2147483648)
22:45:11.982391 [info ]: Finished running [  0.04s] model main.inline [error]
22:45:11.982929 [info ]: Finished running [  0.04s] (1 nodes, 0 skipped, 1 errors)
22:45:11.983490 [info ]:     Failed model main.inline (ephemeral) [1 of 1 in 0.07s]
22:45:12.055877 [info ]: 
==================== Execution Summary =====================
Finished 'show' with 1 error for target 'dev' [608ms]
==================== 2026-09-21T22:45:21.176061Z | 01a0c625-3092-7a10-80fd-d3f9fc5a3754 ====================
22:45:21.176435 [info ]: dbt 2.0.6
22:45:21.177554 [info ]: Started loading project
22:45:21.184025 [info ]: Loading profiles.yml
22:45:21.193164 [debug]:    Started loading packages
22:45:21.202248 [debug]:     Loaded [  0.01s] packages
22:45:21.206570 [info ]: Finished loading project [  0.03s]
22:45:21.207888 [info ]: Started parsing
22:45:21.279243 [debug]: Finished parsing models/marts/schema.yml [  0.00s]
22:45:21.279847 [debug]: Finished parsing models/sources.yml [  0.00s]
22:45:21.297986 [debug]: Finished parsing models/intermediate/int_kafka_pipeline_runs.sql [  0.01s]
22:45:21.302930 [debug]: Finished parsing models/marts/fct_pipeline_monitoring.sql [  0.00s]
22:45:21.303227 [debug]: Finished parsing target\inline_a2c4fd2d.sql [  0.02s]
22:45:21.304647 [debug]: Finished parsing models/staging/stg_flow_b_runs.sql [  0.00s]
22:45:21.305694 [debug]: Finished parsing models/staging/stg_kafka_events.sql [  0.00s]
22:45:21.306788 [debug]: Finished parsing models/staging/stg_pipeline_a_runs.sql [  0.00s]
22:45:21.634584 [info ]: Finished parsing [  0.43s]
22:45:21.637462 [info ]: Started scheduling
22:45:21.637937 [info ]: Finished scheduling [  0.00s]
22:45:21.651393 [info ]: Started building task graph
22:45:21.651963 [info ]: Finished building task graph [  0.00s]
22:45:21.658741 [info ]: Started rendering (1 nodes)
22:45:21.659064 [info ]: Started model main.inline
22:45:21.659102 [debug]: Started rendering model main.inline
22:45:21.662917 [debug]: Compiled SQL for node model..inline at target\compiled\target\inline_a2c4fd2d.sql
22:45:21.663318 [debug]: Finished rendering [  0.00s] model main.inline [success]
22:45:21.663771 [info ]: Finished rendering [  0.01s] (1 nodes, 0 skipped, 0 errors)
22:45:21.664196 [info ]: Started analyzing (1 nodes)
22:45:21.664431 [debug]: Started analyzing model main.inline
22:45:21.682544 [debug]: Finished analyzing [  0.02s] model main.inline [success]
22:45:21.682950 [info ]: Finished analyzing [  0.02s] (1 nodes, 0 skipped, 0 errors)
22:45:21.683466 [info ]: Started running (1 nodes)
22:45:21.683682 [info ]: Started running model main.inline
22:45:21.687852 [debug]: DuckDB driver resolved: duckdb 1.5.4
22:45:21.734057 [error]: [Generic (dbt1000)]: Internal: Binder Error: column "event_id" must appear in the GROUP BY clause or must be part of an aggregate function.
Either add it to the GROUP BY list, or use "ANY_VALUE(event_id)" if the exact value of "event_id" is not important.

LINE 3:   select event_id as ID, COUNT(*) from main_raw.raw_kafka_events...
                 ^ (sqlstate: [0, 0, 0, 0, 0], vendor_code: -2147483648)
22:45:21.734491 [info ]: Finished running [  0.05s] model main.inline [error]
22:45:21.735023 [info ]: Finished running [  0.05s] (1 nodes, 0 skipped, 1 errors)
22:45:21.735862 [info ]:     Failed model main.inline (ephemeral) [1 of 1 in 0.07s]
22:45:21.815781 [info ]: 
==================== Execution Summary =====================
Finished 'show' with 1 error for target 'dev' [639ms]
==================== 2026-09-21T22:45:46.605181Z | 01a0c625-93e7-7652-b069-d475c3ef8dab ====================
22:45:46.605575 [info ]: dbt 2.0.6
22:45:46.606652 [info ]: Started loading project
22:45:46.613456 [info ]: Loading profiles.yml
22:45:46.622626 [debug]:    Started loading packages
22:45:46.631129 [debug]:     Loaded [  0.01s] packages
22:45:46.635824 [info ]: Finished loading project [  0.03s]
22:45:46.637727 [info ]: Started parsing
22:45:46.710575 [debug]: Finished parsing models/marts/schema.yml [  0.00s]
22:45:46.711370 [debug]: Finished parsing models/sources.yml [  0.00s]
22:45:46.718236 [debug]: Finished parsing models/intermediate/int_kafka_pipeline_runs.sql [  0.00s]
22:45:46.719603 [debug]: Finished parsing models/marts/fct_pipeline_monitoring.sql [  0.00s]
22:45:46.720662 [debug]: Finished parsing models/staging/stg_flow_b_runs.sql [  0.00s]
22:45:46.723012 [debug]: Finished parsing models/staging/stg_kafka_events.sql [  0.00s]
22:45:46.724360 [debug]: Finished parsing models/staging/stg_pipeline_a_runs.sql [  0.00s]
22:45:46.728730 [debug]: Finished parsing target\inline_cc60cc6b.sql [  0.02s]
22:45:47.155899 [info ]: Finished parsing [  0.52s]
22:45:47.157709 [info ]: Started scheduling
22:45:47.158293 [info ]: Finished scheduling [  0.00s]
22:45:47.171041 [info ]: Started building task graph
22:45:47.171538 [info ]: Finished building task graph [  0.00s]
22:45:47.177421 [info ]: Started rendering (1 nodes)
22:45:47.177885 [info ]: Started model main.inline
22:45:47.177958 [debug]: Started rendering model main.inline
22:45:47.182352 [debug]: Compiled SQL for node model..inline at target\compiled\target\inline_cc60cc6b.sql
22:45:47.182709 [debug]: Finished rendering [  0.00s] model main.inline [success]
22:45:47.183110 [info ]: Finished rendering [  0.01s] (1 nodes, 0 skipped, 0 errors)
22:45:47.183591 [info ]: Started analyzing (1 nodes)
22:45:47.183804 [debug]: Started analyzing model main.inline
22:45:47.200127 [debug]: Finished analyzing [  0.02s] model main.inline [success]
22:45:47.200701 [info ]: Finished analyzing [  0.02s] (1 nodes, 0 skipped, 0 errors)
22:45:47.201327 [info ]: Started running (1 nodes)
22:45:47.201539 [info ]: Started running model main.inline
22:45:47.204902 [debug]: DuckDB driver resolved: duckdb 1.5.4
22:45:47.248362 [error]: [Generic (dbt1000)]: Internal: Binder Error: column "event_id" must appear in the GROUP BY clause or must be part of an aggregate function.
Either add it to the GROUP BY list, or use "ANY_VALUE(event_id)" if the exact value of "event_id" is not important.

LINE 3:   select event_id, COUNT(*) from main_raw.raw_kafka_events HAVING...
                 ^ (sqlstate: [0, 0, 0, 0, 0], vendor_code: -2147483648)
22:45:47.248630 [info ]: Finished running [  0.05s] model main.inline [error]
22:45:47.249068 [info ]: Finished running [  0.05s] (1 nodes, 0 skipped, 1 errors)
22:45:47.249448 [info ]:     Failed model main.inline (ephemeral) [1 of 1 in 0.07s]
22:45:47.327647 [info ]: 
==================== Execution Summary =====================
Finished 'show' with 1 error for target 'dev' [722ms]
==================== 2026-09-21T22:46:01.045963Z | 01a0c625-cc50-7a73-a22a-4df592b3e94d ====================
22:46:01.046344 [info ]: dbt 2.0.6
22:46:01.047493 [info ]: Started loading project
22:46:01.053736 [info ]: Loading profiles.yml
22:46:01.073149 [debug]:    Started loading packages
22:46:01.080483 [debug]:     Loaded [  0.01s] packages
22:46:01.085038 [info ]: Finished loading project [  0.04s]
22:46:01.086798 [info ]: Started parsing
22:46:01.165669 [debug]: Finished parsing models/marts/schema.yml [  0.00s]
22:46:01.166290 [debug]: Finished parsing models/sources.yml [  0.00s]
22:46:01.175658 [debug]: Finished parsing models/intermediate/int_kafka_pipeline_runs.sql [  0.00s]
22:46:01.176725 [debug]: Finished parsing models/marts/fct_pipeline_monitoring.sql [  0.00s]
22:46:01.177628 [debug]: Finished parsing models/staging/stg_flow_b_runs.sql [  0.00s]
22:46:01.178576 [debug]: Finished parsing models/staging/stg_kafka_events.sql [  0.00s]
22:46:01.179433 [debug]: Finished parsing models/staging/stg_pipeline_a_runs.sql [  0.00s]
22:46:01.181357 [debug]: Finished parsing target\inline_cbe011a7.sql [  0.01s]
22:46:01.483582 [info ]: Finished parsing [  0.40s]
22:46:01.485658 [info ]: Started scheduling
22:46:01.486212 [info ]: Finished scheduling [  0.00s]
22:46:01.499385 [info ]: Started building task graph
22:46:01.500341 [info ]: Finished building task graph [  0.00s]
22:46:01.507769 [info ]: Started rendering (1 nodes)
22:46:01.508045 [info ]: Started model main.inline
22:46:01.508085 [debug]: Started rendering model main.inline
22:46:01.513212 [debug]: Compiled SQL for node model..inline at target\compiled\target\inline_cbe011a7.sql
22:46:01.514018 [debug]: Finished rendering [  0.01s] model main.inline [success]
22:46:01.514374 [info ]: Finished rendering [  0.01s] (1 nodes, 0 skipped, 0 errors)
22:46:01.514753 [info ]: Started analyzing (1 nodes)
22:46:01.515029 [debug]: Started analyzing model main.inline
22:46:01.532235 [debug]: Finished analyzing [  0.02s] model main.inline [success]
22:46:01.532667 [info ]: Finished analyzing [  0.02s] (1 nodes, 0 skipped, 0 errors)
22:46:01.532999 [info ]: Started running (1 nodes)
22:46:01.533252 [info ]: Started running model main.inline
22:46:01.536508 [debug]: DuckDB driver resolved: duckdb 1.5.4
22:46:01.576679 [error]: [Generic (dbt1000)]: Internal: Parser Error: syntax error at or near "limit"

LINE 5:   limit 10
          ^ (sqlstate: [0, 0, 0, 0, 0], vendor_code: -2147483648)
22:46:01.576902 [info ]: Finished running [  0.04s] model main.inline [error]
22:46:01.577838 [info ]: Finished running [  0.04s] (1 nodes, 0 skipped, 1 errors)
22:46:01.578474 [info ]:     Failed model main.inline (ephemeral) [1 of 1 in 0.07s]
22:46:01.655624 [info ]: 
==================== Execution Summary =====================
Finished 'show' with 1 error for target 'dev' [609ms]
==================== 2026-09-21T22:47:01.030295Z | 01a0c626-b6a0-77d0-b4b6-484b22a3ee82 ====================
22:47:01.030702 [info ]: dbt 2.0.6
22:47:01.031886 [info ]: Started loading project
22:47:01.038560 [info ]: Loading profiles.yml
22:47:01.137826 [debug]:    Started loading packages
22:47:01.148259 [debug]:     Loaded [  0.01s] packages
22:47:01.167369 [info ]: Finished loading project [  0.14s]
22:47:01.175920 [info ]: Started parsing
22:47:01.277729 [debug]: Finished parsing models/marts/schema.yml [  0.00s]
22:47:01.278582 [debug]: Finished parsing models/sources.yml [  0.00s]
22:47:01.287193 [debug]: Finished parsing models/intermediate/int_kafka_pipeline_runs.sql [  0.00s]
22:47:01.288759 [debug]: Finished parsing models/marts/fct_pipeline_monitoring.sql [  0.00s]
22:47:01.289782 [debug]: Finished parsing models/staging/stg_flow_b_runs.sql [  0.00s]
22:47:01.290725 [debug]: Finished parsing models/staging/stg_kafka_events.sql [  0.00s]
22:47:01.291659 [debug]: Finished parsing models/staging/stg_pipeline_a_runs.sql [  0.00s]
22:47:01.297263 [debug]: Finished parsing target\inline_e3c12990.sql [  0.02s]
22:47:01.611499 [info ]: Finished parsing [  0.44s]
22:47:01.613785 [info ]: Started scheduling
22:47:01.614279 [info ]: Finished scheduling [  0.00s]
22:47:01.627509 [info ]: Started building task graph
22:47:01.627986 [info ]: Finished building task graph [  0.00s]
22:47:01.636805 [info ]: Started rendering (1 nodes)
22:47:01.637117 [info ]: Started model main.inline
22:47:01.637175 [debug]: Started rendering model main.inline
22:47:01.653704 [debug]: Compiled SQL for node model..inline at target\compiled\target\inline_e3c12990.sql
22:47:01.654057 [debug]: Finished rendering [  0.02s] model main.inline [success]
22:47:01.654465 [info ]: Finished rendering [  0.02s] (1 nodes, 0 skipped, 0 errors)
22:47:01.654848 [info ]: Started analyzing (1 nodes)
22:47:01.655087 [debug]: Started analyzing model main.inline
22:47:01.671575 [debug]: Finished analyzing [  0.02s] model main.inline [success]
22:47:01.672071 [info ]: Finished analyzing [  0.02s] (1 nodes, 0 skipped, 0 errors)
22:47:01.672408 [info ]: Started running (1 nodes)
22:47:01.672679 [info ]: Started running model main.inline
22:47:01.675707 [debug]: DuckDB driver resolved: duckdb 1.5.4
22:47:01.718567 [error]: [Generic (dbt1000)]: Internal: Parser Error: syntax error at or near "limit"

LINE 5:   limit 10
          ^ (sqlstate: [0, 0, 0, 0, 0], vendor_code: -2147483648)
22:47:01.719152 [info ]: Finished running [  0.05s] model main.inline [error]
22:47:01.719632 [info ]: Finished running [  0.05s] (1 nodes, 0 skipped, 1 errors)
22:47:01.720588 [info ]:     Failed model main.inline (ephemeral) [1 of 1 in 0.08s]
22:47:01.795242 [info ]: 
==================== Execution Summary =====================
Finished 'show' with 1 error for target 'dev' [764ms]
==================== 2026-09-21T22:47:07.632329Z | 01a0c626-d06b-7d91-9b70-0068abd982c1 ====================
22:47:07.632692 [info ]: dbt 2.0.6
22:47:07.633589 [info ]: Started loading project
22:47:07.639747 [info ]: Loading profiles.yml
22:47:07.641445 [info ]: Finished loading project [  0.01s]
22:47:07.641865 [info ]: Started debugging
22:47:07.642069 [info ]: Debugging profile: dev
22:47:07.642366 [info ]: Debugging dbt version: 2.0.6
22:47:07.642677 [info ]: Debugging platform: windows x86_64 (windows)
22:47:07.642980 [info ]: Debugging adapter type: duckdb (remote)
22:47:07.720074 [info ]: Debugging dependencies:
  git: OK
22:47:07.720833 [info ]: Debugging connection:
  "path": "monitoring.duckdb"
22:47:07.724429 [debug]: DuckDB driver resolved: duckdb 1.5.4
22:47:07.763595 [debug]: borrow_tlocal_connection() took 41.5212ms
22:47:07.765963 [debug]: create_debug_span(...).entered() took 50.8µs
22:47:07.766926 [debug]: stmt.execute() (submit+wait_for_completion, returns reader) took 302.7µs
22:47:07.766952 [debug]: reader.schema() took 7.2µs
22:47:07.766985 [debug]: do_execute(conn) (closure: stmt.execute + schema + batch loop) took 1.0068ms
22:47:07.767049 [debug]: concat_batches + normalize_result_column_names took 58.3µs
22:47:07.767076 [debug]: record_current_span_status_from_attrs took 15.3µs
22:47:07.767090 [debug]: Query executed on node unknown:
select 1 as id
22:47:07.767121 [debug]: drop(query_span_guard) (span exit/export) took 38.6µs
22:47:07.767268 [debug]: adapter.execute() (full call, incl. adbc_execute_with_options) took 3.6297ms
22:47:07.767370 [info ]: Debugging connection test: OK
22:47:07.774484 [info ]: Debugged All checks passed!
22:47:07.775176 [info ]: Finished debugging [  0.13s]
22:47:08.223780 [info ]: 
==================== Execution Summary =====================
Finished 'debug' successfully for target 'dev' [591ms]
==================== 2026-09-21T22:47:10.759366Z | 01a0c626-dca1-7e40-86b0-ad7fab3e2842 ====================
22:47:10.759736 [info ]: dbt 2.0.6
22:47:10.760857 [info ]: Started loading project
22:47:10.767355 [info ]: Loading profiles.yml
22:47:10.775493 [debug]:    Started loading packages
22:47:10.785208 [debug]:     Loaded [  0.01s] packages
22:47:10.790680 [info ]: Finished loading project [  0.03s]
22:47:10.792065 [info ]: Started parsing
22:47:10.866137 [debug]: Finished parsing models/marts/schema.yml [  0.00s]
22:47:10.866864 [debug]: Finished parsing models/sources.yml [  0.00s]
22:47:10.872378 [debug]: Finished parsing target\inline_696af3e6.sql [  0.01s]
22:47:10.875374 [debug]: Finished parsing models/intermediate/int_kafka_pipeline_runs.sql [  0.00s]
22:47:10.876775 [debug]: Finished parsing models/marts/fct_pipeline_monitoring.sql [  0.00s]
22:47:10.877643 [debug]: Finished parsing models/staging/stg_flow_b_runs.sql [  0.00s]
22:47:10.878538 [debug]: Finished parsing models/staging/stg_kafka_events.sql [  0.00s]
22:47:10.879392 [debug]: Finished parsing models/staging/stg_pipeline_a_runs.sql [  0.00s]
22:47:11.192055 [info ]: Finished parsing [  0.40s]
22:47:11.194263 [info ]: Started scheduling
22:47:11.194949 [info ]: Finished scheduling [  0.00s]
22:47:11.206170 [info ]: Started building task graph
22:47:11.206669 [info ]: Finished building task graph [  0.00s]
22:47:11.213460 [info ]: Started rendering (1 nodes)
22:47:11.213812 [info ]: Started model main.inline
22:47:11.213847 [debug]: Started rendering model main.inline
22:47:11.217469 [debug]: Compiled SQL for node model..inline at target\compiled\target\inline_696af3e6.sql
22:47:11.218286 [debug]: Finished rendering [  0.00s] model main.inline [success]
22:47:11.218788 [info ]: Finished rendering [  0.01s] (1 nodes, 0 skipped, 0 errors)
22:47:11.219361 [info ]: Started analyzing (1 nodes)
22:47:11.219909 [debug]: Started analyzing model main.inline
22:47:11.233236 [debug]: Finished analyzing [  0.01s] model main.inline [success]
22:47:11.233659 [info ]: Finished analyzing [  0.01s] (1 nodes, 0 skipped, 0 errors)
22:47:11.234081 [info ]: Started running (1 nodes)
22:47:11.234569 [info ]: Started running model main.inline
22:47:11.237886 [debug]: DuckDB driver resolved: duckdb 1.5.4
22:47:11.279421 [error]: [Generic (dbt1000)]: Internal: Parser Error: syntax error at or near "limit"

LINE 5:   limit 10
          ^ (sqlstate: [0, 0, 0, 0, 0], vendor_code: -2147483648)
22:47:11.279654 [info ]: Finished running [  0.05s] model main.inline [error]
22:47:11.280105 [info ]: Finished running [  0.05s] (1 nodes, 0 skipped, 1 errors)
22:47:11.280673 [info ]:     Failed model main.inline (ephemeral) [1 of 1 in 0.06s]
22:47:11.353000 [info ]: 
==================== Execution Summary =====================
Finished 'show' with 1 error for target 'dev' [593ms]
==================== 2026-09-21T22:47:47.805853Z | 01a0c627-6d58-7b72-bc00-623be8c8dd80 ====================
22:47:47.806285 [info ]: dbt 2.0.6
22:47:47.807606 [info ]: Started loading project
22:47:47.815001 [info ]: Loading profiles.yml
22:47:47.822363 [debug]:    Started loading packages
22:47:47.830778 [debug]:     Loaded [  0.01s] packages
22:47:47.849063 [info ]: Finished loading project [  0.04s]
22:47:47.851061 [info ]: Started parsing
22:47:47.931978 [debug]: Finished parsing models/marts/schema.yml [  0.00s]
22:47:47.932637 [debug]: Finished parsing models/sources.yml [  0.00s]
22:47:47.937497 [debug]: Finished parsing target\inline_df403a8c.sql [  0.00s]
22:47:47.942596 [debug]: Finished parsing models/intermediate/int_kafka_pipeline_runs.sql [  0.00s]
22:47:47.943771 [debug]: Finished parsing models/marts/fct_pipeline_monitoring.sql [  0.00s]
22:47:47.944639 [debug]: Finished parsing models/staging/stg_flow_b_runs.sql [  0.00s]
22:47:47.945440 [debug]: Finished parsing models/staging/stg_kafka_events.sql [  0.00s]
22:47:47.946248 [debug]: Finished parsing models/staging/stg_pipeline_a_runs.sql [  0.00s]
22:47:48.334361 [info ]: Finished parsing [  0.48s]
22:47:48.336644 [info ]: Started scheduling
22:47:48.337334 [info ]: Finished scheduling [  0.00s]
22:47:48.350219 [info ]: Started building task graph
22:47:48.350898 [info ]: Finished building task graph [  0.00s]
22:47:48.359022 [info ]: Started rendering (1 nodes)
22:47:48.359378 [info ]: Started model main.inline
22:47:48.359420 [debug]: Started rendering model main.inline
22:47:48.363973 [debug]: Compiled SQL for node model..inline at target\compiled\target\inline_df403a8c.sql
22:47:48.364446 [debug]: Finished rendering [  0.01s] model main.inline [success]
22:47:48.365891 [info ]: Finished rendering [  0.01s] (1 nodes, 0 skipped, 0 errors)
22:47:48.366460 [info ]: Started analyzing (1 nodes)
22:47:48.366683 [debug]: Started analyzing model main.inline
22:47:48.387052 [debug]: Finished analyzing [  0.02s] model main.inline [success]
22:47:48.387632 [info ]: Finished analyzing [  0.02s] (1 nodes, 0 skipped, 0 errors)
22:47:48.388369 [info ]: Started running (1 nodes)
22:47:48.388640 [info ]: Started running model main.inline
22:47:48.392413 [debug]: DuckDB driver resolved: duckdb 1.5.4
22:47:48.437280 [error]: [Generic (dbt1000)]: Internal: Parser Error: syntax error at or near "limit"

LINE 5:   limit 10
          ^ (sqlstate: [0, 0, 0, 0, 0], vendor_code: -2147483648)
22:47:48.437534 [info ]: Finished running [  0.05s] model main.inline [error]
22:47:48.437993 [info ]: Finished running [  0.05s] (1 nodes, 0 skipped, 1 errors)
22:47:48.438484 [info ]:     Failed model main.inline (ephemeral) [1 of 1 in 0.07s]
22:47:48.604609 [info ]: 
==================== Execution Summary =====================
Finished 'show' with 1 error for target 'dev' [798ms]
==================== 2026-09-21T22:48:46.300006Z | 01a0c628-51d5-70a1-bdf9-2c76ba957c12 ====================
22:48:46.300399 [info ]: dbt 2.0.6
22:48:46.301679 [info ]: Started loading project
22:48:46.308161 [info ]: Loading profiles.yml
22:48:46.317500 [debug]:    Started loading packages
22:48:46.327175 [debug]:     Loaded [  0.01s] packages
22:48:46.331145 [info ]: Finished loading project [  0.03s]
22:48:46.332446 [info ]: Started parsing
22:48:46.479881 [debug]: Finished parsing models/marts/schema.yml [  0.00s]
22:48:46.481686 [debug]: Finished parsing models/sources.yml [  0.00s]
22:48:46.489510 [debug]: Finished parsing models/intermediate/int_kafka_pipeline_runs.sql [  0.00s]
22:48:46.490592 [debug]: Finished parsing models/marts/fct_pipeline_monitoring.sql [  0.00s]
22:48:46.491459 [debug]: Finished parsing models/staging/stg_flow_b_runs.sql [  0.00s]
22:48:46.492199 [debug]: Finished parsing models/staging/stg_kafka_events.sql [  0.00s]
22:48:46.493212 [debug]: Finished parsing models/staging/stg_pipeline_a_runs.sql [  0.00s]
22:48:46.495888 [debug]: Finished parsing target\inline_6b7ecd18.sql [  0.02s]
22:48:46.798642 [info ]: Finished parsing [  0.47s]
22:48:46.800527 [info ]: Started scheduling
22:48:46.801070 [info ]: Finished scheduling [  0.00s]
22:48:46.812719 [info ]: Started building task graph
22:48:46.813106 [info ]: Finished building task graph [  0.00s]
22:48:46.822017 [info ]: Started rendering (1 nodes)
22:48:46.822394 [info ]: Started model main.inline
22:48:46.822436 [debug]: Started rendering model main.inline
22:48:46.826121 [debug]: Compiled SQL for node model..inline at target\compiled\target\inline_6b7ecd18.sql
22:48:46.827073 [debug]: Finished rendering [  0.00s] model main.inline [success]
22:48:46.830436 [info ]: Finished rendering [  0.01s] (1 nodes, 0 skipped, 0 errors)
22:48:46.831260 [info ]: Started analyzing (1 nodes)
22:48:46.831583 [debug]: Started analyzing model main.inline
22:48:46.847984 [debug]: Finished analyzing [  0.02s] model main.inline [success]
22:48:46.848426 [info ]: Finished analyzing [  0.02s] (1 nodes, 0 skipped, 0 errors)
22:48:46.848877 [info ]: Started running (1 nodes)
22:48:46.849114 [info ]: Started running model main.inline
22:48:46.852941 [debug]: DuckDB driver resolved: duckdb 1.5.4
22:48:46.900353 [debug]: Query executed on node unknown:

  
  select execution_id, COUNT(*) as event_count from main_raw.raw_kafka_events GROUP BY execution_id ORDER BY execution_id
  
  limit 10

22:48:46.901502 [info ]: [34m[1mQuery[0m [1mshow_sql_operation_inline[0m
┌──────────────┬─────────────┐
│[1m execution_id [0m┆[1m event_count [0m│
╞══════════════╪═════════════╡
│ C-3001       ┆ 3           │
│ C-3002       ┆ 3           │
│ C-3003       ┆ 2           │
└──────────────┴─────────────┘
3 rows.
22:48:46.902043 [info ]: Finished running [  0.05s] model main.inline [success]
22:48:46.902454 [info ]: Finished running [  0.05s] (1 nodes, 0 skipped, 0 errors)
22:48:46.902823 [info ]:  Succeeded model main.inline (ephemeral) [1 of 1 in 0.07s]
22:48:46.973401 [info ]: 
==================== Execution Summary =====================
Finished 'show' successfully for target 'dev' [673ms]
==================== 2026-09-21T22:50:50.132378Z | 01a0c62a-358e-7ee3-a8d3-9a9eb3d6f5e2 ====================
22:50:50.132841 [info ]: dbt 2.0.6
22:50:50.134181 [info ]: Started loading project
22:50:50.153421 [info ]: Loading profiles.yml
22:50:50.240788 [debug]:    Started loading packages
22:50:50.251534 [debug]:     Loaded [  0.01s] packages
22:50:50.257746 [info ]: Finished loading project [  0.12s]
22:50:50.259411 [info ]: Started parsing
22:50:50.351502 [debug]: Finished parsing models/marts/schema.yml [  0.00s]
22:50:50.352180 [debug]: Finished parsing models/sources.yml [  0.00s]
22:50:50.360277 [debug]: Finished parsing models/intermediate/int_kafka_pipeline_runs.sql [  0.00s]
22:50:50.361437 [debug]: Finished parsing models/marts/fct_pipeline_monitoring.sql [  0.00s]
22:50:50.362369 [debug]: Finished parsing models/staging/stg_flow_b_runs.sql [  0.00s]
22:50:50.363242 [debug]: Finished parsing models/staging/stg_kafka_events.sql [  0.00s]
22:50:50.364189 [debug]: Finished parsing models/staging/stg_pipeline_a_runs.sql [  0.00s]
22:50:50.372333 [debug]: Finished parsing target\inline_99771411.sql [  0.02s]
22:50:50.669668 [info ]: Finished parsing [  0.41s]
22:50:50.671574 [info ]: Started scheduling
22:50:50.672092 [info ]: Finished scheduling [  0.00s]
22:50:50.683240 [info ]: Started building task graph
22:50:50.683706 [info ]: Finished building task graph [  0.00s]
22:50:50.690683 [info ]: Started rendering (1 nodes)
22:50:50.691106 [info ]: Started model main.inline
22:50:50.691144 [debug]: Started rendering model main.inline
22:50:50.695585 [debug]: Compiled SQL for node model..inline at target\compiled\target\inline_99771411.sql
22:50:50.695927 [debug]: Finished rendering [  0.00s] model main.inline [success]
22:50:50.696383 [info ]: Finished rendering [  0.01s] (1 nodes, 0 skipped, 0 errors)
22:50:50.696890 [info ]: Started analyzing (1 nodes)
22:50:50.697059 [debug]: Started analyzing model main.inline
22:50:50.713694 [debug]: Finished analyzing [  0.02s] model main.inline [success]
22:50:50.714177 [info ]: Finished analyzing [  0.02s] (1 nodes, 0 skipped, 0 errors)
22:50:50.714531 [info ]: Started running (1 nodes)
22:50:50.714767 [info ]: Started running model main.inline
22:50:50.718637 [debug]: DuckDB driver resolved: duckdb 1.5.4
22:50:50.757149 [error]: [Generic (dbt1000)]: Internal: Parser Error: syntax error at or near "limit"

LINE 5:   limit 10
          ^ (sqlstate: [0, 0, 0, 0, 0], vendor_code: -2147483648)
22:50:50.757496 [info ]: Finished running [  0.04s] model main.inline [error]
22:50:50.758357 [info ]: Finished running [  0.04s] (1 nodes, 0 skipped, 1 errors)
22:50:50.758684 [info ]:     Failed model main.inline (ephemeral) [1 of 1 in 0.06s]
22:50:50.836756 [info ]: 
==================== Execution Summary =====================
Finished 'show' with 1 error for target 'dev' [704ms]
==================== 2026-09-21T22:50:54.458740Z | 01a0c62a-4675-7902-b2a2-661054da9fba ====================
22:50:54.459115 [info ]: dbt 2.0.6
22:50:54.460265 [info ]: Started loading project
22:50:54.466416 [info ]: Loading profiles.yml
22:50:54.489009 [debug]:    Started loading packages
22:50:54.496596 [debug]:     Loaded [  0.01s] packages
22:50:54.501726 [info ]: Finished loading project [  0.04s]
22:50:54.503805 [info ]: Started parsing
22:50:54.589487 [debug]: Finished parsing models/marts/schema.yml [  0.00s]
22:50:54.590061 [debug]: Finished parsing models/sources.yml [  0.00s]
22:50:54.599348 [debug]: Finished parsing models/intermediate/int_kafka_pipeline_runs.sql [  0.00s]
22:50:54.600557 [debug]: Finished parsing models/marts/fct_pipeline_monitoring.sql [  0.00s]
22:50:54.601792 [debug]: Finished parsing models/staging/stg_flow_b_runs.sql [  0.00s]
22:50:54.602712 [debug]: Finished parsing models/staging/stg_kafka_events.sql [  0.00s]
22:50:54.603566 [debug]: Finished parsing models/staging/stg_pipeline_a_runs.sql [  0.00s]
22:50:54.608871 [debug]: Finished parsing target\inline_95bc41f9.sql [  0.02s]
22:50:54.914856 [info ]: Finished parsing [  0.41s]
22:50:54.916897 [info ]: Started scheduling
22:50:54.917430 [info ]: Finished scheduling [  0.00s]
22:50:54.933079 [info ]: Started building task graph
22:50:54.933636 [info ]: Finished building task graph [  0.00s]
22:50:54.941480 [info ]: Started rendering (1 nodes)
22:50:54.941792 [info ]: Started model main.inline
22:50:54.941844 [debug]: Started rendering model main.inline
22:50:54.945625 [debug]: Compiled SQL for node model..inline at target\compiled\target\inline_95bc41f9.sql
22:50:54.945960 [debug]: Finished rendering [  0.00s] model main.inline [success]
22:50:54.946387 [info ]: Finished rendering [  0.00s] (1 nodes, 0 skipped, 0 errors)
22:50:54.946698 [info ]: Started analyzing (1 nodes)
22:50:54.946932 [debug]: Started analyzing model main.inline
22:50:54.963660 [debug]: Finished analyzing [  0.02s] model main.inline [success]
22:50:54.964164 [info ]: Finished analyzing [  0.02s] (1 nodes, 0 skipped, 0 errors)
22:50:54.964687 [info ]: Started running (1 nodes)
22:50:54.964918 [info ]: Started running model main.inline
22:50:54.967902 [debug]: DuckDB driver resolved: duckdb 1.5.4
22:50:55.013654 [error]: [Generic (dbt1000)]: Internal: Catalog Error: Table with name raw_kafka_evnets does not exist!
Did you mean "raw_kafka_events"?

LINE 3: ...events, COUNT(DISTINCT execution_id) as pipeline_runs from main_raw.raw_kafka_evnets group by unique_events
                                                                      ^ (sqlstate: [0, 0, 0, 0, 0], vendor_code: -2147483648)
22:50:55.013891 [info ]: Finished running [  0.05s] model main.inline [error]
22:50:55.014383 [info ]: Finished running [  0.05s] (1 nodes, 0 skipped, 1 errors)
22:50:55.015061 [info ]:     Failed model main.inline (ephemeral) [1 of 1 in 0.07s]
22:50:55.095636 [info ]: 
==================== Execution Summary =====================
Finished 'show' with 1 error for target 'dev' [636ms]
==================== 2026-09-21T22:51:14.555170Z | 01a0c62a-94f5-74f2-a5b2-02ea2c8bf684 ====================
22:51:14.555557 [info ]: dbt 2.0.6
22:51:14.556764 [info ]: Started loading project
22:51:14.562918 [info ]: Loading profiles.yml
22:51:14.570046 [debug]:    Started loading packages
22:51:14.577867 [debug]:     Loaded [  0.01s] packages
22:51:14.594747 [info ]: Finished loading project [  0.04s]
22:51:14.595988 [info ]: Started parsing
22:51:14.667506 [debug]: Finished parsing models/marts/schema.yml [  0.00s]
22:51:14.668243 [debug]: Finished parsing models/sources.yml [  0.00s]
22:51:14.679328 [debug]: Finished parsing models/intermediate/int_kafka_pipeline_runs.sql [  0.00s]
22:51:14.680648 [debug]: Finished parsing models/marts/fct_pipeline_monitoring.sql [  0.00s]
22:51:14.681480 [debug]: Finished parsing models/staging/stg_flow_b_runs.sql [  0.00s]
22:51:14.682262 [debug]: Finished parsing models/staging/stg_kafka_events.sql [  0.00s]
22:51:14.683089 [debug]: Finished parsing models/staging/stg_pipeline_a_runs.sql [  0.00s]
22:51:14.690623 [debug]: Finished parsing target\inline_b74808d7.sql [  0.02s]
22:51:15.003752 [info ]: Finished parsing [  0.41s]
22:51:15.006037 [info ]: Started scheduling
22:51:15.006688 [info ]: Finished scheduling [  0.00s]
22:51:15.024008 [info ]: Started building task graph
22:51:15.024546 [info ]: Finished building task graph [  0.00s]
22:51:15.031764 [info ]: Started rendering (1 nodes)
22:51:15.032082 [info ]: Started model main.inline
22:51:15.032113 [debug]: Started rendering model main.inline
22:51:15.036230 [debug]: Compiled SQL for node model..inline at target\compiled\target\inline_b74808d7.sql
22:51:15.036966 [debug]: Finished rendering [  0.00s] model main.inline [success]
22:51:15.037537 [info ]: Finished rendering [  0.01s] (1 nodes, 0 skipped, 0 errors)
22:51:15.038142 [info ]: Started analyzing (1 nodes)
22:51:15.038397 [debug]: Started analyzing model main.inline
22:51:15.054828 [debug]: Finished analyzing [  0.02s] model main.inline [success]
22:51:15.055308 [info ]: Finished analyzing [  0.02s] (1 nodes, 0 skipped, 0 errors)
22:51:15.055836 [info ]: Started running (1 nodes)
22:51:15.056121 [info ]: Started running model main.inline
22:51:15.059360 [debug]: DuckDB driver resolved: duckdb 1.5.4
22:51:15.105008 [error]: [Generic (dbt1000)]: Internal: Catalog Error: Table with name raw_kafka_evnets does not exist!
Did you mean "raw_kafka_events"?

LINE 3: ...events, COUNT(distinct execution_id) as pipeline_runs from main_raw.raw_kafka_evnets group by unique_events
                                                                      ^ (sqlstate: [0, 0, 0, 0, 0], vendor_code: -2147483648)
22:51:15.105234 [info ]: Finished running [  0.05s] model main.inline [error]
22:51:15.105625 [info ]: Finished running [  0.05s] (1 nodes, 0 skipped, 1 errors)
22:51:15.106080 [info ]:     Failed model main.inline (ephemeral) [1 of 1 in 0.07s]
22:51:15.185441 [info ]: 
==================== Execution Summary =====================
Finished 'show' with 1 error for target 'dev' [630ms]
==================== 2026-09-21T22:51:29.975358Z | 01a0c62a-d131-7e53-a2c1-68875e01355e ====================
22:51:29.975739 [info ]: dbt 2.0.6
22:51:29.976872 [info ]: Started loading project
22:51:29.983246 [info ]: Loading profiles.yml
22:51:29.991187 [debug]:    Started loading packages
22:51:29.999825 [debug]:     Loaded [  0.01s] packages
22:51:30.005440 [info ]: Finished loading project [  0.03s]
22:51:30.006961 [info ]: Started parsing
22:51:30.085057 [debug]: Finished parsing models/marts/schema.yml [  0.00s]
22:51:30.085672 [debug]: Finished parsing models/sources.yml [  0.00s]
22:51:30.094312 [debug]: Finished parsing models/intermediate/int_kafka_pipeline_runs.sql [  0.00s]
22:51:30.095688 [debug]: Finished parsing models/marts/fct_pipeline_monitoring.sql [  0.00s]
22:51:30.096586 [debug]: Finished parsing models/staging/stg_flow_b_runs.sql [  0.00s]
22:51:30.097442 [debug]: Finished parsing models/staging/stg_kafka_events.sql [  0.00s]
22:51:30.098315 [debug]: Finished parsing models/staging/stg_pipeline_a_runs.sql [  0.00s]
22:51:30.102218 [debug]: Finished parsing target\inline_a95740b1.sql [  0.02s]
22:51:30.412055 [info ]: Finished parsing [  0.41s]
22:51:30.414083 [info ]: Started scheduling
22:51:30.414564 [info ]: Finished scheduling [  0.00s]
22:51:30.425462 [info ]: Started building task graph
22:51:30.426222 [info ]: Finished building task graph [  0.00s]
22:51:30.432720 [info ]: Started rendering (1 nodes)
22:51:30.433129 [info ]: Started model main.inline
22:51:30.433193 [debug]: Started rendering model main.inline
22:51:30.452664 [debug]: Compiled SQL for node model..inline at target\compiled\target\inline_a95740b1.sql
22:51:30.453385 [debug]: Finished rendering [  0.02s] model main.inline [success]
22:51:30.454239 [info ]: Finished rendering [  0.02s] (1 nodes, 0 skipped, 0 errors)
22:51:30.455036 [info ]: Started analyzing (1 nodes)
22:51:30.455274 [debug]: Started analyzing model main.inline
22:51:30.471268 [debug]: Finished analyzing [  0.02s] model main.inline [success]
22:51:30.471832 [info ]: Finished analyzing [  0.02s] (1 nodes, 0 skipped, 0 errors)
22:51:30.472309 [info ]: Started running (1 nodes)
22:51:30.472667 [info ]: Started running model main.inline
22:51:30.475517 [debug]: DuckDB driver resolved: duckdb 1.5.4
22:51:30.520533 [debug]: Query executed on node unknown:

  
  select
    count(*) as total_rows,
    count(distinct event_id) as unique_events,
    count(distinct execution_id) as unique_pipeline_runs
from main_raw.raw_kafka_events
  
  limit 10

22:51:30.521818 [info ]: [34m[1mQuery[0m [1mshow_sql_operation_inline[0m
┌────────────┬───────────────┬──────────────────────┐
│[1m total_rows [0m┆[1m unique_events [0m┆[1m unique_pipeline_runs [0m│
╞════════════╪═══════════════╪══════════════════════╡
│ 8          ┆ 8             ┆ 3                    │
└────────────┴───────────────┴──────────────────────┘
1 rows.
22:51:30.523035 [info ]: Finished running [  0.05s] model main.inline [success]
22:51:30.523444 [info ]: Finished running [  0.05s] (1 nodes, 0 skipped, 0 errors)
22:51:30.524026 [info ]:  Succeeded model main.inline (ephemeral) [1 of 1 in 0.09s]
22:51:30.602080 [info ]: 
==================== Execution Summary =====================
Finished 'show' successfully for target 'dev' [626ms]
==================== 2026-09-21T22:51:55.200890Z | 01a0c62b-33bb-7dc0-a844-e31d37edc06b ====================
22:51:55.201287 [info ]: dbt 2.0.6
22:51:55.202460 [info ]: Started loading project
22:51:55.209014 [info ]: Loading profiles.yml
22:51:55.217626 [debug]:    Started loading packages
22:51:55.226271 [debug]:     Loaded [  0.01s] packages
22:51:55.229967 [info ]: Finished loading project [  0.03s]
22:51:55.231249 [info ]: Started parsing
22:51:55.308865 [debug]: Finished parsing models/marts/schema.yml [  0.00s]
22:51:55.309565 [debug]: Finished parsing models/sources.yml [  0.00s]
22:51:55.322141 [debug]: Finished parsing models/intermediate/int_kafka_pipeline_runs.sql [  0.00s]
22:51:55.323488 [debug]: Finished parsing models/marts/fct_pipeline_monitoring.sql [  0.00s]
22:51:55.324464 [debug]: Finished parsing models/staging/stg_flow_b_runs.sql [  0.00s]
22:51:55.325360 [debug]: Finished parsing models/staging/stg_kafka_events.sql [  0.00s]
22:51:55.326334 [debug]: Finished parsing models/staging/stg_pipeline_a_runs.sql [  0.00s]
22:51:55.330551 [debug]: Finished parsing target\inline_3bdcb284.sql [  0.02s]
22:51:55.652919 [info ]: Finished parsing [  0.42s]
22:51:55.655121 [info ]: Started scheduling
22:51:55.655643 [info ]: Finished scheduling [  0.00s]
22:51:55.671081 [info ]: Started building task graph
22:51:55.671825 [info ]: Finished building task graph [  0.00s]
22:51:55.678804 [info ]: Started rendering (1 nodes)
22:51:55.679134 [info ]: Started model main.inline
22:51:55.679185 [debug]: Started rendering model main.inline
22:51:55.682940 [debug]: Compiled SQL for node model..inline at target\compiled\target\inline_3bdcb284.sql
22:51:55.683224 [debug]: Finished rendering [  0.00s] model main.inline [success]
22:51:55.683658 [info ]: Finished rendering [  0.00s] (1 nodes, 0 skipped, 0 errors)
22:51:55.684080 [info ]: Started analyzing (1 nodes)
22:51:55.684292 [debug]: Started analyzing model main.inline
22:51:55.701981 [debug]: Finished analyzing [  0.02s] model main.inline [success]
22:51:55.702487 [info ]: Finished analyzing [  0.02s] (1 nodes, 0 skipped, 0 errors)
22:51:55.703045 [info ]: Started running (1 nodes)
22:51:55.703298 [info ]: Started running model main.inline
22:51:55.706594 [debug]: DuckDB driver resolved: duckdb 1.5.4
22:51:55.748384 [error]: [Generic (dbt1000)]: Internal: Binder Error: GROUP BY clause cannot contain aggregates!

LINE 6:     count(distinct execution_id) as unique_pipeline_runs
            ^ (sqlstate: [0, 0, 0, 0, 0], vendor_code: -2147483648)
22:51:55.748654 [info ]: Finished running [  0.05s] model main.inline [error]
22:51:55.749126 [info ]: Finished running [  0.05s] (1 nodes, 0 skipped, 1 errors)
22:51:55.749777 [info ]:     Failed model main.inline (ephemeral) [1 of 1 in 0.07s]
22:51:55.826877 [info ]: 
==================== Execution Summary =====================
Finished 'show' with 1 error for target 'dev' [625ms]
==================== 2026-09-21T22:52:09.265712Z | 01a0c62b-6aac-7980-a275-3c3f17155b70 ====================
22:52:09.266092 [info ]: dbt 2.0.6
22:52:09.267287 [info ]: Started loading project
22:52:09.273394 [info ]: Loading profiles.yml
22:52:09.283630 [debug]:    Started loading packages
22:52:09.292595 [debug]:     Loaded [  0.01s] packages
22:52:09.296501 [info ]: Finished loading project [  0.03s]
22:52:09.297852 [info ]: Started parsing
22:52:09.378952 [debug]: Finished parsing models/marts/schema.yml [  0.00s]
22:52:09.379528 [debug]: Finished parsing models/sources.yml [  0.00s]
22:52:09.393657 [debug]: Finished parsing models/intermediate/int_kafka_pipeline_runs.sql [  0.01s]
22:52:09.396084 [debug]: Finished parsing models/marts/fct_pipeline_monitoring.sql [  0.00s]
22:52:09.404617 [debug]: Finished parsing target\inline_a5296627.sql [  0.02s]
22:52:09.440874 [debug]: Finished parsing models/staging/stg_flow_b_runs.sql [  0.04s]
22:52:09.467664 [debug]: Finished parsing models/staging/stg_kafka_events.sql [  0.03s]
22:52:09.501731 [debug]: Finished parsing models/staging/stg_pipeline_a_runs.sql [  0.03s]
22:52:09.801185 [info ]: Finished parsing [  0.50s]
22:52:09.804284 [info ]: Started scheduling
22:52:09.805173 [info ]: Finished scheduling [  0.00s]
22:52:09.816240 [info ]: Started building task graph
22:52:09.816615 [info ]: Finished building task graph [  0.00s]
22:52:09.823612 [info ]: Started rendering (1 nodes)
22:52:09.823931 [info ]: Started model main.inline
22:52:09.824004 [debug]: Started rendering model main.inline
22:52:09.827826 [debug]: Compiled SQL for node model..inline at target\compiled\target\inline_a5296627.sql
22:52:09.828678 [debug]: Finished rendering [  0.00s] model main.inline [success]
22:52:09.833071 [info ]: Finished rendering [  0.01s] (1 nodes, 0 skipped, 0 errors)
22:52:09.833714 [info ]: Started analyzing (1 nodes)
22:52:09.833915 [debug]: Started analyzing model main.inline
22:52:09.853250 [debug]: Finished analyzing [  0.02s] model main.inline [success]
22:52:09.853754 [info ]: Finished analyzing [  0.02s] (1 nodes, 0 skipped, 0 errors)
22:52:09.854430 [info ]: Started running (1 nodes)
22:52:09.854665 [info ]: Started running model main.inline
22:52:09.858133 [debug]: DuckDB driver resolved: duckdb 1.5.4
22:52:09.908027 [debug]: Query executed on node unknown:

  
  select
    count(*) as total_rows,
    count(distinct event_id) as unique_events,
    count(distinct execution_id) as unique_pipeline_runs
from main_raw.raw_kafka_events group by execution_id
  
  limit 10

22:52:09.909062 [info ]: [34m[1mQuery[0m [1mshow_sql_operation_inline[0m
┌────────────┬───────────────┬──────────────────────┐
│[1m total_rows [0m┆[1m unique_events [0m┆[1m unique_pipeline_runs [0m│
╞════════════╪═══════════════╪══════════════════════╡
│ 3          ┆ 3             ┆ 1                    │
│ 3          ┆ 3             ┆ 1                    │
│ 2          ┆ 2             ┆ 1                    │
└────────────┴───────────────┴──────────────────────┘
3 rows.
22:52:09.909644 [info ]: Finished running [  0.05s] model main.inline [success]
22:52:09.910199 [info ]: Finished running [  0.06s] (1 nodes, 0 skipped, 0 errors)
22:52:09.910601 [info ]:  Succeeded model main.inline (ephemeral) [1 of 1 in 0.08s]
22:52:09.985942 [info ]: 
==================== Execution Summary =====================
Finished 'show' successfully for target 'dev' [720ms]
==================== 2026-09-21T22:53:58.264936Z | 01a0c62d-1473-7293-a91c-fc507f8dd1ae ====================
22:53:58.265289 [info ]: dbt 2.0.6
22:53:58.266483 [info ]: Started loading project
22:53:58.272679 [info ]: Loading profiles.yml
22:53:58.281404 [debug]:    Started loading packages
22:53:58.291222 [debug]:     Loaded [  0.01s] packages
22:53:58.294921 [info ]: Finished loading project [  0.03s]
22:53:58.296175 [info ]: Started parsing
22:53:58.366270 [debug]: Finished parsing models/marts/schema.yml [  0.00s]
22:53:58.366913 [debug]: Finished parsing models/sources.yml [  0.00s]
22:53:58.375589 [debug]: Finished parsing models/intermediate/int_kafka_pipeline_runs.sql [  0.00s]
22:53:58.376849 [debug]: Finished parsing models/marts/fct_pipeline_monitoring.sql [  0.00s]
22:53:58.377702 [debug]: Finished parsing models/staging/stg_flow_b_runs.sql [  0.00s]
22:53:58.378483 [debug]: Finished parsing models/staging/stg_kafka_events.sql [  0.00s]
22:53:58.379286 [debug]: Finished parsing models/staging/stg_pipeline_a_runs.sql [  0.00s]
22:53:58.386591 [debug]: Finished parsing target\inline_0d1a0f5f.sql [  0.02s]
22:53:58.703833 [info ]: Finished parsing [  0.41s]
22:53:58.705928 [info ]: Started scheduling
22:53:58.706388 [info ]: Finished scheduling [  0.00s]
22:53:58.717719 [info ]: Started building task graph
22:53:58.718339 [info ]: Finished building task graph [  0.00s]
22:53:58.724230 [info ]: Started rendering (1 nodes)
22:53:58.724567 [info ]: Started model main.inline
22:53:58.724614 [debug]: Started rendering model main.inline
22:53:58.730548 [debug]: Compiled SQL for node model..inline at target\compiled\target\inline_0d1a0f5f.sql
22:53:58.731462 [debug]: Finished rendering [  0.01s] model main.inline [success]
22:53:58.732932 [info ]: Finished rendering [  0.01s] (1 nodes, 0 skipped, 0 errors)
22:53:58.733556 [info ]: Started analyzing (1 nodes)
22:53:58.733737 [debug]: Started analyzing model main.inline
22:53:58.741694 [debug]: Finished analyzing [  0.01s] model main.inline [success]
22:53:58.742117 [info ]: Finished analyzing [  0.01s] (1 nodes, 0 skipped, 0 errors)
22:53:58.742486 [info ]: Started running (1 nodes)
22:53:58.742700 [info ]: Started running model main.inline
22:53:58.745789 [debug]: DuckDB driver resolved: duckdb 1.5.4
22:53:58.784194 [error]: [Generic (dbt1000)]: Internal: Catalog Error: Table with name "raw_main.raw_kafka_events" does not exist because schema "raw_main" does not exist.

LINE 3:   select * from raw_main.raw_kafka_events
                        ^ (sqlstate: [0, 0, 0, 0, 0], vendor_code: -2147483648)
22:53:58.784425 [info ]: Finished running [  0.04s] model main.inline [error]
22:53:58.785170 [info ]: Finished running [  0.04s] (1 nodes, 0 skipped, 1 errors)
22:53:58.785633 [info ]:     Failed model main.inline (ephemeral) [1 of 1 in 0.05s]
22:53:58.870038 [info ]: 
==================== Execution Summary =====================
Finished 'show' with 1 error for target 'dev' [605ms]
==================== 2026-09-21T22:54:15.370008Z | 01a0c62d-5744-7513-bd52-66dede961394 ====================
22:54:15.370385 [info ]: dbt 2.0.6
22:54:15.371537 [info ]: Started loading project
22:54:15.378239 [info ]: Loading profiles.yml
22:54:15.385363 [debug]:    Started loading packages
22:54:15.394104 [debug]:     Loaded [  0.01s] packages
22:54:15.398289 [info ]: Finished loading project [  0.03s]
22:54:15.399571 [info ]: Started parsing
22:54:15.473693 [debug]: Finished parsing models/marts/schema.yml [  0.00s]
22:54:15.474301 [debug]: Finished parsing models/sources.yml [  0.00s]
22:54:15.476763 [debug]: Finished parsing target\inline_683f818b.sql [  0.00s]
22:54:15.481726 [debug]: Finished parsing models/intermediate/int_kafka_pipeline_runs.sql [  0.00s]
22:54:15.483162 [debug]: Finished parsing models/marts/fct_pipeline_monitoring.sql [  0.00s]
22:54:15.484521 [debug]: Finished parsing models/staging/stg_flow_b_runs.sql [  0.00s]
22:54:15.485524 [debug]: Finished parsing models/staging/stg_kafka_events.sql [  0.00s]
22:54:15.486608 [debug]: Finished parsing models/staging/stg_pipeline_a_runs.sql [  0.00s]
22:54:15.786634 [info ]: Finished parsing [  0.39s]
22:54:15.788781 [info ]: Started scheduling
22:54:15.789283 [info ]: Finished scheduling [  0.00s]
22:54:15.800272 [info ]: Started building task graph
22:54:15.800715 [info ]: Finished building task graph [  0.00s]
22:54:15.807173 [info ]: Started rendering (1 nodes)
22:54:15.807473 [info ]: Started model main.inline
22:54:15.807520 [debug]: Started rendering model main.inline
22:54:15.811182 [debug]: Compiled SQL for node model..inline at target\compiled\target\inline_683f818b.sql
22:54:15.811480 [debug]: Finished rendering [  0.00s] model main.inline [success]
22:54:15.812040 [info ]: Finished rendering [  0.00s] (1 nodes, 0 skipped, 0 errors)
22:54:15.812794 [info ]: Started analyzing (1 nodes)
22:54:15.813043 [debug]: Started analyzing model main.inline
22:54:15.821693 [debug]: Finished analyzing [  0.01s] model main.inline [success]
22:54:15.822664 [info ]: Finished analyzing [  0.01s] (1 nodes, 0 skipped, 0 errors)
22:54:15.823649 [info ]: Started running (1 nodes)
22:54:15.823841 [info ]: Started running model main.inline
22:54:15.827495 [debug]: DuckDB driver resolved: duckdb 1.5.4
22:54:15.881394 [debug]: Query executed on node unknown:

  
  select * from main_raw.raw_kafka_events
  
  limit 10

22:54:15.882750 [info ]: [34m[1mQuery[0m [1mshow_sql_operation_inline[0m
┌──────────┬──────────────┬──────────────────┬─────────────────────────┬─────────────────────┬───────────┬─────────────┬───────────────────┬───────────────┐
│[1m event_id [0m┆[1m execution_id [0m┆[1m workflow_name    [0m┆[1m event_type              [0m┆[1m event_ts            [0m┆[1m sample_id [0m┆[1m environment [0m┆[1m processed_records [0m┆[1m error_text    [0m│
╞══════════╪══════════════╪══════════════════╪═════════════════════════╪═════════════════════╪═══════════╪═════════════╪═══════════════════╪═══════════════╡
│ E-001    ┆ C-3001       ┆ SOMATIC_CALLING  ┆ PIPELINE_STARTED        ┆ 2026-09-20T12:00:00 ┆ S021      ┆ prod        ┆ 0                 ┆               │
│ E-002    ┆ C-3001       ┆ SOMATIC_CALLING  ┆ QC_FINISHED             ┆ 2026-09-20T12:04:00 ┆ S021      ┆ prod        ┆ 180000            ┆               │
│ E-003    ┆ C-3001       ┆ SOMATIC_CALLING  ┆ PIPELINE_FINISHED       ┆ 2026-09-20T12:31:30 ┆ S021      ┆ prod        ┆ 978221            ┆               │
│ E-004    ┆ C-3002       ┆ SOMATIC_CALLING  ┆ PIPELINE_STARTED        ┆ 2026-09-20T13:00:00 ┆ S022      ┆ prod        ┆ 0                 ┆               │
│ E-005    ┆ C-3002       ┆ SOMATIC_CALLING  ┆ ALIGNMENT_STARTED       ┆ 2026-09-20T13:05:00 ┆ S022      ┆ prod        ┆ 154210            ┆               │
│ E-006    ┆ C-3002       ┆ SOMATIC_CALLING  ┆ PIPELINE_FAILED         ┆ 2026-09-20T13:16:22 ┆ S022      ┆ prod        ┆ 401903            ┆ Out of memory │
│ E-007    ┆ C-3003       ┆ GERMLINE_CALLING ┆ PIPELINE_STARTED        ┆ 2026-09-20T14:00:00 ┆ S023      ┆ staging     ┆ 0                 ┆               │
│ E-008    ┆ C-3003       ┆ GERMLINE_CALLING ┆ VARIANT_CALLING_STARTED ┆ 2026-09-20T14:14:10 ┆ S023      ┆ staging     ┆ 633120            ┆               │
└──────────┴──────────────┴──────────────────┴─────────────────────────┴─────────────────────┴───────────┴─────────────┴───────────────────┴───────────────┘
8 rows.
22:54:15.883337 [info ]: Finished running [  0.06s] model main.inline [success]
22:54:15.883723 [info ]: Finished running [  0.06s] (1 nodes, 0 skipped, 0 errors)
22:54:15.884218 [info ]:  Succeeded model main.inline (ephemeral) [1 of 1 in 0.07s]
22:54:16.039383 [info ]: 
==================== Execution Summary =====================
Finished 'show' successfully for target 'dev' [669ms]
==================== 2026-09-21T22:57:25.875255Z | 01a0c630-3f6d-7040-945f-a0e22a557eb2 ====================
22:57:25.875591 [info ]: dbt 2.0.6
22:57:25.876650 [info ]: Started loading project
22:57:25.882784 [info ]: Loading profiles.yml
22:57:25.890184 [debug]:    Started loading packages
22:57:25.898881 [debug]:     Loaded [  0.01s] packages
22:57:25.904346 [info ]: Finished loading project [  0.03s]
22:57:25.906033 [info ]: Started parsing
22:57:26.054492 [debug]: Finished parsing models/marts/schema.yml [  0.00s]
22:57:26.055254 [debug]: Finished parsing models/sources.yml [  0.00s]
22:57:26.067076 [debug]: Finished parsing models/intermediate/int_kafka_pipeline_runs.sql [  0.00s]
22:57:26.068637 [debug]: Finished parsing models/marts/fct_pipeline_monitoring.sql [  0.00s]
22:57:26.069597 [debug]: Finished parsing models/staging/stg_flow_b_runs.sql [  0.00s]
22:57:26.070532 [debug]: Finished parsing models/staging/stg_kafka_events.sql [  0.00s]
22:57:26.071616 [debug]: Finished parsing models/staging/stg_pipeline_a_runs.sql [  0.00s]
22:57:26.083389 [debug]: Finished parsing target\inline_9b2f7685.sql [  0.02s]
22:57:26.368046 [info ]: Finished parsing [  0.46s]
22:57:26.370227 [info ]: Started scheduling
22:57:26.370696 [info ]: Finished scheduling [  0.00s]
22:57:26.383030 [info ]: Started building task graph
22:57:26.383553 [info ]: Finished building task graph [  0.00s]
22:57:26.389772 [info ]: Started rendering (1 nodes)
22:57:26.390084 [info ]: Started model main.inline
22:57:26.390125 [debug]: Started rendering model main.inline
22:57:26.395367 [debug]: Compiled SQL for node model..inline at target\compiled\target\inline_9b2f7685.sql
22:57:26.395897 [debug]: Finished rendering [  0.01s] model main.inline [success]
22:57:26.396386 [info ]: Finished rendering [  0.01s] (1 nodes, 0 skipped, 0 errors)
22:57:26.396978 [info ]: Started analyzing (1 nodes)
22:57:26.397166 [debug]: Started analyzing model main.inline
22:57:26.409160 [warn ]: [SyntaxInvalid (dbt0101)]: mismatched input '%' expecting one of <EOF>, ';'
  --> target/inline_9b2f7685.sql:1:67 (target\compiled\target\inline_9b2f7685.sql:1:67)
22:57:26.409381 [debug]: Finished analyzing [  0.01s] model main.inline [success]
22:57:26.409814 [info ]: Finished analyzing [  0.01s] (1 nodes, 0 skipped, 0 errors)
22:57:26.410162 [info ]: Started running (1 nodes)
22:57:26.410393 [info ]: Started running model main.inline
22:57:26.414023 [debug]: DuckDB driver resolved: duckdb 1.5.4
22:57:26.452602 [error]: [Generic (dbt1000)]: Internal: Parser Error: syntax error at or near "%"

LINE 3: ... event_type as status, event_ts as started, event_type LIKE %_FINISHED% from main_raw.raw_kafka_events
                                                                       ^ (sqlstate: [0, 0, 0, 0, 0], vendor_code: -2147483648)
22:57:26.453205 [info ]: Finished running [  0.04s] model main.inline [error]
22:57:26.453994 [info ]: Finished running [  0.04s] (1 nodes, 0 skipped, 1 errors)
22:57:26.454487 [info ]:     Failed model main.inline (ephemeral) [1 of 1 in 0.06s]
22:57:26.536934 [info ]: 
==================== Execution Summary =====================
Finished 'show' with 1 warning and 1 error for target 'dev' [661ms]
==================== 2026-09-21T22:58:04.028978Z | 01a0c630-d477-7db1-a6f9-f98f594eb143 ====================
22:58:04.029360 [info ]: dbt 2.0.6
22:58:04.030488 [info ]: Started loading project
22:58:04.036675 [info ]: Loading profiles.yml
22:58:04.044682 [debug]:    Started loading packages
22:58:04.054874 [debug]:     Loaded [  0.01s] packages
22:58:04.059960 [info ]: Finished loading project [  0.03s]
22:58:04.061288 [info ]: Started parsing
22:58:04.136521 [debug]: Finished parsing models/marts/schema.yml [  0.00s]
22:58:04.137094 [debug]: Finished parsing models/sources.yml [  0.00s]
22:58:04.151106 [debug]: Finished parsing models/intermediate/int_kafka_pipeline_runs.sql [  0.00s]
22:58:04.155569 [debug]: Finished parsing models/marts/fct_pipeline_monitoring.sql [  0.00s]
22:58:04.156913 [debug]: Finished parsing models/staging/stg_flow_b_runs.sql [  0.00s]
22:58:04.157912 [debug]: Finished parsing models/staging/stg_kafka_events.sql [  0.00s]
22:58:04.158895 [debug]: Finished parsing models/staging/stg_pipeline_a_runs.sql [  0.00s]
22:58:04.159979 [debug]: Finished parsing target\inline_d44d4ff5.sql [  0.02s]
22:58:04.457410 [info ]: Finished parsing [  0.40s]
22:58:04.459327 [info ]: Started scheduling
22:58:04.460013 [info ]: Finished scheduling [  0.00s]
22:58:04.474403 [info ]: Started building task graph
22:58:04.474989 [info ]: Finished building task graph [  0.00s]
22:58:04.480902 [info ]: Started rendering (1 nodes)
22:58:04.481207 [info ]: Started model main.inline
22:58:04.481256 [debug]: Started rendering model main.inline
22:58:04.485357 [debug]: Compiled SQL for node model..inline at target\compiled\target\inline_d44d4ff5.sql
22:58:04.485702 [debug]: Finished rendering [  0.00s] model main.inline [success]
22:58:04.487645 [info ]: Finished rendering [  0.01s] (1 nodes, 0 skipped, 0 errors)
22:58:04.487972 [info ]: Started analyzing (1 nodes)
22:58:04.488127 [debug]: Started analyzing model main.inline
22:58:04.499289 [warn ]: [SyntaxInvalid (dbt0101)]: mismatched input '%' expecting one of <EOF>, ';'
  --> target/inline_d44d4ff5.sql:1:67 (target\compiled\target\inline_d44d4ff5.sql:1:67)
22:58:04.499478 [debug]: Finished analyzing [  0.01s] model main.inline [success]
22:58:04.499941 [info ]: Finished analyzing [  0.01s] (1 nodes, 0 skipped, 0 errors)
22:58:04.500448 [info ]: Started running (1 nodes)
22:58:04.500729 [info ]: Started running model main.inline
22:58:04.504276 [debug]: DuckDB driver resolved: duckdb 1.5.4
22:58:04.546088 [error]: [Generic (dbt1000)]: Internal: Parser Error: syntax error at or near "%"

LINE 3: ... event_type as status, event_ts as started, event_type LIKE %_FINISHED% from main_raw.raw_kafka_events group by executi...
                                                                       ^ (sqlstate: [0, 0, 0, 0, 0], vendor_code: -2147483648)
22:58:04.546309 [info ]: Finished running [  0.05s] model main.inline [error]
22:58:04.546837 [info ]: Finished running [  0.05s] (1 nodes, 0 skipped, 1 errors)
22:58:04.548149 [info ]:     Failed model main.inline (ephemeral) [1 of 1 in 0.06s]
22:58:04.625544 [info ]: 
==================== Execution Summary =====================
Finished 'show' with 1 warning and 1 error for target 'dev' [596ms]
==================== 2026-09-21T23:02:38.058892Z | 01a0c635-02e4-7d31-a8af-34286a6180de ====================
23:02:38.059451 [info ]: dbt 2.0.6
23:02:38.061045 [info ]: Started loading project
23:02:38.067954 [info ]: Loading profiles.yml
23:02:38.076613 [debug]:    Started loading packages
23:02:38.083841 [debug]:     Loaded [  0.01s] packages
23:02:38.090143 [info ]: Finished loading project [  0.03s]
23:02:38.091555 [info ]: Started parsing
23:02:38.178024 [debug]: Finished parsing models/marts/schema.yml [  0.00s]
23:02:38.178649 [debug]: Finished parsing models/sources.yml [  0.00s]
23:02:38.182659 [debug]: Finished parsing target\inline_abf72fa0.sql [  0.00s]
23:02:38.185748 [debug]: Finished parsing models/intermediate/int_kafka_pipeline_runs.sql [  0.00s]
23:02:38.186788 [debug]: Finished parsing models/marts/fct_pipeline_monitoring.sql [  0.00s]
23:02:38.187926 [debug]: Finished parsing models/staging/stg_flow_b_runs.sql [  0.00s]
23:02:38.188727 [debug]: Finished parsing models/staging/stg_kafka_events.sql [  0.00s]
23:02:38.189568 [debug]: Finished parsing models/staging/stg_pipeline_a_runs.sql [  0.00s]
23:02:38.567800 [info ]: Finished parsing [  0.48s]
23:02:38.570439 [info ]: Started scheduling
23:02:38.570992 [info ]: Finished scheduling [  0.00s]
23:02:38.584688 [info ]: Started building task graph
23:02:38.585201 [info ]: Finished building task graph [  0.00s]
23:02:38.593144 [info ]: Started rendering (1 nodes)
23:02:38.593456 [info ]: Started model main.inline
23:02:38.593495 [debug]: Started rendering model main.inline
23:02:38.597580 [debug]: Compiled SQL for node model..inline at target\compiled\target\inline_abf72fa0.sql
23:02:38.598260 [debug]: Finished rendering [  0.00s] model main.inline [success]
23:02:38.598724 [info ]: Finished rendering [  0.01s] (1 nodes, 0 skipped, 0 errors)
23:02:38.599216 [info ]: Started analyzing (1 nodes)
23:02:38.599474 [debug]: Started analyzing model main.inline
23:02:38.611367 [warn ]: [SyntaxInvalid (dbt0101)]: mismatched input '%' expecting one of <EOF>, ';'
  --> target/inline_abf72fa0.sql:1:67 (target\compiled\target\inline_abf72fa0.sql:1:67)
23:02:38.611594 [debug]: Finished analyzing [  0.01s] model main.inline [success]
23:02:38.612427 [info ]: Finished analyzing [  0.01s] (1 nodes, 0 skipped, 0 errors)
23:02:38.613113 [info ]: Started running (1 nodes)
23:02:38.613419 [info ]: Started running model main.inline
23:02:38.616392 [debug]: DuckDB driver resolved: duckdb 1.5.4
23:02:38.653534 [error]: [Generic (dbt1000)]: Internal: Parser Error: syntax error at or near "%"

LINE 3: ... event_type as status, event_ts as started, event_type LIKE %_FINISHED% from main_raw.raw_kafka_events group by executi...
                                                                       ^ (sqlstate: [0, 0, 0, 0, 0], vendor_code: -2147483648)
23:02:38.653822 [info ]: Finished running [  0.04s] model main.inline [error]
23:02:38.654524 [info ]: Finished running [  0.04s] (1 nodes, 0 skipped, 1 errors)
23:02:38.655080 [info ]:     Failed model main.inline (ephemeral) [1 of 1 in 0.06s]
23:02:38.730536 [info ]: 
==================== Execution Summary =====================
Finished 'show' with 1 warning and 1 error for target 'dev' [671ms]
==================== 2026-09-23T08:39:38.297513Z | 01a0cd6b-a224-7201-b093-0cb8f6c86ce7 ====================
08:39:38.301770 [info ]: dbt 2.0.6
08:39:38.310758 [info ]: Started loading project
08:39:38.338787 [info ]: Loading profiles.yml
08:39:38.400807 [debug]:    Started loading packages
08:39:38.423811 [debug]:     Loaded [  0.02s] packages
08:39:38.435258 [info ]: Finished loading project [  0.12s]
08:39:38.443849 [info ]: Started parsing
08:39:38.533159 [debug]: Finished parsing models/marts/schema.yml [  0.02s]
08:39:38.539571 [debug]: Finished parsing target\inline_8f5a71a2.sql [  0.02s]
08:39:38.539682 [debug]: Finished parsing models/sources.yml [  0.01s]
08:39:38.580591 [debug]: Finished parsing models/intermediate/int_kafka_pipeline_runs.sql [  0.01s]
08:39:38.587450 [debug]: Finished parsing models/marts/fct_pipeline_monitoring.sql [  0.01s]
08:39:38.594857 [debug]: Finished parsing models/staging/stg_flow_b_runs.sql [  0.01s]
08:39:38.600834 [debug]: Finished parsing models/staging/stg_kafka_events.sql [  0.01s]
08:39:38.607025 [debug]: Finished parsing models/staging/stg_pipeline_a_runs.sql [  0.01s]
08:39:38.779451 [info ]: Finished parsing [  0.34s]
08:39:38.785671 [info ]: Started scheduling
08:39:38.789672 [info ]: Finished scheduling [  0.00s]
08:39:38.836835 [info ]: Started building task graph
08:39:38.840787 [info ]: Finished building task graph [  0.00s]
08:39:38.876518 [info ]: Started rendering (1 nodes)
08:39:38.877002 [info ]: Started model main.inline
08:39:38.877354 [debug]: Started rendering model main.inline
08:39:38.885200 [debug]: Compiled SQL for node model..inline at target\compiled\target\inline_8f5a71a2.sql
08:39:38.886836 [debug]: Finished rendering [  0.01s] model main.inline [success]
08:39:38.887032 [info ]: Finished rendering [  0.01s] (1 nodes, 0 skipped, 0 errors)
08:39:38.887965 [info ]: Started analyzing (1 nodes)
08:39:38.888073 [debug]: Started analyzing model main.inline
08:39:38.904525 [debug]: Finished analyzing [  0.02s] model main.inline [success]
08:39:38.904734 [info ]: Finished analyzing [  0.02s] (1 nodes, 0 skipped, 0 errors)
08:39:38.904984 [info ]: Started running (1 nodes)
08:39:38.905115 [info ]: Started running model main.inline
08:39:38.909846 [debug]: DuckDB driver resolved: duckdb 1.5.4
08:39:39.110026 [error]: [Generic (dbt1000)]: Internal: Parser Error: syntax error at or near "limit"

LINE 5:   limit 10
          ^ (sqlstate: [0, 0, 0, 0, 0], vendor_code: -2147483648)
08:39:39.110449 [info ]: Finished running [  0.21s] model main.inline [error]
08:39:39.110689 [info ]: Finished running [  0.21s] (1 nodes, 0 skipped, 1 errors)
08:39:39.111086 [info ]:     Failed model main.inline (ephemeral) [1 of 1 in 0.23s]
08:39:39.182094 [info ]: 
==================== Execution Summary =====================
Finished 'show' with 1 error for target 'dev' [884ms]
==================== 2026-09-23T08:40:52.126765Z | 01a0cd6c-c29c-7740-a8ed-9cb90e7f854a ====================
08:40:52.126953 [info ]: dbt 2.0.6
08:40:52.127536 [info ]: Started loading project
08:40:52.130454 [info ]: Loading profiles.yml
08:40:52.133438 [debug]:    Started loading packages
08:40:52.136732 [debug]:     Loaded [  0.00s] packages
08:40:52.138901 [info ]: Finished loading project [  0.01s]
08:40:52.139494 [info ]: Started parsing
08:40:52.175677 [debug]: Finished parsing models/marts/schema.yml [  0.00s]
08:40:52.176249 [debug]: Finished parsing models/sources.yml [  0.00s]
08:40:52.180226 [debug]: Finished parsing models/intermediate/int_kafka_pipeline_runs.sql [  0.00s]
08:40:52.180706 [debug]: Finished parsing models/marts/fct_pipeline_monitoring.sql [  0.00s]
08:40:52.181060 [debug]: Finished parsing models/staging/stg_flow_b_runs.sql [  0.00s]
08:40:52.181409 [debug]: Finished parsing models/staging/stg_kafka_events.sql [  0.00s]
08:40:52.181733 [debug]: Finished parsing models/staging/stg_pipeline_a_runs.sql [  0.00s]
08:40:52.183913 [debug]: Finished parsing target\inline_80e2d62c.sql [  0.01s]
08:40:52.328714 [info ]: Finished parsing [  0.19s]
08:40:52.329532 [info ]: Started scheduling
08:40:52.329746 [info ]: Finished scheduling [  0.00s]
08:40:52.335315 [info ]: Started building task graph
08:40:52.335506 [info ]: Finished building task graph [  0.00s]
08:40:52.338395 [info ]: Started rendering (1 nodes)
08:40:52.338502 [info ]: Started model main.inline
08:40:52.338518 [debug]: Started rendering model main.inline
08:40:52.340329 [debug]: Compiled SQL for node model..inline at target\compiled\target\inline_80e2d62c.sql
08:40:52.340629 [debug]: Finished rendering [  0.00s] model main.inline [success]
08:40:52.340881 [info ]: Finished rendering [  0.00s] (1 nodes, 0 skipped, 0 errors)
08:40:52.341143 [info ]: Started analyzing (1 nodes)
08:40:52.341281 [debug]: Started analyzing model main.inline
08:40:52.344820 [debug]: Finished analyzing [  0.00s] model main.inline [success]
08:40:52.345029 [info ]: Finished analyzing [  0.00s] (1 nodes, 0 skipped, 0 errors)
08:40:52.345211 [info ]: Started running (1 nodes)
08:40:52.345332 [info ]: Started running model main.inline
08:40:52.346820 [debug]: DuckDB driver resolved: duckdb 1.5.4
08:40:52.365125 [error]: [Generic (dbt1000)]: Internal: Parser Error: syntax error at or near "LIKE"

LINE 3:   SHOW VIEWS LIKE '%RUN';
                     ^ (sqlstate: [0, 0, 0, 0, 0], vendor_code: -2147483648)
08:40:52.365242 [info ]: Finished running [  0.02s] model main.inline [error]
08:40:52.365437 [info ]: Finished running [  0.02s] (1 nodes, 0 skipped, 1 errors)
08:40:52.365600 [info ]:     Failed model main.inline (ephemeral) [1 of 1 in 0.02s]
08:40:52.662061 [info ]: 
==================== Execution Summary =====================
Finished 'show' with 1 error for target 'dev' [535ms]
==================== 2026-09-23T08:41:10.433587Z | 01a0cd6d-0a1e-73b0-aa4d-d53942bf2534 ====================
08:41:10.433760 [info ]: dbt 2.0.6
08:41:10.434223 [info ]: Started loading project
08:41:10.437180 [info ]: Loading profiles.yml
08:41:10.440096 [debug]:    Started loading packages
08:41:10.443654 [debug]:     Loaded [  0.00s] packages
08:41:10.445856 [info ]: Finished loading project [  0.01s]
08:41:10.446361 [info ]: Started parsing
08:41:10.480764 [debug]: Finished parsing models/marts/schema.yml [  0.00s]
08:41:10.481062 [debug]: Finished parsing models/sources.yml [  0.00s]
08:41:10.484551 [debug]: Finished parsing models/intermediate/int_kafka_pipeline_runs.sql [  0.00s]
08:41:10.485070 [debug]: Finished parsing models/marts/fct_pipeline_monitoring.sql [  0.00s]
08:41:10.485477 [debug]: Finished parsing models/staging/stg_flow_b_runs.sql [  0.00s]
08:41:10.485844 [debug]: Finished parsing models/staging/stg_kafka_events.sql [  0.00s]
08:41:10.486237 [debug]: Finished parsing models/staging/stg_pipeline_a_runs.sql [  0.00s]
08:41:10.486741 [debug]: Finished parsing target\inline_48ec6db8.sql [  0.01s]
08:41:10.633597 [info ]: Finished parsing [  0.19s]
08:41:10.634632 [info ]: Started scheduling
08:41:10.634883 [info ]: Finished scheduling [  0.00s]
08:41:10.640415 [info ]: Started building task graph
08:41:10.640628 [info ]: Finished building task graph [  0.00s]
08:41:10.643919 [info ]: Started rendering (1 nodes)
08:41:10.644052 [info ]: Started model main.inline
08:41:10.644070 [debug]: Started rendering model main.inline
08:41:10.645776 [debug]: Compiled SQL for node model..inline at target\compiled\target\inline_48ec6db8.sql
08:41:10.646057 [debug]: Finished rendering [  0.00s] model main.inline [success]
08:41:10.646294 [info ]: Finished rendering [  0.00s] (1 nodes, 0 skipped, 0 errors)
08:41:10.646526 [info ]: Started analyzing (1 nodes)
08:41:10.646645 [debug]: Started analyzing model main.inline
08:41:10.649535 [debug]: Finished analyzing [  0.00s] model main.inline [success]
08:41:10.649701 [info ]: Finished analyzing [  0.00s] (1 nodes, 0 skipped, 0 errors)
08:41:10.649908 [info ]: Started running (1 nodes)
08:41:10.650000 [info ]: Started running model main.inline
08:41:10.651355 [debug]: DuckDB driver resolved: duckdb 1.5.4
08:41:10.668016 [error]: [Generic (dbt1000)]: Internal: Parser Error: syntax error at or near "LIKE"

LINE 3:   SHOW VIEWS LIKE '%FLOW%';
                     ^ (sqlstate: [0, 0, 0, 0, 0], vendor_code: -2147483648)
08:41:10.668161 [info ]: Finished running [  0.02s] model main.inline [error]
08:41:10.668367 [info ]: Finished running [  0.02s] (1 nodes, 0 skipped, 1 errors)
08:41:10.668550 [info ]:     Failed model main.inline (ephemeral) [1 of 1 in 0.02s]
08:41:10.914410 [info ]: 
==================== Execution Summary =====================
Finished 'show' with 1 error for target 'dev' [480ms]
==================== 2026-09-23T08:41:59.769565Z | 01a0cd6d-cad7-7f50-ba85-94f5dfdf96f8 ====================
08:41:59.769735 [info ]: dbt 2.0.6
08:41:59.770218 [info ]: Started loading project
08:41:59.772965 [info ]: Loading profiles.yml
08:41:59.775947 [debug]:    Started loading packages
08:41:59.779104 [debug]:     Loaded [  0.00s] packages
08:41:59.781235 [info ]: Finished loading project [  0.01s]
08:41:59.781724 [info ]: Started parsing
08:41:59.815617 [debug]: Finished parsing models/marts/schema.yml [  0.00s]
08:41:59.815874 [debug]: Finished parsing models/sources.yml [  0.00s]
08:41:59.819421 [debug]: Finished parsing models/intermediate/int_kafka_pipeline_runs.sql [  0.00s]
08:41:59.820016 [debug]: Finished parsing models/marts/fct_pipeline_monitoring.sql [  0.00s]
08:41:59.820405 [debug]: Finished parsing models/staging/stg_flow_b_runs.sql [  0.00s]
08:41:59.820763 [debug]: Finished parsing models/staging/stg_kafka_events.sql [  0.00s]
08:41:59.821090 [debug]: Finished parsing models/staging/stg_pipeline_a_runs.sql [  0.00s]
08:41:59.822292 [debug]: Finished parsing target\inline_1d1e84a2.sql [  0.01s]
08:41:59.953595 [info ]: Finished parsing [  0.17s]
08:41:59.954607 [info ]: Started scheduling
08:41:59.954888 [info ]: Finished scheduling [  0.00s]
08:41:59.960645 [info ]: Started building task graph
08:41:59.960853 [info ]: Finished building task graph [  0.00s]
08:41:59.963510 [info ]: Started rendering (1 nodes)
08:41:59.963634 [info ]: Started model main.inline
08:41:59.963651 [debug]: Started rendering model main.inline
08:41:59.965697 [debug]: Compiled SQL for node model..inline at target\compiled\target\inline_1d1e84a2.sql
08:41:59.965876 [debug]: Finished rendering [  0.00s] model main.inline [success]
08:41:59.966085 [info ]: Finished rendering [  0.00s] (1 nodes, 0 skipped, 0 errors)
08:41:59.966289 [info ]: Started analyzing (1 nodes)
08:41:59.966386 [debug]: Started analyzing model main.inline
08:41:59.969480 [debug]: Finished analyzing [  0.00s] model main.inline [success]
08:41:59.969641 [info ]: Finished analyzing [  0.00s] (1 nodes, 0 skipped, 0 errors)
08:41:59.969845 [info ]: Started running (1 nodes)
08:41:59.969939 [info ]: Started running model main.inline
08:41:59.971387 [debug]: DuckDB driver resolved: duckdb 1.5.4
08:41:59.988957 [error]: [Generic (dbt1000)]: Internal: Parser Error: syntax error at or near "LIKE"

LINE 3:   SHOW SCHEMA LIKE '%FLOW';
                      ^ (sqlstate: [0, 0, 0, 0, 0], vendor_code: -2147483648)
08:41:59.989096 [info ]: Finished running [  0.02s] model main.inline [error]
08:41:59.989376 [info ]: Finished running [  0.02s] (1 nodes, 0 skipped, 1 errors)
08:41:59.989582 [info ]:     Failed model main.inline (ephemeral) [1 of 1 in 0.02s]
08:42:00.310521 [info ]: 
==================== Execution Summary =====================
Finished 'show' with 1 error for target 'dev' [540ms]
==================== 2026-09-23T08:42:38.652230Z | 01a0cd6e-62b9-79a1-a4f2-518967e128d0 ====================
08:42:38.652400 [info ]: dbt 2.0.6
08:42:38.652870 [info ]: Started loading project
08:42:38.655691 [info ]: Loading profiles.yml
08:42:38.658458 [debug]:    Started loading packages
08:42:38.661691 [debug]:     Loaded [  0.00s] packages
08:42:38.663890 [info ]: Finished loading project [  0.01s]
08:42:38.664436 [info ]: Started parsing
08:42:38.695023 [debug]: Finished parsing models/marts/schema.yml [  0.00s]
08:42:38.695313 [debug]: Finished parsing models/sources.yml [  0.00s]
08:42:38.698331 [debug]: Finished parsing models/intermediate/int_kafka_pipeline_runs.sql [  0.00s]
08:42:38.698793 [debug]: Finished parsing models/marts/fct_pipeline_monitoring.sql [  0.00s]
08:42:38.699105 [debug]: Finished parsing models/staging/stg_flow_b_runs.sql [  0.00s]
08:42:38.699460 [debug]: Finished parsing models/staging/stg_kafka_events.sql [  0.00s]
08:42:38.699824 [debug]: Finished parsing models/staging/stg_pipeline_a_runs.sql [  0.00s]
08:42:38.705984 [debug]: Finished parsing target\inline_679d1b53.sql [  0.01s]
08:42:38.831768 [info ]: Finished parsing [  0.17s]
08:42:38.832768 [info ]: Started scheduling
08:42:38.833057 [info ]: Finished scheduling [  0.00s]
08:42:38.839536 [info ]: Started building task graph
08:42:38.839746 [info ]: Finished building task graph [  0.00s]
08:42:38.842736 [info ]: Started rendering (1 nodes)
08:42:38.842899 [info ]: Started model main.inline
08:42:38.842917 [debug]: Started rendering model main.inline
08:42:38.844742 [debug]: Compiled SQL for node model..inline at target\compiled\target\inline_679d1b53.sql
08:42:38.844893 [debug]: Finished rendering [  0.00s] model main.inline [success]
08:42:38.845103 [info ]: Finished rendering [  0.00s] (1 nodes, 0 skipped, 0 errors)
08:42:38.845289 [info ]: Started analyzing (1 nodes)
08:42:38.845372 [debug]: Started analyzing model main.inline
08:42:38.848043 [debug]: Finished analyzing [  0.00s] model main.inline [success]
08:42:38.848203 [info ]: Finished analyzing [  0.00s] (1 nodes, 0 skipped, 0 errors)
08:42:38.848399 [info ]: Started running (1 nodes)
08:42:38.848479 [info ]: Started running model main.inline
08:42:38.849933 [debug]: DuckDB driver resolved: duckdb 1.5.4
08:42:38.867424 [error]: [Generic (dbt1000)]: Internal: Parser Error: syntax error at or near "raw_flow_b_runs"

LINE 3:   SHOW SCHEMA raw_flow_b_runs;
                      ^ (sqlstate: [0, 0, 0, 0, 0], vendor_code: -2147483648)
08:42:38.867547 [info ]: Finished running [  0.02s] model main.inline [error]
08:42:38.867763 [info ]: Finished running [  0.02s] (1 nodes, 0 skipped, 1 errors)
08:42:38.867937 [info ]:     Failed model main.inline (ephemeral) [1 of 1 in 0.02s]
08:42:38.917008 [info ]: 
==================== Execution Summary =====================
Finished 'show' with 1 error for target 'dev' [264ms]
==================== 2026-09-23T08:42:47.745022Z | 01a0cd6e-863e-7843-8017-ac9dfa6f2765 ====================
08:42:47.745201 [info ]: dbt 2.0.6
08:42:47.745682 [info ]: Started loading project
08:42:47.748473 [info ]: Loading profiles.yml
08:42:47.751398 [debug]:    Started loading packages
08:42:47.754844 [debug]:     Loaded [  0.00s] packages
08:42:47.757074 [info ]: Finished loading project [  0.01s]
08:42:47.757707 [info ]: Started parsing
08:42:47.790775 [debug]: Finished parsing models/marts/schema.yml [  0.00s]
08:42:47.791059 [debug]: Finished parsing models/sources.yml [  0.00s]
08:42:47.794779 [debug]: Finished parsing models/intermediate/int_kafka_pipeline_runs.sql [  0.00s]
08:42:47.795274 [debug]: Finished parsing models/marts/fct_pipeline_monitoring.sql [  0.00s]
08:42:47.795668 [debug]: Finished parsing models/staging/stg_flow_b_runs.sql [  0.00s]
08:42:47.796000 [debug]: Finished parsing models/staging/stg_kafka_events.sql [  0.00s]
08:42:47.796396 [debug]: Finished parsing models/staging/stg_pipeline_a_runs.sql [  0.00s]
08:42:47.797011 [debug]: Finished parsing target\inline_68246d0a.sql [  0.01s]
08:42:47.937544 [info ]: Finished parsing [  0.18s]
08:42:47.938588 [info ]: Started scheduling
08:42:47.938881 [info ]: Finished scheduling [  0.00s]
08:42:47.945514 [info ]: Started building task graph
08:42:47.945718 [info ]: Finished building task graph [  0.00s]
08:42:47.948485 [info ]: Started rendering (1 nodes)
08:42:47.948599 [info ]: Started model main.inline
08:42:47.948617 [debug]: Started rendering model main.inline
08:42:47.950231 [debug]: Compiled SQL for node model..inline at target\compiled\target\inline_68246d0a.sql
08:42:47.950510 [debug]: Finished rendering [  0.00s] model main.inline [success]
08:42:47.950696 [info ]: Finished rendering [  0.00s] (1 nodes, 0 skipped, 0 errors)
08:42:47.950922 [info ]: Started analyzing (1 nodes)
08:42:47.951018 [debug]: Started analyzing model main.inline
08:42:47.953823 [debug]: Finished analyzing [  0.00s] model main.inline [success]
08:42:47.953977 [info ]: Finished analyzing [  0.00s] (1 nodes, 0 skipped, 0 errors)
08:42:47.954176 [info ]: Started running (1 nodes)
08:42:47.954269 [info ]: Started running model main.inline
08:42:47.955678 [debug]: DuckDB driver resolved: duckdb 1.5.4
08:42:47.972615 [error]: [Generic (dbt1000)]: Internal: Parser Error: syntax error at or near "data"

LINE 3:   SHOW SCHEMA data.raw_flow_b_runs;
                      ^ (sqlstate: [0, 0, 0, 0, 0], vendor_code: -2147483648)
08:42:47.972754 [info ]: Finished running [  0.02s] model main.inline [error]
08:42:47.972944 [info ]: Finished running [  0.02s] (1 nodes, 0 skipped, 1 errors)
08:42:47.973162 [info ]:     Failed model main.inline (ephemeral) [1 of 1 in 0.02s]
08:42:48.226183 [info ]: 
==================== Execution Summary =====================
Finished 'show' with 1 error for target 'dev' [481ms]
==================== 2026-09-23T08:42:52.547712Z | 01a0cd6e-9901-7a80-b614-0bb40015f797 ====================
08:42:52.547891 [info ]: dbt 2.0.6
08:42:52.548377 [info ]: Started loading project
08:42:52.551066 [info ]: Loading profiles.yml
08:42:52.553854 [debug]:    Started loading packages
08:42:52.556917 [debug]:     Loaded [  0.00s] packages
08:42:52.558898 [info ]: Finished loading project [  0.01s]
08:42:52.559481 [info ]: Started parsing
08:42:52.589815 [debug]: Finished parsing models/marts/schema.yml [  0.00s]
08:42:52.590102 [debug]: Finished parsing models/sources.yml [  0.00s]
08:42:52.593227 [debug]: Finished parsing models/intermediate/int_kafka_pipeline_runs.sql [  0.00s]
08:42:52.593721 [debug]: Finished parsing models/marts/fct_pipeline_monitoring.sql [  0.00s]
08:42:52.594061 [debug]: Finished parsing models/staging/stg_flow_b_runs.sql [  0.00s]
08:42:52.594441 [debug]: Finished parsing models/staging/stg_kafka_events.sql [  0.00s]
08:42:52.594812 [debug]: Finished parsing models/staging/stg_pipeline_a_runs.sql [  0.00s]
08:42:52.596383 [debug]: Finished parsing target\inline_eabd5bdb.sql [  0.01s]
08:42:52.723352 [info ]: Finished parsing [  0.16s]
08:42:52.724341 [info ]: Started scheduling
08:42:52.724578 [info ]: Finished scheduling [  0.00s]
08:42:52.730226 [info ]: Started building task graph
08:42:52.730413 [info ]: Finished building task graph [  0.00s]
08:42:52.732884 [info ]: Started rendering (1 nodes)
08:42:52.732996 [info ]: Started model main.inline
08:42:52.733014 [debug]: Started rendering model main.inline
08:42:52.734684 [debug]: Compiled SQL for node model..inline at target\compiled\target\inline_eabd5bdb.sql
08:42:52.734831 [debug]: Finished rendering [  0.00s] model main.inline [success]
08:42:52.735079 [info ]: Finished rendering [  0.00s] (1 nodes, 0 skipped, 0 errors)
08:42:52.735409 [info ]: Started analyzing (1 nodes)
08:42:52.735513 [debug]: Started analyzing model main.inline
08:42:52.738231 [debug]: Finished analyzing [  0.00s] model main.inline [success]
08:42:52.738419 [info ]: Finished analyzing [  0.00s] (1 nodes, 0 skipped, 0 errors)
08:42:52.738608 [info ]: Started running (1 nodes)
08:42:52.738705 [info ]: Started running model main.inline
08:42:52.740244 [debug]: DuckDB driver resolved: duckdb 1.5.4
08:42:52.758009 [error]: [Generic (dbt1000)]: Internal: Parser Error: syntax error at or near "data"

LINE 3:   SHOW SCHEMA data\raw_flow_b_runs;
                      ^ (sqlstate: [0, 0, 0, 0, 0], vendor_code: -2147483648)
08:42:52.758129 [info ]: Finished running [  0.02s] model main.inline [error]
08:42:52.758321 [info ]: Finished running [  0.02s] (1 nodes, 0 skipped, 1 errors)
08:42:52.758495 [info ]:     Failed model main.inline (ephemeral) [1 of 1 in 0.02s]
08:42:53.019627 [info ]: 
==================== Execution Summary =====================
Finished 'show' with 1 error for target 'dev' [471ms]
==================== 2026-09-23T08:43:18.720461Z | 01a0cd6e-ff3d-79a0-9e6d-4e4ebb8c86e4 ====================
08:43:18.720632 [info ]: dbt 2.0.6
08:43:18.721102 [info ]: Started loading project
08:43:18.723890 [info ]: Loading profiles.yml
08:43:18.726811 [debug]:    Started loading packages
08:43:18.729997 [debug]:     Loaded [  0.00s] packages
08:43:18.732107 [info ]: Finished loading project [  0.01s]
08:43:18.732623 [info ]: Started parsing
08:43:18.763978 [debug]: Finished parsing models/marts/schema.yml [  0.00s]
08:43:18.764201 [debug]: Finished parsing models/sources.yml [  0.00s]
08:43:18.767165 [debug]: Finished parsing models/intermediate/int_kafka_pipeline_runs.sql [  0.00s]
08:43:18.767647 [debug]: Finished parsing models/marts/fct_pipeline_monitoring.sql [  0.00s]
08:43:18.768072 [debug]: Finished parsing models/staging/stg_flow_b_runs.sql [  0.00s]
08:43:18.768423 [debug]: Finished parsing models/staging/stg_kafka_events.sql [  0.00s]
08:43:18.768777 [debug]: Finished parsing models/staging/stg_pipeline_a_runs.sql [  0.00s]
08:43:18.771172 [debug]: Finished parsing target\inline_8aba3606.sql [  0.01s]
08:43:18.923784 [info ]: Finished parsing [  0.19s]
08:43:18.924790 [info ]: Started scheduling
08:43:18.925025 [info ]: Finished scheduling [  0.00s]
08:43:18.930667 [info ]: Started building task graph
08:43:18.930877 [info ]: Finished building task graph [  0.00s]
08:43:18.933500 [info ]: Started rendering (1 nodes)
08:43:18.933614 [info ]: Started model main.inline
08:43:18.933631 [debug]: Started rendering model main.inline
08:43:18.935236 [debug]: Compiled SQL for node model..inline at target\compiled\target\inline_8aba3606.sql
08:43:18.935412 [debug]: Finished rendering [  0.00s] model main.inline [success]
08:43:18.935682 [info ]: Finished rendering [  0.00s] (1 nodes, 0 skipped, 0 errors)
08:43:18.935993 [info ]: Started analyzing (1 nodes)
08:43:18.936097 [debug]: Started analyzing model main.inline
08:43:18.944168 [warn ]: [SyntaxInvalid (dbt0101)]: extraneous input 'raw_flow_b_runs' expecting one of <EOF>, ';'
  --> target/inline_8aba3606.sql:1:12 (target\compiled\target\inline_8aba3606.sql:1:12)
08:43:18.944511 [debug]: Finished analyzing [  0.01s] model main.inline [success]
08:43:18.944731 [info ]: Finished analyzing [  0.01s] (1 nodes, 0 skipped, 0 errors)
08:43:18.944938 [info ]: Started running (1 nodes)
08:43:18.945037 [info ]: Started running model main.inline
08:43:18.946417 [debug]: DuckDB driver resolved: duckdb 1.5.4
08:43:18.964183 [error]: [Generic (dbt1000)]: Internal: Parser Error: syntax error at or near "raw_flow_b_runs"

LINE 3:   USE SCHEMA raw_flow_b_runs;
                     ^ (sqlstate: [0, 0, 0, 0, 0], vendor_code: -2147483648)
08:43:18.964340 [info ]: Finished running [  0.02s] model main.inline [error]
08:43:18.964603 [info ]: Finished running [  0.02s] (1 nodes, 0 skipped, 1 errors)
08:43:18.964783 [info ]:     Failed model main.inline (ephemeral) [1 of 1 in 0.03s]
08:43:19.263860 [info ]: 
==================== Execution Summary =====================
Finished 'show' with 1 warning and 1 error for target 'dev' [543ms]
==================== 2026-09-23T08:44:15.208244Z | 01a0cd6f-dbe5-7443-97db-1748efd4e2e3 ====================
08:44:15.208413 [info ]: dbt 2.0.6
08:44:15.208887 [info ]: Started loading project
08:44:15.216990 [info ]: Loading ~/.dbt/profiles.yml
08:44:15.227673 [debug]:    Started loading packages
08:44:15.231103 [debug]:     Loaded [  0.00s] packages
08:44:15.234947 [info ]: Finished loading project [  0.03s]
08:44:15.235918 [info ]: Started parsing
08:44:15.273249 [debug]: Finished parsing models/marts/schema.yml [  0.00s]
08:44:15.273565 [debug]: Finished parsing models/sources.yml [  0.00s]
08:44:15.277727 [debug]: Finished parsing models/intermediate/int_kafka_pipeline_runs.sql [  0.00s]
08:44:15.278387 [debug]: Finished parsing models/marts/fct_pipeline_monitoring.sql [  0.00s]
08:44:15.278778 [debug]: Finished parsing models/staging/stg_flow_b_runs.sql [  0.00s]
08:44:15.279140 [debug]: Finished parsing models/staging/stg_kafka_events.sql [  0.00s]
08:44:15.279486 [debug]: Finished parsing models/staging/stg_pipeline_a_runs.sql [  0.00s]
08:44:15.280045 [debug]: Finished parsing target\inline_de5a666b.sql [  0.01s]
08:44:15.411821 [info ]: Finished parsing [  0.18s]
08:44:15.412783 [info ]: Started scheduling
08:44:15.413038 [info ]: Finished scheduling [  0.00s]
08:44:15.418869 [info ]: Started building task graph
08:44:15.419072 [info ]: Finished building task graph [  0.00s]
08:44:15.422732 [info ]: Started rendering (1 nodes)
08:44:15.422855 [info ]: Started model xxx.inline
08:44:15.422913 [debug]: Started rendering model xxx.inline
08:44:15.424677 [debug]: Compiled SQL for node model..inline at target\compiled\target\inline_de5a666b.sql
08:44:15.424998 [debug]: Finished rendering [  0.00s] model xxx.inline [success]
08:44:15.425325 [info ]: Finished rendering [  0.00s] (1 nodes, 0 skipped, 0 errors)
08:44:15.425550 [info ]: Started analyzing (1 nodes)
08:44:15.425684 [debug]: Started analyzing model xxx.inline
08:44:15.435016 [debug]: Finished analyzing [  0.01s] model xxx.inline [success]
08:44:15.435215 [info ]: Finished analyzing [  0.01s] (1 nodes, 0 skipped, 0 errors)
08:44:15.435428 [info ]: Started running (1 nodes)
08:44:15.435541 [info ]: Started running model xxx.inline
08:44:15.436317 [debug]: Snowflake driver resolved: snowflake 0.21.0.dev+dbt0.21.18
08:44:16.813693 [error]: [DbConnectionFailed (dbt1300)]: [Snowflake] 261004 (08004): failed to auth for unknown reason. HTTP: 404, URL: https://xxx.snowflakecomputing.com:443/session/v1/login-request?databaseName=xxx&requestId=f8adf625-14b3-4b99-6392-d5e85fec0665&request_guid=8a22b956-1b45-40aa-5989-046cff356572&roleName=xxx&schemaName=xxx&warehouse=xxx
08:44:16.813820 [info ]: Finished running [  1.38s] model xxx.inline [error]
08:44:16.814025 [info ]: Finished running [  1.38s] (1 nodes, 0 skipped, 1 errors)
08:44:16.814266 [info ]:     Failed model xxx.inline (ephemeral) [1 of 1 in 1.39s]
08:44:16.864406 [info ]: 
==================== Execution Summary =====================
Finished 'show' with 1 error for target 'dev' [1.7s]
==================== 2026-09-23T08:44:19.136850Z | 01a0cd6f-eb3e-71d0-83c5-0eacc81c305f ====================
08:44:19.137080 [info ]: dbt 2.0.6
08:44:19.137600 [info ]: Started loading project
08:44:19.140430 [info ]: Loading ~/.dbt/profiles.yml
08:44:19.143363 [debug]:    Started loading packages
08:44:19.146477 [debug]:     Loaded [  0.00s] packages
08:44:19.148663 [info ]: Finished loading project [  0.01s]
08:44:19.149110 [info ]: Started parsing
08:44:19.187436 [debug]: Finished parsing models/marts/schema.yml [  0.00s]
08:44:19.187679 [debug]: Finished parsing models/sources.yml [  0.00s]
08:44:19.190813 [debug]: Finished parsing models/intermediate/int_kafka_pipeline_runs.sql [  0.00s]
08:44:19.191216 [debug]: Finished parsing models/marts/fct_pipeline_monitoring.sql [  0.00s]
08:44:19.191524 [debug]: Finished parsing models/staging/stg_flow_b_runs.sql [  0.00s]
08:44:19.191891 [debug]: Finished parsing models/staging/stg_kafka_events.sql [  0.00s]
08:44:19.192194 [debug]: Finished parsing models/staging/stg_pipeline_a_runs.sql [  0.00s]
08:44:19.193416 [debug]: Finished parsing target\inline_a6c503e9.sql [  0.01s]
08:44:19.299478 [info ]: Finished parsing [  0.15s]
08:44:19.300452 [info ]: Started scheduling
08:44:19.300669 [info ]: Finished scheduling [  0.00s]
08:44:19.306059 [info ]: Started building task graph
08:44:19.306288 [info ]: Finished building task graph [  0.00s]
08:44:19.308885 [info ]: Started rendering (1 nodes)
08:44:19.309074 [info ]: Started model xxx.inline
08:44:19.309096 [debug]: Started rendering model xxx.inline
08:44:19.310751 [debug]: Compiled SQL for node model..inline at target\compiled\target\inline_a6c503e9.sql
08:44:19.310928 [debug]: Finished rendering [  0.00s] model xxx.inline [success]
08:44:19.311117 [info ]: Finished rendering [  0.00s] (1 nodes, 0 skipped, 0 errors)
08:44:19.311402 [info ]: Started analyzing (1 nodes)
08:44:19.311508 [debug]: Started analyzing model xxx.inline
08:44:19.315086 [debug]: Finished analyzing [  0.00s] model xxx.inline [success]
08:44:19.315242 [info ]: Finished analyzing [  0.00s] (1 nodes, 0 skipped, 0 errors)
08:44:19.315436 [info ]: Started running (1 nodes)
08:44:19.315527 [info ]: Started running model xxx.inline
08:44:19.316005 [debug]: Snowflake driver resolved: snowflake 0.21.0.dev+dbt0.21.18
08:44:20.241731 [error]: [DbConnectionFailed (dbt1300)]: [Snowflake] 261004 (08004): failed to auth for unknown reason. HTTP: 404, URL: https://xxx.snowflakecomputing.com:443/session/v1/login-request?databaseName=xxx&requestId=bce2a395-79a2-4830-73fa-dcab17f8e19d&request_guid=648ee101-d073-4e0c-7f54-681b93023fca&roleName=xxx&schemaName=xxx&warehouse=xxx
08:44:20.241890 [info ]: Finished running [  0.93s] model xxx.inline [error]
08:44:20.242220 [info ]: Finished running [  0.93s] (1 nodes, 0 skipped, 1 errors)
08:44:20.242833 [info ]:     Failed model xxx.inline (ephemeral) [1 of 1 in 0.93s]
08:44:20.293185 [info ]: 
==================== Execution Summary =====================
Finished 'show' with 1 error for target 'dev' [1.2s]
==================== 2026-09-23T08:44:27.156964Z | 01a0cd70-0a92-76d0-83f6-2d8f9c193674 ====================
08:44:27.157132 [info ]: dbt 2.0.6
08:44:27.157504 [info ]: Started loading project
08:44:27.160443 [info ]: Loading ~/.dbt/profiles.yml
08:44:27.161194 [info ]: Finished loading project [  0.00s]
08:44:27.161332 [info ]: Started debugging
08:44:27.161412 [info ]: Debugging profile: dev
08:44:27.161525 [info ]: Debugging dbt version: 2.0.6
08:44:27.161695 [info ]: Debugging platform: windows x86_64 (windows)
08:44:27.161865 [info ]: Debugging adapter type: snowflake (remote)
08:44:27.223261 [info ]: Debugging dependencies:
  git: OK
08:44:27.224177 [info ]: Debugging connection:
  "account": "xxx",
  "user": "xxx",
  "database": "xxx",
  "warehouse": "xxx",
  "schema": "xxx",
  "role": "xxx"
08:44:27.225973 [debug]: Snowflake driver resolved: snowflake 0.21.0.dev+dbt0.21.18
08:44:28.063956 [info ]: Debugging connection test: ERROR
08:44:28.064398 [info ]: Finished debugging [  0.90s]
08:44:28.064645 [error]: [AuthenticationFailed (dbt1011)]: dbt was unable to connect to the database configured for the `snowflake` adapter.
The following error was returned:

[Snowflake] 261004 (08004): failed to auth for unknown reason. HTTP: 404, URL: https://xxx.snowflakecomputing.com:443/session/v1/login-request?databaseName=xxx&requestId=ef87e219-5717-4cfa-78de-d18e1252a29e&request_guid=64de5a09-2d32-4bf1-7c23-945ccb2242f6&roleName=xxx&schemaName=xxx&warehouse=xxx

Check your database credentials and try again. For more information, visit:
https://docs.getdbt.com/docs/core/connect-data-platform/connection-profiles
08:44:28.091701 [info ]: 
==================== Execution Summary =====================
Finished 'debug' with 1 error for target 'dev' [934ms]
==================== 2026-09-23T08:45:16.986345Z | 01a0cd70-cd38-7a53-b1ee-bcef614c2ca2 ====================
08:45:16.986540 [info ]: Installing dbt project and profile setup
08:45:16.989868 [info ]: Warning A dbt_project.yml already exists in this directory; skipping sample project creation.
08:45:16.997522 [info ]: Info dbt extension already recommended in .vscode/extensions.json, skipping
08:45:20.303416 [info ]: Info Using existing profile 'pipeline_monitoring'
08:45:20.304255 [info ]: Success Set profile 'pipeline_monitoring' in dbt_project.yml
08:45:20.304470 [info ]: Validating profile inputs, adapters, and connection

08:45:20.304647 [info ]: dbt 2.0.6
08:45:20.305046 [info ]: Started loading project
08:45:20.321316 [info ]: Loading profiles.yml
08:45:20.322147 [info ]: Finished loading project [  0.02s]
08:45:20.322314 [info ]: Started debugging
08:45:20.322402 [info ]: Debugging profile: dev
08:45:20.322528 [info ]: Debugging dbt version: 2.0.6
08:45:20.322656 [info ]: Debugging platform: windows x86_64 (windows)
08:45:20.322794 [info ]: Debugging adapter type: duckdb (remote)
08:45:20.348778 [info ]: Debugging dependencies:
  git: OK
08:45:20.348985 [info ]: Debugging connection:
  "path": "monitoring.duckdb"
08:45:20.350302 [debug]: DuckDB driver resolved: duckdb 1.5.4
08:45:20.367886 [debug]: borrow_tlocal_connection() took 18.3389ms
08:45:20.372507 [debug]: create_debug_span(...).entered() took 530.9µs
08:45:20.376333 [debug]: stmt.execute() (submit+wait_for_completion, returns reader) took 1.262ms
08:45:20.376502 [debug]: reader.schema() took 153.7µs
08:45:20.376854 [debug]: do_execute(conn) (closure: stmt.execute + schema + batch loop) took 4.333ms
08:45:20.377477 [debug]: concat_batches + normalize_result_column_names took 610.7µs
08:45:20.377638 [debug]: record_current_span_status_from_attrs took 146.4µs
08:45:20.377798 [debug]: Query executed on node unknown:
select 1 as id
08:45:20.377839 [debug]: drop(query_span_guard) (span exit/export) took 188.6µs
08:45:20.379592 [debug]: adapter.execute() (full call, incl. adbc_execute_with_options) took 11.6841ms
08:45:20.379819 [info ]: Debugging connection test: OK
08:45:20.383390 [info ]: Debugged All checks passed!
08:45:20.383708 [info ]: Finished debugging [  0.06s]
08:45:20.834740 [info ]: 
==================== Execution Summary =====================
Finished 'init' successfully for target 'dev' [3.8s]
==================== 2026-09-23T08:45:33.309486Z | 01a0cd71-0cfb-73d0-b0cd-d6dd74142f28 ====================
08:45:33.309657 [info ]: dbt 2.0.6
08:45:33.310110 [info ]: Started loading project
08:45:33.312840 [info ]: Loading profiles.yml
08:45:33.328965 [debug]:    Started loading packages
08:45:33.329895 [error]: [DuplicateConfigKey (dbt1059)]: Duplicate key `profile`. This key overwrites a previous definition of the same key at line 2 column 1. YAML path: `profile`.
  --> dbt_project.yml:6:1
08:45:33.333066 [debug]:     Loaded [  0.00s] packages
08:45:33.335059 [info ]: Finished loading project [  0.02s]
08:45:33.796006 [info ]: suggestion: Run 'dbt deps' to see the latest fusion compatible packages. For compatibility errors, try the autofix script: https://github.com/dbt-labs/dbt-autofix
08:45:33.796006 [info ]: 
==================== Execution Summary =====================
Finished 'show' with 1 error for target 'dev' [486ms]
==================== 2026-09-23T08:47:52.798210Z | 01a0cd73-2ddb-7fa1-a68b-e1c9e2d5b80f ====================
08:47:52.798368 [info ]: dbt 2.0.6
08:47:52.798824 [info ]: Started loading project
08:47:52.801771 [info ]: Loading profiles.yml
08:47:52.804258 [debug]:    Started loading packages
08:47:52.804809 [error]: [DuplicateConfigKey (dbt1059)]: Duplicate key `profile`. This key overwrites a previous definition of the same key at line 2 column 1. YAML path: `profile`.
  --> dbt_project.yml:6:1
08:47:52.807999 [debug]:     Loaded [  0.00s] packages
08:47:52.809686 [info ]: Finished loading project [  0.01s]
08:47:53.326037 [info ]: suggestion: Run 'dbt deps' to see the latest fusion compatible packages. For compatibility errors, try the autofix script: https://github.com/dbt-labs/dbt-autofix
08:47:53.326037 [info ]: 
==================== Execution Summary =====================
Finished 'show' with 1 error for target 'dev' [527ms]
==================== 2026-09-23T08:47:55.785709Z | 01a0cd73-3987-7de3-88fb-04d321461843 ====================
08:47:55.785876 [info ]: dbt 2.0.6
08:47:55.786430 [info ]: Started loading project
08:47:55.789332 [info ]: Loading profiles.yml
08:47:55.791622 [debug]:    Started loading packages
08:47:55.792189 [error]: [DuplicateConfigKey (dbt1059)]: Duplicate key `profile`. This key overwrites a previous definition of the same key at line 2 column 1. YAML path: `profile`.
  --> dbt_project.yml:6:1
08:47:55.795231 [debug]:     Loaded [  0.00s] packages
08:47:55.797007 [info ]: Finished loading project [  0.01s]
08:47:56.252509 [info ]: suggestion: Run 'dbt deps' to see the latest fusion compatible packages. For compatibility errors, try the autofix script: https://github.com/dbt-labs/dbt-autofix
08:47:56.252509 [info ]: 
==================== Execution Summary =====================
Finished 'show' with 1 error for target 'dev' [466ms]
==================== 2026-09-23T08:48:09.010126Z | 01a0cd73-6d2f-7fb1-bd1d-d067d9c9e7e0 ====================
08:48:09.010297 [info ]: dbt 2.0.6
08:48:09.010783 [info ]: Started loading project
08:48:09.013584 [info ]: Loading profiles.yml
08:48:09.015914 [debug]:    Started loading packages
08:48:09.016441 [error]: [DuplicateConfigKey (dbt1059)]: Duplicate key `profile`. This key overwrites a previous definition of the same key at line 2 column 1. YAML path: `profile`.
  --> dbt_project.yml:6:1
08:48:09.019495 [debug]:     Loaded [  0.00s] packages
08:48:09.021434 [info ]: Finished loading project [  0.01s]
08:48:09.477250 [info ]: suggestion: Run 'dbt deps' to see the latest fusion compatible packages. For compatibility errors, try the autofix script: https://github.com/dbt-labs/dbt-autofix
08:48:09.477250 [info ]: 
==================== Execution Summary =====================
Finished 'show' with 1 error for target 'dev' [467ms]
==================== 2026-09-23T08:48:29.289205Z | 01a0cd73-bc66-79c1-8ca7-e5ee55955631 ====================
08:48:29.289392 [info ]: dbt 2.0.6
08:48:29.289850 [info ]: Started loading project
08:48:29.292710 [info ]: Loading profiles.yml
08:48:29.295141 [debug]:    Started loading packages
08:48:29.295681 [error]: [DuplicateConfigKey (dbt1059)]: Duplicate key `profile`. This key overwrites a previous definition of the same key at line 2 column 1. YAML path: `profile`.
  --> dbt_project.yml:6:1
08:48:29.298941 [debug]:     Loaded [  0.00s] packages
08:48:29.300971 [info ]: Finished loading project [  0.01s]
08:48:29.761311 [info ]: suggestion: Run 'dbt deps' to see the latest fusion compatible packages. For compatibility errors, try the autofix script: https://github.com/dbt-labs/dbt-autofix
08:48:29.761311 [info ]: 
==================== Execution Summary =====================
Finished 'show' with 1 error for target 'dev' [472ms]
==================== 2026-09-23T08:49:11.144826Z | 01a0cd74-5fe6-71d1-9a0c-c6c48f2935da ====================
08:49:11.144986 [info ]: dbt 2.0.6
08:49:11.145480 [info ]: Started loading project
08:49:11.148235 [info ]: Loading profiles.yml
08:49:11.150661 [debug]:    Started loading packages
08:49:11.151269 [error]: [DuplicateConfigKey (dbt1059)]: Duplicate key `profile`. This key overwrites a previous definition of the same key at line 2 column 1. YAML path: `profile`.
  --> dbt_project.yml:6:1
08:49:11.154280 [debug]:     Loaded [  0.00s] packages
08:49:11.161627 [info ]: Finished loading project [  0.02s]
08:49:11.669293 [info ]: suggestion: Run 'dbt deps' to see the latest fusion compatible packages. For compatibility errors, try the autofix script: https://github.com/dbt-labs/dbt-autofix
08:49:11.669293 [info ]: 
==================== Execution Summary =====================
Finished 'show' with 1 error for target 'dev' [524ms]
==================== 2026-09-23T08:50:13.396504Z | 01a0cd75-5312-79f3-b11a-fcb89a113567 ====================
08:50:13.396670 [info ]: dbt 2.0.6
08:50:13.397150 [info ]: Started loading project
08:50:13.400028 [info ]: Loading profiles.yml
08:50:13.402411 [debug]:    Started loading packages
08:50:13.402924 [error]: [DuplicateConfigKey (dbt1059)]: Duplicate key `profile`. This key overwrites a previous definition of the same key at line 2 column 1. YAML path: `profile`.
  --> dbt_project.yml:6:1
08:50:13.405957 [debug]:     Loaded [  0.00s] packages
08:50:13.407932 [info ]: Finished loading project [  0.01s]
08:50:13.902376 [info ]: suggestion: Run 'dbt deps' to see the latest fusion compatible packages. For compatibility errors, try the autofix script: https://github.com/dbt-labs/dbt-autofix
08:50:13.902376 [info ]: 
==================== Execution Summary =====================
Finished 'show' with 1 error for target 'dev' [505ms]
==================== 2026-09-23T08:52:49.195089Z | 01a0cd77-b3a8-75a1-83e7-de89b19824ac ====================
08:52:49.195262 [info ]: dbt 2.0.6
08:52:49.195730 [info ]: Started loading project
08:52:49.198773 [info ]: Loading profiles.yml
08:52:49.200983 [debug]:    Started loading packages
08:52:49.201542 [error]: [DuplicateConfigKey (dbt1059)]: Duplicate key `profile`. This key overwrites a previous definition of the same key at line 2 column 1. YAML path: `profile`.
  --> dbt_project.yml:6:1
08:52:49.204523 [debug]:     Loaded [  0.00s] packages
08:52:49.211736 [info ]: Finished loading project [  0.02s]
08:52:49.721044 [info ]: suggestion: Run 'dbt deps' to see the latest fusion compatible packages. For compatibility errors, try the autofix script: https://github.com/dbt-labs/dbt-autofix
08:52:49.721044 [info ]: 
==================== Execution Summary =====================
Finished 'show' with 1 error for target 'dev' [525ms]
==================== 2026-09-23T08:53:07.555986Z | 01a0cd77-fb61-74e2-9ae2-8f977761e810 ====================
08:53:07.556163 [info ]: dbt 2.0.6
08:53:07.556525 [info ]: Started loading project
08:53:07.559473 [info ]: Loading profiles.yml
08:53:07.560190 [info ]: Finished loading project [  0.00s]
08:53:07.560336 [info ]: Started debugging
08:53:07.560417 [info ]: Debugging profile: dev
08:53:07.560526 [info ]: Debugging dbt version: 2.0.6
08:53:07.560651 [info ]: Debugging platform: windows x86_64 (windows)
08:53:07.560801 [info ]: Debugging adapter type: duckdb (remote)
08:53:07.586195 [info ]: Debugging dependencies:
  git: OK
08:53:07.586413 [info ]: Debugging connection:
  "path": "monitoring.duckdb"
08:53:07.587863 [debug]: DuckDB driver resolved: duckdb 1.5.4
08:53:07.605961 [debug]: borrow_tlocal_connection() took 19.1848ms
08:53:07.607226 [debug]: create_debug_span(...).entered() took 25.5µs
08:53:07.607658 [debug]: stmt.execute() (submit+wait_for_completion, returns reader) took 119.8µs
08:53:07.607670 [debug]: reader.schema() took 3.5µs
08:53:07.607685 [debug]: do_execute(conn) (closure: stmt.execute + schema + batch loop) took 450.3µs
08:53:07.607716 [debug]: concat_batches + normalize_result_column_names took 26.1µs
08:53:07.607728 [debug]: record_current_span_status_from_attrs took 7µs
08:53:07.607735 [debug]: Query executed on node unknown:
select 1 as id
08:53:07.607749 [debug]: drop(query_span_guard) (span exit/export) took 18.8µs
08:53:07.607810 [debug]: adapter.execute() (full call, incl. adbc_execute_with_options) took 1.8278ms
08:53:07.607854 [info ]: Debugging connection test: OK
08:53:07.611411 [info ]: Debugged All checks passed!
08:53:07.611596 [info ]: Finished debugging [  0.05s]
08:53:08.039590 [info ]: 
==================== Execution Summary =====================
Finished 'debug' successfully for target 'dev' [483ms]
==================== 2026-09-23T08:53:19.498127Z | 01a0cd78-2a07-70d2-97ae-b97369f97dc6 ====================
08:53:19.498299 [info ]: dbt 2.0.6
08:53:19.498763 [info ]: Started loading project
08:53:19.501595 [info ]: Loading profiles.yml
08:53:19.504350 [debug]:    Started loading packages
08:53:19.504912 [error]: [DuplicateConfigKey (dbt1059)]: Duplicate key `profile`. This key overwrites a previous definition of the same key at line 2 column 1. YAML path: `profile`.
  --> dbt_project.yml:6:1
08:53:19.508224 [debug]:     Loaded [  0.00s] packages
08:53:19.510255 [info ]: Finished loading project [  0.01s]
08:53:19.970551 [info ]: suggestion: Run 'dbt deps' to see the latest fusion compatible packages. For compatibility errors, try the autofix script: https://github.com/dbt-labs/dbt-autofix
08:53:19.970551 [info ]: 
==================== Execution Summary =====================
Finished 'show' with 1 error for target 'dev' [472ms]
==================== 2026-09-23T08:53:25.053219Z | 01a0cd78-3fba-79d2-b137-87ce1a784dd3 ====================
08:53:25.053391 [info ]: dbt 2.0.6
08:53:25.053770 [info ]: Started loading project
08:53:25.056746 [info ]: Loading profiles.yml
08:53:25.057401 [info ]: Finished loading project [  0.00s]
08:53:25.057544 [info ]: Started debugging
08:53:25.057623 [info ]: Debugging profile: dev
08:53:25.057742 [info ]: Debugging dbt version: 2.0.6
08:53:25.057858 [info ]: Debugging platform: windows x86_64 (windows)
08:53:25.057973 [info ]: Debugging adapter type: duckdb (remote)
08:53:25.082881 [info ]: Debugging dependencies:
  git: OK
08:53:25.083097 [info ]: Debugging connection:
  "path": "monitoring.duckdb"
08:53:25.084553 [debug]: DuckDB driver resolved: duckdb 1.5.4
08:53:25.100880 [debug]: borrow_tlocal_connection() took 17.4192ms
08:53:25.102001 [debug]: create_debug_span(...).entered() took 26.8µs
08:53:25.102409 [debug]: stmt.execute() (submit+wait_for_completion, returns reader) took 106.1µs
08:53:25.102422 [debug]: reader.schema() took 3.8µs
08:53:25.102438 [debug]: do_execute(conn) (closure: stmt.execute + schema + batch loop) took 429.5µs
08:53:25.102469 [debug]: concat_batches + normalize_result_column_names took 26.8µs
08:53:25.102478 [debug]: record_current_span_status_from_attrs took 6.8µs
08:53:25.102485 [debug]: Query executed on node unknown:
select 1 as id
08:53:25.102501 [debug]: drop(query_span_guard) (span exit/export) took 20.4µs
08:53:25.102562 [debug]: adapter.execute() (full call, incl. adbc_execute_with_options) took 1.6611ms
08:53:25.102609 [info ]: Debugging connection test: OK
08:53:25.105829 [info ]: Debugged All checks passed!
08:53:25.105981 [info ]: Finished debugging [  0.05s]
08:53:25.538467 [info ]: 
==================== Execution Summary =====================
Finished 'debug' successfully for target 'dev' [485ms]
==================== 2026-09-23T08:54:35.938680Z | 01a0cd79-549f-72f0-9d49-d569e9a49582 ====================
08:54:35.938851 [info ]: dbt 2.0.6
08:54:35.939196 [info ]: Started loading project
08:54:35.942074 [info ]: Loading profiles.yml
08:54:35.942772 [info ]: Finished loading project [  0.00s]
08:54:35.942919 [info ]: Started debugging
08:54:35.943001 [info ]: Debugging profile: dev
08:54:35.943146 [info ]: Debugging dbt version: 2.0.6
08:54:35.943312 [info ]: Debugging platform: windows x86_64 (windows)
08:54:35.943458 [info ]: Debugging adapter type: duckdb (remote)
08:54:35.969037 [info ]: Debugging dependencies:
  git: OK
08:54:35.969260 [info ]: Debugging connection:
  "path": "monitoring.duckdb"
08:54:35.970716 [debug]: DuckDB driver resolved: duckdb 1.5.4
08:54:35.988552 [debug]: borrow_tlocal_connection() took 18.9249ms
08:54:35.989774 [debug]: create_debug_span(...).entered() took 25.7µs
08:54:35.990268 [debug]: stmt.execute() (submit+wait_for_completion, returns reader) took 134.9µs
08:54:35.990282 [debug]: reader.schema() took 3.4µs
08:54:35.990297 [debug]: do_execute(conn) (closure: stmt.execute + schema + batch loop) took 513.1µs
08:54:35.990328 [debug]: concat_batches + normalize_result_column_names took 26.8µs
08:54:35.990340 [debug]: record_current_span_status_from_attrs took 6.9µs
08:54:35.990347 [debug]: Query executed on node unknown:
select 1 as id
08:54:35.990366 [debug]: drop(query_span_guard) (span exit/export) took 22.5µs
08:54:35.990427 [debug]: adapter.execute() (full call, incl. adbc_execute_with_options) took 1.8523ms
08:54:35.990476 [info ]: Debugging connection test: OK
08:54:35.993610 [info ]: Debugged All checks passed!
08:54:35.993836 [info ]: Finished debugging [  0.05s]
08:54:36.465980 [info ]: 
==================== Execution Summary =====================
Finished 'debug' successfully for target 'dev' [527ms]
==================== 2026-09-23T08:54:37.733176Z | 01a0cd79-5ba2-7652-82a4-f25bb103ae77 ====================
08:54:37.733352 [info ]: dbt 2.0.6
08:54:37.733832 [info ]: Started loading project
08:54:37.736719 [info ]: Loading profiles.yml
08:54:37.739580 [debug]:    Started loading packages
08:54:37.742871 [debug]:     Loaded [  0.00s] packages
08:54:37.744960 [info ]: Finished loading project [  0.01s]
08:54:37.745700 [info ]: Started parsing
08:54:37.779688 [debug]: Finished parsing models/marts/schema.yml [  0.00s]
08:54:37.779947 [debug]: Finished parsing models/sources.yml [  0.00s]
08:54:37.783392 [debug]: Finished parsing models/intermediate/int_kafka_pipeline_runs.sql [  0.00s]
08:54:37.783899 [debug]: Finished parsing models/marts/fct_pipeline_monitoring.sql [  0.00s]
08:54:37.784254 [debug]: Finished parsing models/staging/stg_flow_b_runs.sql [  0.00s]
08:54:37.784606 [debug]: Finished parsing models/staging/stg_kafka_events.sql [  0.00s]
08:54:37.784931 [debug]: Finished parsing models/staging/stg_pipeline_a_runs.sql [  0.00s]
08:54:37.785537 [debug]: Finished parsing target\inline_a2df8b87.sql [  0.01s]
08:54:37.926288 [info ]: Finished parsing [  0.18s]
08:54:37.927228 [info ]: Started scheduling
08:54:37.927497 [info ]: Finished scheduling [  0.00s]
08:54:37.933788 [info ]: Started building task graph
08:54:37.934009 [info ]: Finished building task graph [  0.00s]
08:54:37.937018 [info ]: Started rendering (1 nodes)
08:54:37.937136 [info ]: Started model main.inline
08:54:37.937153 [debug]: Started rendering model main.inline
08:54:37.938823 [debug]: Compiled SQL for node model..inline at target\compiled\target\inline_a2df8b87.sql
08:54:37.939132 [debug]: Finished rendering [  0.00s] model main.inline [success]
08:54:37.939319 [info ]: Finished rendering [  0.00s] (1 nodes, 0 skipped, 0 errors)
08:54:37.939538 [info ]: Started analyzing (1 nodes)
08:54:37.939621 [debug]: Started analyzing model main.inline
08:54:37.947480 [debug]: Finished analyzing [  0.01s] model main.inline [success]
08:54:37.947674 [info ]: Finished analyzing [  0.01s] (1 nodes, 0 skipped, 0 errors)
08:54:37.947882 [info ]: Started running (1 nodes)
08:54:37.947982 [info ]: Started running model main.inline
08:54:37.949409 [debug]: DuckDB driver resolved: duckdb 1.5.4
08:54:37.970922 [debug]: Query executed on node unknown:

  
  select * from main_raw.raw_pipeline_a_runs
  
  limit 10

08:54:37.974666 [info ]: [34m[1mQuery[0m [1mshow_sql_operation_inline[0m
┌────────────────┬──────────────┬───────────┬─────────────────────┬─────────────────────┬────────┬──────────────┬───────────┬─────────┬──────────────────────────┐
│[1m execution_uuid [0m┆[1m workflow     [0m┆[1m state     [0m┆[1m start_ts            [0m┆[1m end_ts              [0m┆[1m sample [0m┆[1m credits_used [0m┆[1m row_count [0m┆[1m env     [0m┆[1m err_msg                  [0m│
╞════════════════╪══════════════╪═══════════╪═════════════════════╪═════════════════════╪════════╪══════════════╪═══════════╪═════════╪══════════════════════════╡
│ A-1001         ┆ WGS_GERMLINE ┆ COMPLETED ┆ 2026-09-20T08:00:00 ┆ 2026-09-20T08:42:10 ┆ S001   ┆ 1.84         ┆ 1843321   ┆ prod    ┆                          │
│ A-1002         ┆ WGS_GERMLINE ┆ FAILED    ┆ 2026-09-20T09:10:00 ┆ 2026-09-20T09:24:35 ┆ S002   ┆ 0.71         ┆ 523004    ┆ prod    ┆ Alignment process exited │
│                ┆              ┆           ┆                     ┆                     ┆        ┆              ┆           ┆         ┆ with code 1              │
│ A-1003         ┆ WGS_GERMLINE ┆ RUNNING   ┆ 2026-09-20T10:05:00 ┆                     ┆ S003   ┆ 0.93         ┆ 821550    ┆ prod    ┆                          │
│ A-1004         ┆ RNA_SEQ      ┆ SUCCEEDED ┆ 2026-09-20T11:00:00 ┆ 2026-09-20T11:18:20 ┆ S004   ┆ 0.62         ┆ 934441    ┆ staging ┆                          │
└────────────────┴──────────────┴───────────┴─────────────────────┴─────────────────────┴────────┴──────────────┴───────────┴─────────┴──────────────────────────┘
4 rows.
08:54:37.975088 [info ]: Finished running [  0.03s] model main.inline [success]
08:54:37.975253 [info ]: Finished running [  0.03s] (1 nodes, 0 skipped, 0 errors)
08:54:37.975420 [info ]:  Succeeded model main.inline (ephemeral) [1 of 1 in 0.04s]
08:54:38.208663 [info ]: 
==================== Execution Summary =====================
Finished 'show' successfully for target 'dev' [475ms]
==================== 2026-09-23T09:04:35.776336Z | 01a0cd82-7bbd-7f81-a49f-0f5b13c1fab7 ====================
09:04:35.776507 [info ]: dbt 2.0.6
09:04:35.777097 [info ]: Started loading project
09:04:35.779901 [info ]: Loading profiles.yml
09:04:35.782776 [debug]:    Started loading packages
09:04:35.786031 [debug]:     Loaded [  0.00s] packages
09:04:35.788278 [info ]: Finished loading project [  0.01s]
09:04:35.788891 [info ]: Started parsing
09:04:35.819203 [debug]: Finished parsing models/marts/schema.yml [  0.00s]
09:04:35.819514 [debug]: Finished parsing models/sources.yml [  0.00s]
09:04:35.822629 [debug]: Finished parsing models/intermediate/int_kafka_pipeline_runs.sql [  0.00s]
09:04:35.823097 [debug]: Finished parsing models/marts/fct_pipeline_monitoring.sql [  0.00s]
09:04:35.823444 [debug]: Finished parsing models/staging/stg_flow_b_runs.sql [  0.00s]
09:04:35.823791 [debug]: Finished parsing models/staging/stg_kafka_events.sql [  0.00s]
09:04:35.824227 [debug]: Finished parsing models/staging/stg_pipeline_a_runs.sql [  0.00s]
09:04:35.825232 [debug]: Finished parsing target\inline_7a6392c8.sql [  0.01s]
09:04:35.982169 [info ]: Finished parsing [  0.19s]
09:04:35.983090 [info ]: Started scheduling
09:04:35.983310 [info ]: Finished scheduling [  0.00s]
09:04:35.988582 [info ]: Started building task graph
09:04:35.988793 [info ]: Finished building task graph [  0.00s]
09:04:35.991638 [info ]: Started rendering (1 nodes)
09:04:35.991754 [info ]: Started model main.inline
09:04:35.991788 [debug]: Started rendering model main.inline
09:04:35.993629 [debug]: Compiled SQL for node model..inline at target\compiled\target\inline_7a6392c8.sql
09:04:35.993973 [debug]: Finished rendering [  0.00s] model main.inline [success]
09:04:35.994155 [info ]: Finished rendering [  0.00s] (1 nodes, 0 skipped, 0 errors)
09:04:35.994388 [info ]: Started analyzing (1 nodes)
09:04:35.994487 [debug]: Started analyzing model main.inline
09:04:36.003455 [warn ]: [SyntaxInvalid (dbt0101)]: no viable alternative at input 'DESCRIBE SCHEMA'
  --> target/inline_7a6392c8.sql:1:10 (target\compiled\target\inline_7a6392c8.sql:1:10)
09:04:36.003572 [debug]: Finished analyzing [  0.01s] model main.inline [success]
09:04:36.003760 [info ]: Finished analyzing [  0.01s] (1 nodes, 0 skipped, 0 errors)
09:04:36.003972 [info ]: Started running (1 nodes)
09:04:36.004068 [info ]: Started running model main.inline
09:04:36.005537 [debug]: DuckDB driver resolved: duckdb 1.5.4
09:04:36.023336 [error]: [Generic (dbt1000)]: Internal: Parser Error: syntax error at or near "main_raw"

LINE 3:   DESCRIBE SCHEMA main_raw.raw_flow_b_runs
                          ^ (sqlstate: [0, 0, 0, 0, 0], vendor_code: -2147483648)
09:04:36.023445 [info ]: Finished running [  0.02s] model main.inline [error]
09:04:36.023640 [info ]: Finished running [  0.02s] (1 nodes, 0 skipped, 1 errors)
09:04:36.023856 [info ]:     Failed model main.inline (ephemeral) [1 of 1 in 0.03s]
09:04:36.328827 [info ]: 
==================== Execution Summary =====================
Finished 'show' with 1 warning and 1 error for target 'dev' [552ms]
==================== 2026-09-23T09:04:47.909547Z | 01a0cd82-ab23-7783-a52d-95c98fafd44c ====================
09:04:47.909727 [info ]: dbt 2.0.6
09:04:47.910186 [info ]: Started loading project
09:04:47.912986 [info ]: Loading profiles.yml
09:04:47.920856 [debug]:    Started loading packages
09:04:47.924235 [debug]:     Loaded [  0.00s] packages
09:04:47.926469 [info ]: Finished loading project [  0.02s]
09:04:47.927008 [info ]: Started parsing
09:04:47.957425 [debug]: Finished parsing models/marts/schema.yml [  0.00s]
09:04:47.957710 [debug]: Finished parsing models/sources.yml [  0.00s]
09:04:47.961082 [debug]: Finished parsing models/intermediate/int_kafka_pipeline_runs.sql [  0.00s]
09:04:47.961541 [debug]: Finished parsing models/marts/fct_pipeline_monitoring.sql [  0.00s]
09:04:47.961904 [debug]: Finished parsing models/staging/stg_flow_b_runs.sql [  0.00s]
09:04:47.962303 [debug]: Finished parsing models/staging/stg_kafka_events.sql [  0.00s]
09:04:47.962683 [debug]: Finished parsing models/staging/stg_pipeline_a_runs.sql [  0.00s]
09:04:47.963745 [debug]: Finished parsing target\inline_7413ad0c.sql [  0.01s]
09:04:48.089832 [info ]: Finished parsing [  0.16s]
09:04:48.090887 [info ]: Started scheduling
09:04:48.091232 [info ]: Finished scheduling [  0.00s]
09:04:48.096504 [info ]: Started building task graph
09:04:48.096686 [info ]: Finished building task graph [  0.00s]
09:04:48.099272 [info ]: Started rendering (1 nodes)
09:04:48.099384 [info ]: Started model main.inline
09:04:48.099400 [debug]: Started rendering model main.inline
09:04:48.101113 [debug]: Compiled SQL for node model..inline at target\compiled\target\inline_7413ad0c.sql
09:04:48.101253 [debug]: Finished rendering [  0.00s] model main.inline [success]
09:04:48.101507 [info ]: Finished rendering [  0.00s] (1 nodes, 0 skipped, 0 errors)
09:04:48.101732 [info ]: Started analyzing (1 nodes)
09:04:48.101833 [debug]: Started analyzing model main.inline
09:04:48.105939 [warn ]: [SyntaxInvalid (dbt0101)]: mismatched input 'VIEW' expecting one of <EOF>, 'ABORT', 'ALTER', 'ANALYZE', 'ATTACH', 'BEGIN', 'CALL' ...
  --> target/inline_7413ad0c.sql:1:1 (target\compiled\target\inline_7413ad0c.sql:1:1)
09:04:48.106058 [debug]: Finished analyzing [  0.00s] model main.inline [success]
09:04:48.106259 [info ]: Finished analyzing [  0.00s] (1 nodes, 0 skipped, 0 errors)
09:04:48.106492 [info ]: Started running (1 nodes)
09:04:48.106582 [info ]: Started running model main.inline
09:04:48.107974 [debug]: DuckDB driver resolved: duckdb 1.5.4
09:04:48.127637 [error]: [Generic (dbt1000)]: Internal: Parser Error: syntax error at or near "VIEW"

LINE 3:   VIEW SCHEMA main_raw.raw_flow_b_runs
          ^ (sqlstate: [0, 0, 0, 0, 0], vendor_code: -2147483648)
09:04:48.127800 [info ]: Finished running [  0.02s] model main.inline [error]
09:04:48.127999 [info ]: Finished running [  0.02s] (1 nodes, 0 skipped, 1 errors)
09:04:48.128247 [info ]:     Failed model main.inline (ephemeral) [1 of 1 in 0.03s]
09:04:48.396955 [info ]: 
==================== Execution Summary =====================
Finished 'show' with 1 warning and 1 error for target 'dev' [487ms]
==================== 2026-09-23T09:05:42.800598Z | 01a0cd83-818e-7331-819a-698a1dbf1bd4 ====================
09:05:42.800778 [info ]: dbt 2.0.6
09:05:42.801280 [info ]: Started loading project
09:05:42.804026 [info ]: Loading profiles.yml
09:05:42.807089 [debug]:    Started loading packages
09:05:42.810271 [debug]:     Loaded [  0.00s] packages
09:05:42.812216 [info ]: Finished loading project [  0.01s]
09:05:42.812781 [info ]: Started parsing
09:05:42.846736 [debug]: Finished parsing models/marts/schema.yml [  0.00s]
09:05:42.847001 [debug]: Finished parsing models/sources.yml [  0.00s]
09:05:42.848915 [debug]: Finished parsing target\inline_9f36384d.sql [  0.00s]
09:05:42.849865 [debug]: Finished parsing models/intermediate/int_kafka_pipeline_runs.sql [  0.00s]
09:05:42.850338 [debug]: Finished parsing models/marts/fct_pipeline_monitoring.sql [  0.00s]
09:05:42.850688 [debug]: Finished parsing models/staging/stg_flow_b_runs.sql [  0.00s]
09:05:42.851009 [debug]: Finished parsing models/staging/stg_kafka_events.sql [  0.00s]
09:05:42.851367 [debug]: Finished parsing models/staging/stg_pipeline_a_runs.sql [  0.00s]
09:05:42.997366 [info ]: Finished parsing [  0.18s]
09:05:42.998318 [info ]: Started scheduling
09:05:42.998565 [info ]: Finished scheduling [  0.00s]
09:05:43.004106 [info ]: Started building task graph
09:05:43.004299 [info ]: Finished building task graph [  0.00s]
09:05:43.007419 [info ]: Started rendering (1 nodes)
09:05:43.007529 [info ]: Started model main.inline
09:05:43.007546 [debug]: Started rendering model main.inline
09:05:43.009265 [debug]: Compiled SQL for node model..inline at target\compiled\target\inline_9f36384d.sql
09:05:43.009426 [debug]: Finished rendering [  0.00s] model main.inline [success]
09:05:43.009595 [info ]: Finished rendering [  0.00s] (1 nodes, 0 skipped, 0 errors)
09:05:43.009830 [info ]: Started analyzing (1 nodes)
09:05:43.009914 [debug]: Started analyzing model main.inline
09:05:43.013661 [debug]: Finished analyzing [  0.00s] model main.inline [success]
09:05:43.013858 [info ]: Finished analyzing [  0.00s] (1 nodes, 0 skipped, 0 errors)
09:05:43.014111 [info ]: Started running (1 nodes)
09:05:43.014264 [info ]: Started running model main.inline
09:05:43.015989 [debug]: DuckDB driver resolved: duckdb 1.5.4
09:05:43.035257 [debug]: Query executed on node unknown:

  
  select * from main_raw.raw_pipeline_a_runs
  
  limit 10

09:05:43.035773 [info ]: [34m[1mQuery[0m [1mshow_sql_operation_inline[0m
┌────────────────┬──────────────┬───────────┬─────────────────────┬─────────────────────┬────────┬──────────────┬───────────┬─────────┬──────────────────────────┐
│[1m execution_uuid [0m┆[1m workflow     [0m┆[1m state     [0m┆[1m start_ts            [0m┆[1m end_ts              [0m┆[1m sample [0m┆[1m credits_used [0m┆[1m row_count [0m┆[1m env     [0m┆[1m err_msg                  [0m│
╞════════════════╪══════════════╪═══════════╪═════════════════════╪═════════════════════╪════════╪══════════════╪═══════════╪═════════╪══════════════════════════╡
│ A-1001         ┆ WGS_GERMLINE ┆ COMPLETED ┆ 2026-09-20T08:00:00 ┆ 2026-09-20T08:42:10 ┆ S001   ┆ 1.84         ┆ 1843321   ┆ prod    ┆                          │
│ A-1002         ┆ WGS_GERMLINE ┆ FAILED    ┆ 2026-09-20T09:10:00 ┆ 2026-09-20T09:24:35 ┆ S002   ┆ 0.71         ┆ 523004    ┆ prod    ┆ Alignment process exited │
│                ┆              ┆           ┆                     ┆                     ┆        ┆              ┆           ┆         ┆ with code 1              │
│ A-1003         ┆ WGS_GERMLINE ┆ RUNNING   ┆ 2026-09-20T10:05:00 ┆                     ┆ S003   ┆ 0.93         ┆ 821550    ┆ prod    ┆                          │
│ A-1004         ┆ RNA_SEQ      ┆ SUCCEEDED ┆ 2026-09-20T11:00:00 ┆ 2026-09-20T11:18:20 ┆ S004   ┆ 0.62         ┆ 934441    ┆ staging ┆                          │
└────────────────┴──────────────┴───────────┴─────────────────────┴─────────────────────┴────────┴──────────────┴───────────┴─────────┴──────────────────────────┘
4 rows.
09:05:43.036010 [info ]: Finished running [  0.02s] model main.inline [success]
09:05:43.036162 [info ]: Finished running [  0.02s] (1 nodes, 0 skipped, 0 errors)
09:05:43.036329 [info ]:  Succeeded model main.inline (ephemeral) [1 of 1 in 0.03s]
09:05:43.342896 [info ]: 
==================== Execution Summary =====================
Finished 'show' successfully for target 'dev' [542ms]
==================== 2026-09-23T09:06:44.985546Z | 01a0cd84-7476-7992-82a4-b5f4d8fc5a32 ====================
09:06:44.985728 [info ]: dbt 2.0.6
09:06:44.986227 [info ]: Started loading project
09:06:44.989053 [info ]: Loading profiles.yml
09:06:44.991755 [debug]:    Started loading packages
09:06:44.994907 [debug]:     Loaded [  0.00s] packages
09:06:44.996845 [info ]: Finished loading project [  0.01s]
09:06:44.997351 [info ]: Started parsing
09:06:45.031077 [debug]: Finished parsing models/marts/schema.yml [  0.00s]
09:06:45.031330 [debug]: Finished parsing models/sources.yml [  0.00s]
09:06:45.034803 [debug]: Finished parsing models/intermediate/int_kafka_pipeline_runs.sql [  0.00s]
09:06:45.035298 [debug]: Finished parsing models/marts/fct_pipeline_monitoring.sql [  0.00s]
09:06:45.035699 [debug]: Finished parsing models/staging/stg_flow_b_runs.sql [  0.00s]
09:06:45.035983 [debug]: Finished parsing models/staging/stg_kafka_events.sql [  0.00s]
09:06:45.036334 [debug]: Finished parsing models/staging/stg_pipeline_a_runs.sql [  0.00s]
09:06:45.037950 [debug]: Finished parsing target\inline_9eb6d268.sql [  0.01s]
09:06:45.192887 [info ]: Finished parsing [  0.20s]
09:06:45.193815 [info ]: Started scheduling
09:06:45.194078 [info ]: Finished scheduling [  0.00s]
09:06:45.199818 [info ]: Started building task graph
09:06:45.200034 [info ]: Finished building task graph [  0.00s]
09:06:45.202843 [info ]: Started rendering (1 nodes)
09:06:45.202953 [info ]: Started model main.inline
09:06:45.202972 [debug]: Started rendering model main.inline
09:06:45.204909 [debug]: Compiled SQL for node model..inline at target\compiled\target\inline_9eb6d268.sql
09:06:45.205222 [debug]: Finished rendering [  0.00s] model main.inline [success]
09:06:45.205427 [info ]: Finished rendering [  0.00s] (1 nodes, 0 skipped, 0 errors)
09:06:45.205637 [info ]: Started analyzing (1 nodes)
09:06:45.205754 [debug]: Started analyzing model main.inline
09:06:45.212676 [debug]: Finished analyzing [  0.01s] model main.inline [success]
09:06:45.212872 [info ]: Finished analyzing [  0.01s] (1 nodes, 0 skipped, 0 errors)
09:06:45.213065 [info ]: Started running (1 nodes)
09:06:45.213184 [info ]: Started running model main.inline
09:06:45.214597 [debug]: DuckDB driver resolved: duckdb 1.5.4
09:06:45.232475 [error]: [Generic (dbt1000)]: Internal: Parser Error: syntax error at or near "limit"

LINE 5:   limit 10
          ^ (sqlstate: [0, 0, 0, 0, 0], vendor_code: -2147483648)
09:06:45.232599 [info ]: Finished running [  0.02s] model main.inline [error]
09:06:45.232796 [info ]: Finished running [  0.02s] (1 nodes, 0 skipped, 1 errors)
09:06:45.232969 [info ]:     Failed model main.inline (ephemeral) [1 of 1 in 0.03s]
09:06:45.512982 [info ]: 
==================== Execution Summary =====================
Finished 'show' with 1 error for target 'dev' [527ms]
==================== 2026-09-23T09:07:08.704524Z | 01a0cd84-d11d-70b2-8ff7-755f8f3f2d71 ====================
09:07:08.704713 [info ]: dbt 2.0.6
09:07:08.705214 [info ]: Started loading project
09:07:08.708078 [info ]: Loading profiles.yml
09:07:08.711026 [debug]:    Started loading packages
09:07:08.714414 [debug]:     Loaded [  0.00s] packages
09:07:08.716700 [info ]: Finished loading project [  0.01s]
09:07:08.717266 [info ]: Started parsing
09:07:08.747097 [debug]: Finished parsing models/marts/schema.yml [  0.00s]
09:07:08.747327 [debug]: Finished parsing models/sources.yml [  0.00s]
09:07:08.750329 [debug]: Finished parsing models/intermediate/int_kafka_pipeline_runs.sql [  0.00s]
09:07:08.750770 [debug]: Finished parsing models/marts/fct_pipeline_monitoring.sql [  0.00s]
09:07:08.751119 [debug]: Finished parsing models/staging/stg_flow_b_runs.sql [  0.00s]
09:07:08.751425 [debug]: Finished parsing models/staging/stg_kafka_events.sql [  0.00s]
09:07:08.751851 [debug]: Finished parsing models/staging/stg_pipeline_a_runs.sql [  0.00s]
09:07:08.753125 [debug]: Finished parsing target\inline_7918de99.sql [  0.01s]
09:07:08.881568 [info ]: Finished parsing [  0.16s]
09:07:08.882542 [info ]: Started scheduling
09:07:08.882778 [info ]: Finished scheduling [  0.00s]
09:07:08.888812 [info ]: Started building task graph
09:07:08.888994 [info ]: Finished building task graph [  0.00s]
09:07:08.891685 [info ]: Started rendering (1 nodes)
09:07:08.891807 [info ]: Started model main.inline
09:07:08.891824 [debug]: Started rendering model main.inline
09:07:08.893498 [debug]: Compiled SQL for node model..inline at target\compiled\target\inline_7918de99.sql
09:07:08.893685 [debug]: Finished rendering [  0.00s] model main.inline [success]
09:07:08.893912 [info ]: Finished rendering [  0.00s] (1 nodes, 0 skipped, 0 errors)
09:07:08.894127 [info ]: Started analyzing (1 nodes)
09:07:08.894214 [debug]: Started analyzing model main.inline
09:07:08.900692 [debug]: Finished analyzing [  0.01s] model main.inline [success]
09:07:08.900951 [info ]: Finished analyzing [  0.01s] (1 nodes, 0 skipped, 0 errors)
09:07:08.901176 [info ]: Started running (1 nodes)
09:07:08.901266 [info ]: Started running model main.inline
09:07:08.902685 [debug]: DuckDB driver resolved: duckdb 1.5.4
09:07:08.918796 [error]: [Generic (dbt1000)]: Internal: Parser Error: syntax error at or near "limit"

LINE 5:   limit 10
          ^ (sqlstate: [0, 0, 0, 0, 0], vendor_code: -2147483648)
09:07:08.918919 [info ]: Finished running [  0.02s] model main.inline [error]
09:07:08.919124 [info ]: Finished running [  0.02s] (1 nodes, 0 skipped, 1 errors)
09:07:08.919333 [info ]:     Failed model main.inline (ephemeral) [1 of 1 in 0.02s]
09:07:09.181279 [info ]: 
==================== Execution Summary =====================
Finished 'show' with 1 error for target 'dev' [476ms]
==================== 2026-09-23T09:07:27.146038Z | 01a0cd85-1927-7361-b9ec-8946193d6055 ====================
09:07:27.146209 [info ]: dbt 2.0.6
09:07:27.146714 [info ]: Started loading project
09:07:27.149413 [info ]: Loading profiles.yml
09:07:27.152185 [debug]:    Started loading packages
09:07:27.155531 [debug]:     Loaded [  0.00s] packages
09:07:27.157658 [info ]: Finished loading project [  0.01s]
09:07:27.158273 [info ]: Started parsing
09:07:27.191245 [debug]: Finished parsing models/marts/schema.yml [  0.00s]
09:07:27.191559 [debug]: Finished parsing models/sources.yml [  0.00s]
09:07:27.195192 [debug]: Finished parsing models/intermediate/int_kafka_pipeline_runs.sql [  0.00s]
09:07:27.195659 [debug]: Finished parsing models/marts/fct_pipeline_monitoring.sql [  0.00s]
09:07:27.196000 [debug]: Finished parsing models/staging/stg_flow_b_runs.sql [  0.00s]
09:07:27.196318 [debug]: Finished parsing models/staging/stg_kafka_events.sql [  0.00s]
09:07:27.196632 [debug]: Finished parsing models/staging/stg_pipeline_a_runs.sql [  0.00s]
09:07:27.197420 [debug]: Finished parsing target\inline_1539e3bf.sql [  0.01s]
09:07:27.355367 [info ]: Finished parsing [  0.20s]
09:07:27.356346 [info ]: Started scheduling
09:07:27.356651 [info ]: Finished scheduling [  0.00s]
09:07:27.362358 [info ]: Started building task graph
09:07:27.362578 [info ]: Finished building task graph [  0.00s]
09:07:27.365594 [info ]: Started rendering (1 nodes)
09:07:27.365705 [info ]: Started model main.inline
09:07:27.365721 [debug]: Started rendering model main.inline
09:07:27.367598 [debug]: Compiled SQL for node model..inline at target\compiled\target\inline_1539e3bf.sql
09:07:27.367876 [debug]: Finished rendering [  0.00s] model main.inline [success]
09:07:27.368087 [info ]: Finished rendering [  0.00s] (1 nodes, 0 skipped, 0 errors)
09:07:27.368299 [info ]: Started analyzing (1 nodes)
09:07:27.368386 [debug]: Started analyzing model main.inline
09:07:27.375774 [debug]: Finished analyzing [  0.01s] model main.inline [success]
09:07:27.375975 [info ]: Finished analyzing [  0.01s] (1 nodes, 0 skipped, 0 errors)
09:07:27.376183 [info ]: Started running (1 nodes)
09:07:27.376283 [info ]: Started running model main.inline
09:07:27.377842 [debug]: DuckDB driver resolved: duckdb 1.5.4
09:07:27.395522 [error]: [Generic (dbt1000)]: Internal: Binder Error: column COUNT must appear in the GROUP BY clause or be used in an aggregate function (sqlstate: [0, 0, 0, 0, 0], vendor_code: -2147483648)
09:07:27.395666 [info ]: Finished running [  0.02s] model main.inline [error]
09:07:27.395850 [info ]: Finished running [  0.02s] (1 nodes, 0 skipped, 1 errors)
09:07:27.396010 [info ]:     Failed model main.inline (ephemeral) [1 of 1 in 0.03s]
09:07:27.625718 [info ]: 
==================== Execution Summary =====================
Finished 'show' with 1 error for target 'dev' [479ms]
==================== 2026-09-23T09:07:30.164993Z | 01a0cd85-24f2-7f40-83f2-70f5b30acc32 ====================
09:07:30.165162 [info ]: dbt 2.0.6
09:07:30.165633 [info ]: Started loading project
09:07:30.168378 [info ]: Loading profiles.yml
09:07:30.171376 [debug]:    Started loading packages
09:07:30.174534 [debug]:     Loaded [  0.00s] packages
09:07:30.176493 [info ]: Finished loading project [  0.01s]
09:07:30.177129 [info ]: Started parsing
09:07:30.210725 [debug]: Finished parsing models/marts/schema.yml [  0.00s]
09:07:30.210947 [debug]: Finished parsing models/sources.yml [  0.00s]
09:07:30.214310 [debug]: Finished parsing models/intermediate/int_kafka_pipeline_runs.sql [  0.00s]
09:07:30.214787 [debug]: Finished parsing models/marts/fct_pipeline_monitoring.sql [  0.00s]
09:07:30.215115 [debug]: Finished parsing models/staging/stg_flow_b_runs.sql [  0.00s]
09:07:30.215406 [debug]: Finished parsing models/staging/stg_kafka_events.sql [  0.00s]
09:07:30.215716 [debug]: Finished parsing models/staging/stg_pipeline_a_runs.sql [  0.00s]
09:07:30.217187 [debug]: Finished parsing target\inline_b2c2bd30.sql [  0.01s]
09:07:30.374223 [info ]: Finished parsing [  0.20s]
09:07:30.375178 [info ]: Started scheduling
09:07:30.375407 [info ]: Finished scheduling [  0.00s]
09:07:30.381052 [info ]: Started building task graph
09:07:30.381248 [info ]: Finished building task graph [  0.00s]
09:07:30.383930 [info ]: Started rendering (1 nodes)
09:07:30.384046 [info ]: Started model main.inline
09:07:30.384063 [debug]: Started rendering model main.inline
09:07:30.385665 [debug]: Compiled SQL for node model..inline at target\compiled\target\inline_b2c2bd30.sql
09:07:30.386008 [debug]: Finished rendering [  0.00s] model main.inline [success]
09:07:30.386172 [info ]: Finished rendering [  0.00s] (1 nodes, 0 skipped, 0 errors)
09:07:30.386373 [info ]: Started analyzing (1 nodes)
09:07:30.386461 [debug]: Started analyzing model main.inline
09:07:30.392931 [debug]: Finished analyzing [  0.01s] model main.inline [success]
09:07:30.393103 [info ]: Finished analyzing [  0.01s] (1 nodes, 0 skipped, 0 errors)
09:07:30.393307 [info ]: Started running (1 nodes)
09:07:30.393402 [info ]: Started running model main.inline
09:07:30.395055 [debug]: DuckDB driver resolved: duckdb 1.5.4
09:07:30.413484 [error]: [Generic (dbt1000)]: Internal: Parser Error: syntax error at or near "limit"

LINE 5:   limit 10
          ^ (sqlstate: [0, 0, 0, 0, 0], vendor_code: -2147483648)
09:07:30.413606 [info ]: Finished running [  0.02s] model main.inline [error]
09:07:30.413809 [info ]: Finished running [  0.02s] (1 nodes, 0 skipped, 1 errors)
09:07:30.413995 [info ]:     Failed model main.inline (ephemeral) [1 of 1 in 0.03s]
09:07:30.639461 [info ]: 
==================== Execution Summary =====================
Finished 'show' with 1 error for target 'dev' [474ms]
==================== 2026-09-23T09:07:35.685767Z | 01a0cd85-3a83-7533-990c-d079f44e9f75 ====================
09:07:35.685941 [info ]: dbt 2.0.6
09:07:35.686407 [info ]: Started loading project
09:07:35.689146 [info ]: Loading profiles.yml
09:07:35.691907 [debug]:    Started loading packages
09:07:35.695099 [debug]:     Loaded [  0.00s] packages
09:07:35.697050 [info ]: Finished loading project [  0.01s]
09:07:35.697614 [info ]: Started parsing
09:07:35.728457 [debug]: Finished parsing models/marts/schema.yml [  0.00s]
09:07:35.728825 [debug]: Finished parsing models/sources.yml [  0.00s]
09:07:35.731949 [debug]: Finished parsing models/intermediate/int_kafka_pipeline_runs.sql [  0.00s]
09:07:35.732351 [debug]: Finished parsing models/marts/fct_pipeline_monitoring.sql [  0.00s]
09:07:35.732725 [debug]: Finished parsing models/staging/stg_flow_b_runs.sql [  0.00s]
09:07:35.733018 [debug]: Finished parsing models/staging/stg_kafka_events.sql [  0.00s]
09:07:35.733323 [debug]: Finished parsing models/staging/stg_pipeline_a_runs.sql [  0.00s]
09:07:35.735351 [debug]: Finished parsing target\inline_b5d3b9f9.sql [  0.01s]
09:07:35.864288 [info ]: Finished parsing [  0.17s]
09:07:35.865282 [info ]: Started scheduling
09:07:35.865639 [info ]: Finished scheduling [  0.00s]
09:07:35.871560 [info ]: Started building task graph
09:07:35.871797 [info ]: Finished building task graph [  0.00s]
09:07:35.874469 [info ]: Started rendering (1 nodes)
09:07:35.874581 [info ]: Started model main.inline
09:07:35.874598 [debug]: Started rendering model main.inline
09:07:35.876777 [debug]: Compiled SQL for node model..inline at target\compiled\target\inline_b5d3b9f9.sql
09:07:35.882554 [debug]: Finished rendering [  0.01s] model main.inline [success]
09:07:35.882890 [info ]: Finished rendering [  0.01s] (1 nodes, 0 skipped, 0 errors)
09:07:35.883237 [info ]: Started analyzing (1 nodes)
09:07:35.883376 [debug]: Started analyzing model main.inline
09:07:35.894259 [warn ]: [SyntaxInvalid (dbt0101)]: no viable alternative at input 'COUNT(*('
  --> target/inline_b5d3b9f9.sql:1:81 (target\compiled\target\inline_b5d3b9f9.sql:1:81)
09:07:35.894589 [debug]: Finished analyzing [  0.01s] model main.inline [success]
09:07:35.894951 [info ]: Finished analyzing [  0.01s] (1 nodes, 0 skipped, 0 errors)
09:07:35.895233 [info ]: Started running (1 nodes)
09:07:35.895387 [info ]: Started running model main.inline
09:07:35.897564 [debug]: DuckDB driver resolved: duckdb 1.5.4
09:07:35.921194 [error]: [Generic (dbt1000)]: Internal: Parser Error: syntax error at or near "("

LINE 3: ..., COUNT(*) FROM main_raw.raw_pipeline_a_runs HAVING COUNT(*( > 1;
                                                                      ^ (sqlstate: [0, 0, 0, 0, 0], vendor_code: -2147483648)
09:07:35.921315 [info ]: Finished running [  0.03s] model main.inline [error]
09:07:35.921534 [info ]: Finished running [  0.03s] (1 nodes, 0 skipped, 1 errors)
09:07:35.921697 [info ]:     Failed model main.inline (ephemeral) [1 of 1 in 0.04s]
09:07:36.160960 [info ]: 
==================== Execution Summary =====================
Finished 'show' with 1 warning and 1 error for target 'dev' [475ms]
==================== 2026-09-23T09:07:39.117281Z | 01a0cd85-47ea-7c43-b5ab-b4e05e48451c ====================
09:07:39.117469 [info ]: dbt 2.0.6
09:07:39.117948 [info ]: Started loading project
09:07:39.120733 [info ]: Loading profiles.yml
09:07:39.123862 [debug]:    Started loading packages
09:07:39.127121 [debug]:     Loaded [  0.00s] packages
09:07:39.128794 [info ]: Finished loading project [  0.01s]
09:07:39.129351 [info ]: Started parsing
09:07:39.162416 [debug]: Finished parsing models/marts/schema.yml [  0.00s]
09:07:39.162704 [debug]: Finished parsing models/sources.yml [  0.00s]
09:07:39.165949 [debug]: Finished parsing models/intermediate/int_kafka_pipeline_runs.sql [  0.00s]
09:07:39.166470 [debug]: Finished parsing models/marts/fct_pipeline_monitoring.sql [  0.00s]
09:07:39.166855 [debug]: Finished parsing models/staging/stg_flow_b_runs.sql [  0.00s]
09:07:39.167161 [debug]: Finished parsing models/staging/stg_kafka_events.sql [  0.00s]
09:07:39.167495 [debug]: Finished parsing models/staging/stg_pipeline_a_runs.sql [  0.00s]
09:07:39.168167 [debug]: Finished parsing target\inline_f47d0372.sql [  0.01s]
09:07:39.327442 [info ]: Finished parsing [  0.20s]
09:07:39.328496 [info ]: Started scheduling
09:07:39.328781 [info ]: Finished scheduling [  0.00s]
09:07:39.334461 [info ]: Started building task graph
09:07:39.334655 [info ]: Finished building task graph [  0.00s]
09:07:39.337632 [info ]: Started rendering (1 nodes)
09:07:39.337738 [info ]: Started model main.inline
09:07:39.337754 [debug]: Started rendering model main.inline
09:07:39.339530 [debug]: Compiled SQL for node model..inline at target\compiled\target\inline_f47d0372.sql
09:07:39.339775 [debug]: Finished rendering [  0.00s] model main.inline [success]
09:07:39.339959 [info ]: Finished rendering [  0.00s] (1 nodes, 0 skipped, 0 errors)
09:07:39.340168 [info ]: Started analyzing (1 nodes)
09:07:39.340254 [debug]: Started analyzing model main.inline
09:07:39.346658 [debug]: Finished analyzing [  0.01s] model main.inline [success]
09:07:39.346865 [info ]: Finished analyzing [  0.01s] (1 nodes, 0 skipped, 0 errors)
09:07:39.347070 [info ]: Started running (1 nodes)
09:07:39.347169 [info ]: Started running model main.inline
09:07:39.349014 [debug]: DuckDB driver resolved: duckdb 1.5.4
09:07:39.365293 [error]: [Generic (dbt1000)]: Internal: Parser Error: syntax error at or near "limit"

LINE 5:   limit 10
          ^ (sqlstate: [0, 0, 0, 0, 0], vendor_code: -2147483648)
09:07:39.365421 [info ]: Finished running [  0.02s] model main.inline [error]
09:07:39.365629 [info ]: Finished running [  0.02s] (1 nodes, 0 skipped, 1 errors)
09:07:39.365826 [info ]:     Failed model main.inline (ephemeral) [1 of 1 in 0.03s]
09:07:39.660642 [info ]: 
==================== Execution Summary =====================
Finished 'show' with 1 error for target 'dev' [543ms]
==================== 2026-09-23T09:08:52.257001Z | 01a0cd86-659e-7f51-a19a-d301012812a9 ====================
09:08:52.257160 [info ]: dbt 2.0.6
09:08:52.257624 [info ]: Started loading project
09:08:52.260385 [info ]: Loading profiles.yml
09:08:52.263272 [debug]:    Started loading packages
09:08:52.266496 [debug]:     Loaded [  0.00s] packages
09:08:52.268715 [info ]: Finished loading project [  0.01s]
09:08:52.269274 [info ]: Started parsing
09:08:52.302890 [debug]: Finished parsing models/marts/schema.yml [  0.00s]
09:08:52.303179 [debug]: Finished parsing models/sources.yml [  0.00s]
09:08:52.306654 [debug]: Finished parsing models/intermediate/int_kafka_pipeline_runs.sql [  0.00s]
09:08:52.307128 [debug]: Finished parsing models/marts/fct_pipeline_monitoring.sql [  0.00s]
09:08:52.307539 [debug]: Finished parsing models/staging/stg_flow_b_runs.sql [  0.00s]
09:08:52.307881 [debug]: Finished parsing models/staging/stg_kafka_events.sql [  0.00s]
09:08:52.308202 [debug]: Finished parsing models/staging/stg_pipeline_a_runs.sql [  0.00s]
09:08:52.308825 [debug]: Finished parsing target\inline_9a7c3e81.sql [  0.01s]
09:08:52.436714 [info ]: Finished parsing [  0.17s]
09:08:52.437660 [info ]: Started scheduling
09:08:52.437940 [info ]: Finished scheduling [  0.00s]
09:08:52.444661 [info ]: Started building task graph
09:08:52.444976 [info ]: Finished building task graph [  0.00s]
09:08:52.448069 [info ]: Started rendering (1 nodes)
09:08:52.448195 [info ]: Started model main.inline
09:08:52.448213 [debug]: Started rendering model main.inline
09:08:52.450579 [debug]: Compiled SQL for node model..inline at target\compiled\target\inline_9a7c3e81.sql
09:08:52.450892 [debug]: Finished rendering [  0.00s] model main.inline [success]
09:08:52.451082 [info ]: Finished rendering [  0.00s] (1 nodes, 0 skipped, 0 errors)
09:08:52.451323 [info ]: Started analyzing (1 nodes)
09:08:52.451421 [debug]: Started analyzing model main.inline
09:08:52.456282 [debug]: Finished analyzing [  0.00s] model main.inline [success]
09:08:52.456446 [info ]: Finished analyzing [  0.01s] (1 nodes, 0 skipped, 0 errors)
09:08:52.456644 [info ]: Started running (1 nodes)
09:08:52.456759 [info ]: Started running model main.inline
09:08:52.458152 [debug]: DuckDB driver resolved: duckdb 1.5.4
09:08:52.475989 [error]: [Generic (dbt1000)]: Internal: Parser Error: syntax error at or near "limit"

LINE 5:   limit 10
          ^ (sqlstate: [0, 0, 0, 0, 0], vendor_code: -2147483648)
09:08:52.476113 [info ]: Finished running [  0.02s] model main.inline [error]
09:08:52.476323 [info ]: Finished running [  0.02s] (1 nodes, 0 skipped, 1 errors)
09:08:52.476510 [info ]:     Failed model main.inline (ephemeral) [1 of 1 in 0.03s]
09:08:52.783103 [info ]: 
==================== Execution Summary =====================
Finished 'show' with 1 error for target 'dev' [526ms]
==================== 2026-09-23T09:09:35.910181Z | 01a0cd87-1023-7f42-9abc-34af72ff8fd0 ====================
09:09:35.910379 [info ]: dbt 2.0.6
09:09:35.910929 [info ]: Started loading project
09:09:35.913799 [info ]: Loading profiles.yml
09:09:35.916825 [debug]:    Started loading packages
09:09:35.920108 [debug]:     Loaded [  0.00s] packages
09:09:35.922214 [info ]: Finished loading project [  0.01s]
09:09:35.922693 [info ]: Started parsing
09:09:35.953432 [debug]: Finished parsing models/marts/schema.yml [  0.00s]
09:09:35.953712 [debug]: Finished parsing models/sources.yml [  0.00s]
09:09:35.956734 [debug]: Finished parsing models/intermediate/int_kafka_pipeline_runs.sql [  0.00s]
09:09:35.957146 [debug]: Finished parsing models/marts/fct_pipeline_monitoring.sql [  0.00s]
09:09:35.957462 [debug]: Finished parsing models/staging/stg_flow_b_runs.sql [  0.00s]
09:09:35.957794 [debug]: Finished parsing models/staging/stg_kafka_events.sql [  0.00s]
09:09:35.958155 [debug]: Finished parsing models/staging/stg_pipeline_a_runs.sql [  0.00s]
09:09:35.959792 [debug]: Finished parsing target\inline_50c9b31b.sql [  0.01s]
09:09:36.098263 [info ]: Finished parsing [  0.18s]
09:09:36.099583 [info ]: Started scheduling
09:09:36.099879 [info ]: Finished scheduling [  0.00s]
09:09:36.106073 [info ]: Started building task graph
09:09:36.106279 [info ]: Finished building task graph [  0.00s]
09:09:36.109062 [info ]: Started rendering (1 nodes)
09:09:36.109169 [info ]: Started model main.inline
09:09:36.109187 [debug]: Started rendering model main.inline
09:09:36.111136 [debug]: Compiled SQL for node model..inline at target\compiled\target\inline_50c9b31b.sql
09:09:36.111345 [debug]: Finished rendering [  0.00s] model main.inline [success]
09:09:36.111581 [info ]: Finished rendering [  0.00s] (1 nodes, 0 skipped, 0 errors)
09:09:36.111802 [info ]: Started analyzing (1 nodes)
09:09:36.111904 [debug]: Started analyzing model main.inline
09:09:36.115783 [debug]: Finished analyzing [  0.00s] model main.inline [success]
09:09:36.115950 [info ]: Finished analyzing [  0.00s] (1 nodes, 0 skipped, 0 errors)
09:09:36.116157 [info ]: Started running (1 nodes)
09:09:36.116250 [info ]: Started running model main.inline
09:09:36.117627 [debug]: DuckDB driver resolved: duckdb 1.5.4
09:09:36.133787 [error]: [Generic (dbt1000)]: Internal: Parser Error: syntax error at or near "limit"

LINE 5:   limit 10
          ^ (sqlstate: [0, 0, 0, 0, 0], vendor_code: -2147483648)
09:09:36.134072 [info ]: Finished running [  0.02s] model main.inline [error]
09:09:36.134287 [info ]: Finished running [  0.02s] (1 nodes, 0 skipped, 1 errors)
09:09:36.134483 [info ]:     Failed model main.inline (ephemeral) [1 of 1 in 0.02s]
09:09:36.399449 [info ]: 
==================== Execution Summary =====================
Finished 'show' with 1 error for target 'dev' [489ms]
==================== 2026-09-23T09:09:41.575237Z | 01a0cd87-2644-7bd1-86bd-6bf1ed8b95ee ====================
09:09:41.575431 [info ]: dbt 2.0.6
09:09:41.575942 [info ]: Started loading project
09:09:41.578793 [info ]: Loading profiles.yml
09:09:41.581638 [debug]:    Started loading packages
09:09:41.584939 [debug]:     Loaded [  0.00s] packages
09:09:41.586930 [info ]: Finished loading project [  0.01s]
09:09:41.587463 [info ]: Started parsing
09:09:41.620136 [debug]: Finished parsing models/marts/schema.yml [  0.00s]
09:09:41.620536 [debug]: Finished parsing models/sources.yml [  0.00s]
09:09:41.624166 [debug]: Finished parsing models/intermediate/int_kafka_pipeline_runs.sql [  0.00s]
09:09:41.624718 [debug]: Finished parsing models/marts/fct_pipeline_monitoring.sql [  0.00s]
09:09:41.625134 [debug]: Finished parsing models/staging/stg_flow_b_runs.sql [  0.00s]
09:09:41.625492 [debug]: Finished parsing models/staging/stg_kafka_events.sql [  0.00s]
09:09:41.625866 [debug]: Finished parsing models/staging/stg_pipeline_a_runs.sql [  0.00s]
09:09:41.627158 [debug]: Finished parsing target\inline_e88940cb.sql [  0.01s]
09:09:41.789090 [info ]: Finished parsing [  0.20s]
09:09:41.789972 [info ]: Started scheduling
09:09:41.790199 [info ]: Finished scheduling [  0.00s]
09:09:41.796271 [info ]: Started building task graph
09:09:41.796503 [info ]: Finished building task graph [  0.00s]
09:09:41.799430 [info ]: Started rendering (1 nodes)
09:09:41.799539 [info ]: Started model main.inline
09:09:41.799556 [debug]: Started rendering model main.inline
09:09:41.801175 [debug]: Compiled SQL for node model..inline at target\compiled\target\inline_e88940cb.sql
09:09:41.801463 [debug]: Finished rendering [  0.00s] model main.inline [success]
09:09:41.801645 [info ]: Finished rendering [  0.00s] (1 nodes, 0 skipped, 0 errors)
09:09:41.801848 [info ]: Started analyzing (1 nodes)
09:09:41.801931 [debug]: Started analyzing model main.inline
09:09:41.805637 [debug]: Finished analyzing [  0.00s] model main.inline [success]
09:09:41.805807 [info ]: Finished analyzing [  0.00s] (1 nodes, 0 skipped, 0 errors)
09:09:41.806026 [info ]: Started running (1 nodes)
09:09:41.806114 [info ]: Started running model main.inline
09:09:41.807410 [debug]: DuckDB driver resolved: duckdb 1.5.4
09:09:41.824184 [debug]: Query executed on node unknown:

  
  select * FROM main_raw.raw_pipeline_a_runs
  
  limit 10

09:09:41.824736 [info ]: [34m[1mQuery[0m [1mshow_sql_operation_inline[0m
┌────────────────┬──────────────┬───────────┬─────────────────────┬─────────────────────┬────────┬──────────────┬───────────┬─────────┬──────────────────────────┐
│[1m execution_uuid [0m┆[1m workflow     [0m┆[1m state     [0m┆[1m start_ts            [0m┆[1m end_ts              [0m┆[1m sample [0m┆[1m credits_used [0m┆[1m row_count [0m┆[1m env     [0m┆[1m err_msg                  [0m│
╞════════════════╪══════════════╪═══════════╪═════════════════════╪═════════════════════╪════════╪══════════════╪═══════════╪═════════╪══════════════════════════╡
│ A-1001         ┆ WGS_GERMLINE ┆ COMPLETED ┆ 2026-09-20T08:00:00 ┆ 2026-09-20T08:42:10 ┆ S001   ┆ 1.84         ┆ 1843321   ┆ prod    ┆                          │
│ A-1002         ┆ WGS_GERMLINE ┆ FAILED    ┆ 2026-09-20T09:10:00 ┆ 2026-09-20T09:24:35 ┆ S002   ┆ 0.71         ┆ 523004    ┆ prod    ┆ Alignment process exited │
│                ┆              ┆           ┆                     ┆                     ┆        ┆              ┆           ┆         ┆ with code 1              │
│ A-1003         ┆ WGS_GERMLINE ┆ RUNNING   ┆ 2026-09-20T10:05:00 ┆                     ┆ S003   ┆ 0.93         ┆ 821550    ┆ prod    ┆                          │
│ A-1004         ┆ RNA_SEQ      ┆ SUCCEEDED ┆ 2026-09-20T11:00:00 ┆ 2026-09-20T11:18:20 ┆ S004   ┆ 0.62         ┆ 934441    ┆ staging ┆                          │
└────────────────┴──────────────┴───────────┴─────────────────────┴─────────────────────┴────────┴──────────────┴───────────┴─────────┴──────────────────────────┘
4 rows.
09:09:41.825042 [info ]: Finished running [  0.02s] model main.inline [success]
09:09:41.825230 [info ]: Finished running [  0.02s] (1 nodes, 0 skipped, 0 errors)
09:09:41.825432 [info ]:  Succeeded model main.inline (ephemeral) [1 of 1 in 0.02s]
09:09:42.066919 [info ]: 
==================== Execution Summary =====================
Finished 'show' successfully for target 'dev' [491ms]
==================== 2026-09-23T09:10:10.415458Z | 01a0cd87-96ec-7d60-884c-1decb7c138b7 ====================
09:10:10.415642 [info ]: dbt 2.0.6
09:10:10.416134 [info ]: Started loading project
09:10:10.418931 [info ]: Loading profiles.yml
09:10:10.421823 [debug]:    Started loading packages
09:10:10.425027 [debug]:     Loaded [  0.00s] packages
09:10:10.427149 [info ]: Finished loading project [  0.01s]
09:10:10.428047 [info ]: Started parsing
09:10:10.461252 [debug]: Finished parsing models/marts/schema.yml [  0.00s]
09:10:10.461609 [debug]: Finished parsing models/sources.yml [  0.00s]
09:10:10.465404 [debug]: Finished parsing models/intermediate/int_kafka_pipeline_runs.sql [  0.00s]
09:10:10.465991 [debug]: Finished parsing models/marts/fct_pipeline_monitoring.sql [  0.00s]
09:10:10.466369 [debug]: Finished parsing models/staging/stg_flow_b_runs.sql [  0.00s]
09:10:10.466670 [debug]: Finished parsing models/staging/stg_kafka_events.sql [  0.00s]
09:10:10.467164 [debug]: Finished parsing models/staging/stg_pipeline_a_runs.sql [  0.00s]
09:10:10.468357 [debug]: Finished parsing target\inline_08bd2099.sql [  0.01s]
09:10:10.617311 [info ]: Finished parsing [  0.19s]
09:10:10.618246 [info ]: Started scheduling
09:10:10.618458 [info ]: Finished scheduling [  0.00s]
09:10:10.623620 [info ]: Started building task graph
09:10:10.623803 [info ]: Finished building task graph [  0.00s]
09:10:10.626416 [info ]: Started rendering (1 nodes)
09:10:10.626524 [info ]: Started model main.inline
09:10:10.626543 [debug]: Started rendering model main.inline
09:10:10.628475 [debug]: Compiled SQL for node model..inline at target\compiled\target\inline_08bd2099.sql
09:10:10.628651 [debug]: Finished rendering [  0.00s] model main.inline [success]
09:10:10.628881 [info ]: Finished rendering [  0.00s] (1 nodes, 0 skipped, 0 errors)
09:10:10.629064 [info ]: Started analyzing (1 nodes)
09:10:10.629175 [debug]: Started analyzing model main.inline
09:10:10.635527 [debug]: Finished analyzing [  0.01s] model main.inline [success]
09:10:10.635789 [info ]: Finished analyzing [  0.01s] (1 nodes, 0 skipped, 0 errors)
09:10:10.636007 [info ]: Started running (1 nodes)
09:10:10.636100 [info ]: Started running model main.inline
09:10:10.637519 [debug]: DuckDB driver resolved: duckdb 1.5.4
09:10:10.661152 [error]: [Generic (dbt1000)]: Internal: Binder Error: column "execution_uuid" must appear in the GROUP BY clause or must be part of an aggregate function.
Either add it to the GROUP BY list, or use "ANY_VALUE(execution_uuid)" if the exact value of "execution_uuid" is not important.

LINE 3:   SELECT execution_uuid, COUNT(*) FROM main_raw.raw_pipeline_a_runs
                 ^ (sqlstate: [0, 0, 0, 0, 0], vendor_code: -2147483648)
09:10:10.661334 [info ]: Finished running [  0.03s] model main.inline [error]
09:10:10.661600 [info ]: Finished running [  0.03s] (1 nodes, 0 skipped, 1 errors)
09:10:10.661852 [info ]:     Failed model main.inline (ephemeral) [1 of 1 in 0.03s]
09:10:10.972421 [info ]: 
==================== Execution Summary =====================
Finished 'show' with 1 error for target 'dev' [556ms]
==================== 2026-09-23T09:10:24.858455Z | 01a0cd87-cf57-7a63-a387-c520bb0355de ====================
09:10:24.858625 [info ]: dbt 2.0.6
09:10:24.859109 [info ]: Started loading project
09:10:24.861889 [info ]: Loading profiles.yml
09:10:24.864655 [debug]:    Started loading packages
09:10:24.867765 [debug]:     Loaded [  0.00s] packages
09:10:24.869745 [info ]: Finished loading project [  0.01s]
09:10:24.870336 [info ]: Started parsing
09:10:24.900472 [debug]: Finished parsing models/marts/schema.yml [  0.00s]
09:10:24.900739 [debug]: Finished parsing models/sources.yml [  0.00s]
09:10:24.903703 [debug]: Finished parsing models/intermediate/int_kafka_pipeline_runs.sql [  0.00s]
09:10:24.904104 [debug]: Finished parsing models/marts/fct_pipeline_monitoring.sql [  0.00s]
09:10:24.904410 [debug]: Finished parsing models/staging/stg_flow_b_runs.sql [  0.00s]
09:10:24.904719 [debug]: Finished parsing models/staging/stg_kafka_events.sql [  0.00s]
09:10:24.905028 [debug]: Finished parsing models/staging/stg_pipeline_a_runs.sql [  0.00s]
09:10:24.906845 [debug]: Finished parsing target\inline_92ed063e.sql [  0.01s]
09:10:25.036166 [info ]: Finished parsing [  0.17s]
09:10:25.036997 [info ]: Started scheduling
09:10:25.037208 [info ]: Finished scheduling [  0.00s]
09:10:25.042218 [info ]: Started building task graph
09:10:25.042407 [info ]: Finished building task graph [  0.00s]
09:10:25.045002 [info ]: Started rendering (1 nodes)
09:10:25.045104 [info ]: Started model main.inline
09:10:25.045128 [debug]: Started rendering model main.inline
09:10:25.047052 [debug]: Compiled SQL for node model..inline at target\compiled\target\inline_92ed063e.sql
09:10:25.047189 [debug]: Finished rendering [  0.00s] model main.inline [success]
09:10:25.047391 [info ]: Finished rendering [  0.00s] (1 nodes, 0 skipped, 0 errors)
09:10:25.047568 [info ]: Started analyzing (1 nodes)
09:10:25.047648 [debug]: Started analyzing model main.inline
09:10:25.054284 [debug]: Finished analyzing [  0.01s] model main.inline [success]
09:10:25.054511 [info ]: Finished analyzing [  0.01s] (1 nodes, 0 skipped, 0 errors)
09:10:25.054750 [info ]: Started running (1 nodes)
09:10:25.054852 [info ]: Started running model main.inline
09:10:25.056321 [debug]: DuckDB driver resolved: duckdb 1.5.4
09:10:25.076479 [debug]: Query executed on node unknown:

  
  SELECT execution_uuid, COUNT(*) FROM main_raw.raw_pipeline_a_runs GROUP BY execution_uuid
  
  limit 10

09:10:25.076906 [info ]: [34m[1mQuery[0m [1mshow_sql_operation_inline[0m
┌────────────────┬──────────────┐
│[1m execution_uuid [0m┆[1m count_star() [0m│
╞════════════════╪══════════════╡
│ A-1004         ┆ 1            │
│ A-1003         ┆ 1            │
│ A-1001         ┆ 1            │
│ A-1002         ┆ 1            │
└────────────────┴──────────────┘
4 rows.
09:10:25.077172 [info ]: Finished running [  0.02s] model main.inline [success]
09:10:25.077349 [info ]: Finished running [  0.02s] (1 nodes, 0 skipped, 0 errors)
09:10:25.077524 [info ]:  Succeeded model main.inline (ephemeral) [1 of 1 in 0.03s]
09:10:25.370392 [info ]: 
==================== Execution Summary =====================
Finished 'show' successfully for target 'dev' [511ms]
==================== 2026-09-23T09:10:32.134168Z | 01a0cd87-ebc3-7b11-8e71-2397ba2f1971 ====================
09:10:32.134340 [info ]: dbt 2.0.6
09:10:32.134826 [info ]: Started loading project
09:10:32.137543 [info ]: Loading profiles.yml
09:10:32.140297 [debug]:    Started loading packages
09:10:32.143711 [debug]:     Loaded [  0.00s] packages
09:10:32.145785 [info ]: Finished loading project [  0.01s]
09:10:32.146314 [info ]: Started parsing
09:10:32.176016 [debug]: Finished parsing models/marts/schema.yml [  0.00s]
09:10:32.176287 [debug]: Finished parsing models/sources.yml [  0.00s]
09:10:32.178422 [debug]: Finished parsing target\inline_b1c35ddc.sql [  0.00s]
09:10:32.179317 [debug]: Finished parsing models/intermediate/int_kafka_pipeline_runs.sql [  0.00s]
09:10:32.179725 [debug]: Finished parsing models/marts/fct_pipeline_monitoring.sql [  0.00s]
09:10:32.180031 [debug]: Finished parsing models/staging/stg_flow_b_runs.sql [  0.00s]
09:10:32.180375 [debug]: Finished parsing models/staging/stg_kafka_events.sql [  0.00s]
09:10:32.180672 [debug]: Finished parsing models/staging/stg_pipeline_a_runs.sql [  0.00s]
09:10:32.308932 [info ]: Finished parsing [  0.16s]
09:10:32.309984 [info ]: Started scheduling
09:10:32.310224 [info ]: Finished scheduling [  0.00s]
09:10:32.316055 [info ]: Started building task graph
09:10:32.316264 [info ]: Finished building task graph [  0.00s]
09:10:32.319846 [info ]: Started rendering (1 nodes)
09:10:32.319971 [info ]: Started model main.inline
09:10:32.319990 [debug]: Started rendering model main.inline
09:10:32.321640 [debug]: Compiled SQL for node model..inline at target\compiled\target\inline_b1c35ddc.sql
09:10:32.321934 [debug]: Finished rendering [  0.00s] model main.inline [success]
09:10:32.322172 [info ]: Finished rendering [  0.00s] (1 nodes, 0 skipped, 0 errors)
09:10:32.322448 [info ]: Started analyzing (1 nodes)
09:10:32.322568 [debug]: Started analyzing model main.inline
09:10:32.326274 [debug]: Finished analyzing [  0.00s] model main.inline [success]
09:10:32.326450 [info ]: Finished analyzing [  0.00s] (1 nodes, 0 skipped, 0 errors)
09:10:32.326667 [info ]: Started running (1 nodes)
09:10:32.326756 [info ]: Started running model main.inline
09:10:32.328340 [debug]: DuckDB driver resolved: duckdb 1.5.4
09:10:32.346477 [debug]: Query executed on node unknown:

  
  select * FROM main_raw.raw_pipeline_a_runs
  
  limit 10

09:10:32.347021 [info ]: [34m[1mQuery[0m [1mshow_sql_operation_inline[0m
┌────────────────┬──────────────┬───────────┬─────────────────────┬─────────────────────┬────────┬──────────────┬───────────┬─────────┬──────────────────────────┐
│[1m execution_uuid [0m┆[1m workflow     [0m┆[1m state     [0m┆[1m start_ts            [0m┆[1m end_ts              [0m┆[1m sample [0m┆[1m credits_used [0m┆[1m row_count [0m┆[1m env     [0m┆[1m err_msg                  [0m│
╞════════════════╪══════════════╪═══════════╪═════════════════════╪═════════════════════╪════════╪══════════════╪═══════════╪═════════╪══════════════════════════╡
│ A-1001         ┆ WGS_GERMLINE ┆ COMPLETED ┆ 2026-09-20T08:00:00 ┆ 2026-09-20T08:42:10 ┆ S001   ┆ 1.84         ┆ 1843321   ┆ prod    ┆                          │
│ A-1002         ┆ WGS_GERMLINE ┆ FAILED    ┆ 2026-09-20T09:10:00 ┆ 2026-09-20T09:24:35 ┆ S002   ┆ 0.71         ┆ 523004    ┆ prod    ┆ Alignment process exited │
│                ┆              ┆           ┆                     ┆                     ┆        ┆              ┆           ┆         ┆ with code 1              │
│ A-1003         ┆ WGS_GERMLINE ┆ RUNNING   ┆ 2026-09-20T10:05:00 ┆                     ┆ S003   ┆ 0.93         ┆ 821550    ┆ prod    ┆                          │
│ A-1004         ┆ RNA_SEQ      ┆ SUCCEEDED ┆ 2026-09-20T11:00:00 ┆ 2026-09-20T11:18:20 ┆ S004   ┆ 0.62         ┆ 934441    ┆ staging ┆                          │
└────────────────┴──────────────┴───────────┴─────────────────────┴─────────────────────┴────────┴──────────────┴───────────┴─────────┴──────────────────────────┘
4 rows.
09:10:32.347301 [info ]: Finished running [  0.02s] model main.inline [success]
09:10:32.347491 [info ]: Finished running [  0.02s] (1 nodes, 0 skipped, 0 errors)
09:10:32.347705 [info ]:  Succeeded model main.inline (ephemeral) [1 of 1 in 0.02s]
09:10:32.624480 [info ]: 
==================== Execution Summary =====================
Finished 'show' successfully for target 'dev' [490ms]
==================== 2026-09-23T09:12:21.495994Z | 01a0cd89-96f5-7363-baf6-eb9e17b65f09 ====================
09:12:21.496196 [info ]: dbt 2.0.6
09:12:21.496658 [info ]: Started loading project
09:12:21.499641 [info ]: Loading profiles.yml
09:12:21.502547 [debug]:    Started loading packages
09:12:21.505823 [debug]:     Loaded [  0.00s] packages
09:12:21.507863 [info ]: Finished loading project [  0.01s]
09:12:21.508471 [info ]: Started parsing
09:12:21.540706 [debug]: Finished parsing models/marts/schema.yml [  0.00s]
09:12:21.540955 [debug]: Finished parsing models/sources.yml [  0.00s]
09:12:21.544227 [debug]: Finished parsing models/intermediate/int_kafka_pipeline_runs.sql [  0.00s]
09:12:21.544697 [debug]: Finished parsing models/marts/fct_pipeline_monitoring.sql [  0.00s]
09:12:21.545067 [debug]: Finished parsing models/staging/stg_flow_b_runs.sql [  0.00s]
09:12:21.545411 [debug]: Finished parsing models/staging/stg_kafka_events.sql [  0.00s]
09:12:21.545729 [debug]: Finished parsing models/staging/stg_pipeline_a_runs.sql [  0.00s]
09:12:21.547167 [debug]: Finished parsing target\inline_565ba54c.sql [  0.01s]
09:12:21.686149 [info ]: Finished parsing [  0.18s]
09:12:21.687136 [info ]: Started scheduling
09:12:21.687460 [info ]: Finished scheduling [  0.00s]
09:12:21.693868 [info ]: Started building task graph
09:12:21.694152 [info ]: Finished building task graph [  0.00s]
09:12:21.697295 [info ]: Started rendering (1 nodes)
09:12:21.697412 [info ]: Started model main.inline
09:12:21.697431 [debug]: Started rendering model main.inline
09:12:21.699007 [debug]: Compiled SQL for node model..inline at target\compiled\target\inline_565ba54c.sql
09:12:21.699289 [debug]: Finished rendering [  0.00s] model main.inline [success]
09:12:21.699487 [info ]: Finished rendering [  0.00s] (1 nodes, 0 skipped, 0 errors)
09:12:21.699713 [info ]: Started analyzing (1 nodes)
09:12:21.699804 [debug]: Started analyzing model main.inline
09:12:21.703324 [debug]: Finished analyzing [  0.00s] model main.inline [success]
09:12:21.703485 [info ]: Finished analyzing [  0.00s] (1 nodes, 0 skipped, 0 errors)
09:12:21.703687 [info ]: Started running (1 nodes)
09:12:21.703765 [info ]: Started running model main.inline
09:12:21.705158 [debug]: DuckDB driver resolved: duckdb 1.5.4
09:12:21.722684 [error]: [Generic (dbt1000)]: Internal: Parser Error: syntax error at or near "limit"

LINE 5:   limit 10
          ^ (sqlstate: [0, 0, 0, 0, 0], vendor_code: -2147483648)
09:12:21.722798 [info ]: Finished running [  0.02s] model main.inline [error]
09:12:21.723003 [info ]: Finished running [  0.02s] (1 nodes, 0 skipped, 1 errors)
09:12:21.723205 [info ]:     Failed model main.inline (ephemeral) [1 of 1 in 0.02s]
09:12:22.005116 [info ]: 
==================== Execution Summary =====================
Finished 'show' with 1 error for target 'dev' [509ms]
==================== 2026-09-23T09:12:23.622808Z | 01a0cd89-9f44-7631-bba6-372ae7d24f08 ====================
09:12:23.622981 [info ]: dbt 2.0.6
09:12:23.623483 [info ]: Started loading project
09:12:23.626311 [info ]: Loading profiles.yml
09:12:23.629213 [debug]:    Started loading packages
09:12:23.633144 [debug]:     Loaded [  0.00s] packages
09:12:23.635238 [info ]: Finished loading project [  0.01s]
09:12:23.635806 [info ]: Started parsing
09:12:23.668549 [debug]: Finished parsing models/marts/schema.yml [  0.00s]
09:12:23.668865 [debug]: Finished parsing models/sources.yml [  0.00s]
09:12:23.672147 [debug]: Finished parsing models/intermediate/int_kafka_pipeline_runs.sql [  0.00s]
09:12:23.672579 [debug]: Finished parsing models/marts/fct_pipeline_monitoring.sql [  0.00s]
09:12:23.672928 [debug]: Finished parsing models/staging/stg_flow_b_runs.sql [  0.00s]
09:12:23.673269 [debug]: Finished parsing models/staging/stg_kafka_events.sql [  0.00s]
09:12:23.673609 [debug]: Finished parsing models/staging/stg_pipeline_a_runs.sql [  0.00s]
09:12:23.674329 [debug]: Finished parsing target\inline_6babe8de.sql [  0.01s]
09:12:23.826870 [info ]: Finished parsing [  0.19s]
09:12:23.827824 [info ]: Started scheduling
09:12:23.828100 [info ]: Finished scheduling [  0.00s]
09:12:23.833689 [info ]: Started building task graph
09:12:23.833902 [info ]: Finished building task graph [  0.00s]
09:12:23.836552 [info ]: Started rendering (1 nodes)
09:12:23.836659 [info ]: Started model main.inline
09:12:23.836675 [debug]: Started rendering model main.inline
09:12:23.838290 [debug]: Compiled SQL for node model..inline at target\compiled\target\inline_6babe8de.sql
09:12:23.838427 [debug]: Finished rendering [  0.00s] model main.inline [success]
09:12:23.838672 [info ]: Finished rendering [  0.00s] (1 nodes, 0 skipped, 0 errors)
09:12:23.838892 [info ]: Started analyzing (1 nodes)
09:12:23.838977 [debug]: Started analyzing model main.inline
09:12:23.842669 [debug]: Finished analyzing [  0.00s] model main.inline [success]
09:12:23.842838 [info ]: Finished analyzing [  0.00s] (1 nodes, 0 skipped, 0 errors)
09:12:23.843035 [info ]: Started running (1 nodes)
09:12:23.843163 [info ]: Started running model main.inline
09:12:23.844574 [debug]: DuckDB driver resolved: duckdb 1.5.4
09:12:23.861648 [debug]: Query executed on node unknown:

  
  select * FROM main_raw.raw_flow_b_runs
  
  limit 10

09:12:23.862167 [info ]: [34m[1mQuery[0m [1mshow_sql_operation_inline[0m
┌─────────┬────────────────────┬─────────────────────┬─────────────────────┬───────────────────┬─────────┬─────────────┐
│[1m flow_id [0m┆[1m flow_name          [0m┆[1m initiated_at        [0m┆[1m completed_at        [0m┆[1m sample_identifier [0m┆[1m records [0m┆[1m environment [0m│
╞═════════╪════════════════════╪═════════════════════╪═════════════════════╪═══════════════════╪═════════╪═════════════╡
│ B-2001  ┆ VARIANT_ANNOTATION ┆ 2026-09-20T07:45:00 ┆ 2026-09-20T07:53:12 ┆ S011              ┆ 125440  ┆ prod        │
│ B-2002  ┆ VARIANT_ANNOTATION ┆ 2026-09-20T08:15:00 ┆ 2026-09-20T08:21:30 ┆ S012              ┆ 129010  ┆ prod        │
│ B-2003  ┆ QC_REPORT          ┆ 2026-09-20T09:00:00 ┆ 2026-09-20T09:02:05 ┆ S013              ┆ 44      ┆ staging     │
└─────────┴────────────────────┴─────────────────────┴─────────────────────┴───────────────────┴─────────┴─────────────┘
3 rows.
09:12:23.862433 [info ]: Finished running [  0.02s] model main.inline [success]
09:12:23.862576 [info ]: Finished running [  0.02s] (1 nodes, 0 skipped, 0 errors)
09:12:23.862739 [info ]:  Succeeded model main.inline (ephemeral) [1 of 1 in 0.02s]
09:12:23.909008 [info ]: 
==================== Execution Summary =====================
Finished 'show' successfully for target 'dev' [286ms]
==================== 2026-09-23T09:13:29.639137Z | 01a0cd8a-a124-7aa3-98a6-6ec1761bbdb7 ====================
09:13:29.639385 [info ]: dbt 2.0.6
09:13:29.640021 [info ]: Started loading project
09:13:29.643435 [info ]: Loading profiles.yml
09:13:29.646429 [debug]:    Started loading packages
09:13:29.649587 [debug]:     Loaded [  0.00s] packages
09:13:29.651680 [info ]: Finished loading project [  0.01s]
09:13:29.652202 [info ]: Started parsing
09:13:29.682567 [debug]: Finished parsing models/marts/schema.yml [  0.00s]
09:13:29.682873 [debug]: Finished parsing models/sources.yml [  0.00s]
09:13:29.684805 [debug]: Finished parsing target\inline_7187a74d.sql [  0.00s]
09:13:29.685573 [debug]: Finished parsing models/intermediate/int_kafka_pipeline_runs.sql [  0.00s]
09:13:29.685969 [debug]: Finished parsing models/marts/fct_pipeline_monitoring.sql [  0.00s]
09:13:29.686360 [debug]: Finished parsing models/staging/stg_flow_b_runs.sql [  0.00s]
09:13:29.686686 [debug]: Finished parsing models/staging/stg_kafka_events.sql [  0.00s]
09:13:29.687044 [debug]: Finished parsing models/staging/stg_pipeline_a_runs.sql [  0.00s]
09:13:29.814618 [info ]: Finished parsing [  0.16s]
09:13:29.815646 [info ]: Started scheduling
09:13:29.815863 [info ]: Finished scheduling [  0.00s]
09:13:29.821437 [info ]: Started building task graph
09:13:29.821613 [info ]: Finished building task graph [  0.00s]
09:13:29.824311 [info ]: Started rendering (1 nodes)
09:13:29.824424 [info ]: Started model main.inline
09:13:29.824441 [debug]: Started rendering model main.inline
09:13:29.832131 [debug]: Compiled SQL for node model..inline at target\compiled\target\inline_7187a74d.sql
09:13:29.832511 [debug]: Finished rendering [  0.01s] model main.inline [success]
09:13:29.832752 [info ]: Finished rendering [  0.01s] (1 nodes, 0 skipped, 0 errors)
09:13:29.833029 [info ]: Started analyzing (1 nodes)
09:13:29.833180 [debug]: Started analyzing model main.inline
09:13:29.836813 [debug]: Finished analyzing [  0.00s] model main.inline [success]
09:13:29.836983 [info ]: Finished analyzing [  0.00s] (1 nodes, 0 skipped, 0 errors)
09:13:29.837200 [info ]: Started running (1 nodes)
09:13:29.837293 [info ]: Started running model main.inline
09:13:29.838656 [debug]: DuckDB driver resolved: duckdb 1.5.4
09:13:29.856118 [debug]: Query executed on node unknown:

  
  select * FROM main_raw.raw_pipeline_a_runs
  
  limit 10

09:13:29.856671 [info ]: [34m[1mQuery[0m [1mshow_sql_operation_inline[0m
┌────────────────┬──────────────┬───────────┬─────────────────────┬─────────────────────┬────────┬──────────────┬───────────┬─────────┬──────────────────────────┐
│[1m execution_uuid [0m┆[1m workflow     [0m┆[1m state     [0m┆[1m start_ts            [0m┆[1m end_ts              [0m┆[1m sample [0m┆[1m credits_used [0m┆[1m row_count [0m┆[1m env     [0m┆[1m err_msg                  [0m│
╞════════════════╪══════════════╪═══════════╪═════════════════════╪═════════════════════╪════════╪══════════════╪═══════════╪═════════╪══════════════════════════╡
│ A-1001         ┆ WGS_GERMLINE ┆ COMPLETED ┆ 2026-09-20T08:00:00 ┆ 2026-09-20T08:42:10 ┆ S001   ┆ 1.84         ┆ 1843321   ┆ prod    ┆                          │
│ A-1002         ┆ WGS_GERMLINE ┆ FAILED    ┆ 2026-09-20T09:10:00 ┆ 2026-09-20T09:24:35 ┆ S002   ┆ 0.71         ┆ 523004    ┆ prod    ┆ Alignment process exited │
│                ┆              ┆           ┆                     ┆                     ┆        ┆              ┆           ┆         ┆ with code 1              │
│ A-1003         ┆ WGS_GERMLINE ┆ RUNNING   ┆ 2026-09-20T10:05:00 ┆                     ┆ S003   ┆ 0.93         ┆ 821550    ┆ prod    ┆                          │
│ A-1004         ┆ RNA_SEQ      ┆ SUCCEEDED ┆ 2026-09-20T11:00:00 ┆ 2026-09-20T11:18:20 ┆ S004   ┆ 0.62         ┆ 934441    ┆ staging ┆                          │
└────────────────┴──────────────┴───────────┴─────────────────────┴─────────────────────┴────────┴──────────────┴───────────┴─────────┴──────────────────────────┘
4 rows.
09:13:29.856922 [info ]: Finished running [  0.02s] model main.inline [success]
09:13:29.857092 [info ]: Finished running [  0.02s] (1 nodes, 0 skipped, 0 errors)
09:13:29.857302 [info ]:  Succeeded model main.inline (ephemeral) [1 of 1 in 0.03s]
09:13:30.189757 [info ]: 
==================== Execution Summary =====================
Finished 'show' successfully for target 'dev' [550ms]
==================== 2026-09-23T09:35:41.440742Z | 01a0cd9e-f37e-7c91-ba59-3d833e99a3b5 ====================
09:35:41.440904 [info ]: dbt 2.0.6
09:35:41.441399 [info ]: Started loading project
09:35:41.444151 [info ]: Loading profiles.yml
09:35:41.446987 [debug]:    Started loading packages
09:35:41.450372 [debug]:     Loaded [  0.00s] packages
09:35:41.457698 [info ]: Finished loading project [  0.02s]
09:35:41.458305 [info ]: Started parsing
09:35:41.490642 [debug]: Finished parsing models/marts/schema.yml [  0.00s]
09:35:41.490995 [debug]: Finished parsing models/sources.yml [  0.00s]
09:35:41.494496 [debug]: Finished parsing models/intermediate/int_kafka_pipeline_runs.sql [  0.00s]
09:35:41.495180 [debug]: Finished parsing models/marts/fct_pipeline_monitoring.sql [  0.00s]
09:35:41.495587 [debug]: Finished parsing models/staging/stg_flow_b_runs.sql [  0.00s]
09:35:41.495945 [debug]: Finished parsing models/staging/stg_kafka_events.sql [  0.00s]
09:35:41.496345 [debug]: Finished parsing models/staging/stg_pipeline_a_runs.sql [  0.00s]
09:35:41.496609 [debug]: Finished parsing models/staging/stg_pipeline_runs.sql [  0.00s]
09:35:41.497109 [debug]: Finished parsing target\inline_a83ae73f.sql [  0.01s]
09:35:41.647039 [info ]: Finished parsing [  0.19s]
09:35:41.647978 [info ]: Started scheduling
09:35:41.648197 [info ]: Finished scheduling [  0.00s]
09:35:41.653310 [info ]: Started building task graph
09:35:41.653504 [info ]: Finished building task graph [  0.00s]
09:35:41.656542 [info ]: Started rendering (1 nodes)
09:35:41.656658 [info ]: Started model main.inline
09:35:41.656675 [debug]: Started rendering model main.inline
09:35:41.658444 [debug]: Compiled SQL for node model..inline at target\compiled\target\inline_a83ae73f.sql
09:35:41.658574 [debug]: Finished rendering [  0.00s] model main.inline [success]
09:35:41.658783 [info ]: Finished rendering [  0.00s] (1 nodes, 0 skipped, 0 errors)
09:35:41.658988 [info ]: Started analyzing (1 nodes)
09:35:41.659067 [debug]: Started analyzing model main.inline
09:35:41.662928 [debug]: Finished analyzing [  0.00s] model main.inline [success]
09:35:41.663153 [info ]: Finished analyzing [  0.00s] (1 nodes, 0 skipped, 0 errors)
09:35:41.663354 [info ]: Started running (1 nodes)
09:35:41.663456 [info ]: Started running model main.inline
09:35:41.664954 [debug]: DuckDB driver resolved: duckdb 1.5.4
09:35:41.683180 [debug]: Query executed on node unknown:

  
  SELECT * FROM main_raw.raw_flow_b_runs
  
  limit 10

09:35:41.683710 [info ]: [34m[1mQuery[0m [1mshow_sql_operation_inline[0m
┌─────────┬────────────────────┬─────────────────────┬─────────────────────┬───────────────────┬─────────┬─────────────┐
│[1m flow_id [0m┆[1m flow_name          [0m┆[1m initiated_at        [0m┆[1m completed_at        [0m┆[1m sample_identifier [0m┆[1m records [0m┆[1m environment [0m│
╞═════════╪════════════════════╪═════════════════════╪═════════════════════╪═══════════════════╪═════════╪═════════════╡
│ B-2001  ┆ VARIANT_ANNOTATION ┆ 2026-09-20T07:45:00 ┆ 2026-09-20T07:53:12 ┆ S011              ┆ 125440  ┆ prod        │
│ B-2002  ┆ VARIANT_ANNOTATION ┆ 2026-09-20T08:15:00 ┆ 2026-09-20T08:21:30 ┆ S012              ┆ 129010  ┆ prod        │
│ B-2003  ┆ QC_REPORT          ┆ 2026-09-20T09:00:00 ┆ 2026-09-20T09:02:05 ┆ S013              ┆ 44      ┆ staging     │
└─────────┴────────────────────┴─────────────────────┴─────────────────────┴───────────────────┴─────────┴─────────────┘
3 rows.
09:35:41.683965 [info ]: Finished running [  0.02s] model main.inline [success]
09:35:41.684141 [info ]: Finished running [  0.02s] (1 nodes, 0 skipped, 0 errors)
09:35:41.684335 [info ]:  Succeeded model main.inline (ephemeral) [1 of 1 in 0.02s]
09:35:41.970709 [info ]: 
==================== Execution Summary =====================
Finished 'show' successfully for target 'dev' [529ms]
==================== 2026-09-23T09:36:44.466648Z | 01a0cd9f-e9b0-7793-868b-d37da98da901 ====================
09:36:44.466835 [info ]: dbt 2.0.6
09:36:44.467302 [info ]: Started loading project
09:36:44.470111 [info ]: Loading profiles.yml
09:36:44.473076 [debug]:    Started loading packages
09:36:44.476336 [debug]:     Loaded [  0.00s] packages
09:36:44.478455 [info ]: Finished loading project [  0.01s]
09:36:44.479058 [info ]: Started parsing
09:36:44.512180 [debug]: Finished parsing models/marts/schema.yml [  0.00s]
09:36:44.512504 [debug]: Finished parsing models/sources.yml [  0.00s]
09:36:44.516276 [debug]: Finished parsing models/intermediate/int_kafka_pipeline_runs.sql [  0.00s]
09:36:44.516739 [debug]: Finished parsing models/marts/fct_pipeline_monitoring.sql [  0.00s]
09:36:44.517117 [debug]: Finished parsing models/staging/stg_flow_b_runs.sql [  0.00s]
09:36:44.517462 [debug]: Finished parsing models/staging/stg_kafka_events.sql [  0.00s]
09:36:44.517789 [debug]: Finished parsing models/staging/stg_pipeline_a_runs.sql [  0.00s]
09:36:44.518039 [debug]: Finished parsing models/staging/stg_pipeline_runs.sql [  0.00s]
09:36:44.519387 [debug]: Finished parsing target\inline_6837fe40.sql [  0.01s]
09:36:44.682894 [info ]: Finished parsing [  0.20s]
09:36:44.683811 [info ]: Started scheduling
09:36:44.684139 [info ]: Finished scheduling [  0.00s]
09:36:44.689972 [info ]: Started building task graph
09:36:44.690175 [info ]: Finished building task graph [  0.00s]
09:36:44.692915 [info ]: Started rendering (1 nodes)
09:36:44.693018 [info ]: Started model main.inline
09:36:44.693035 [debug]: Started rendering model main.inline
09:36:44.694675 [debug]: Compiled SQL for node model..inline at target\compiled\target\inline_6837fe40.sql
09:36:44.694813 [debug]: Finished rendering [  0.00s] model main.inline [success]
09:36:44.695179 [info ]: Finished rendering [  0.00s] (1 nodes, 0 skipped, 0 errors)
09:36:44.695435 [info ]: Started analyzing (1 nodes)
09:36:44.695546 [debug]: Started analyzing model main.inline
09:36:44.702120 [debug]: Finished analyzing [  0.01s] model main.inline [success]
09:36:44.702295 [info ]: Finished analyzing [  0.01s] (1 nodes, 0 skipped, 0 errors)
09:36:44.702528 [info ]: Started running (1 nodes)
09:36:44.702635 [info ]: Started running model main.inline
09:36:44.704059 [debug]: DuckDB driver resolved: duckdb 1.5.4
09:36:44.721811 [error]: [Generic (dbt1000)]: Internal: Binder Error: column "sample_identifier" must appear in the GROUP BY clause or must be part of an aggregate function.
Either add it to the GROUP BY list, or use "ANY_VALUE(sample_identifier)" if the exact value of "sample_identifier" is not important.

LINE 3:   SELECT sample_identifier,COUNT(*) FROM main_raw.raw_flow_b_runs...
                 ^ (sqlstate: [0, 0, 0, 0, 0], vendor_code: -2147483648)
09:36:44.721933 [info ]: Finished running [  0.02s] model main.inline [error]
09:36:44.722125 [info ]: Finished running [  0.02s] (1 nodes, 0 skipped, 1 errors)
09:36:44.722335 [info ]:     Failed model main.inline (ephemeral) [1 of 1 in 0.03s]
09:36:44.970709 [info ]: 
==================== Execution Summary =====================
Finished 'show' with 1 error for target 'dev' [504ms]
==================== 2026-09-23T09:37:00.284519Z | 01a0cda0-277a-7833-a79b-5986d2d22440 ====================
09:37:00.284687 [info ]: dbt 2.0.6
09:37:00.285148 [info ]: Started loading project
09:37:00.287941 [info ]: Loading profiles.yml
09:37:00.290788 [debug]:    Started loading packages
09:37:00.293918 [debug]:     Loaded [  0.00s] packages
09:37:00.295992 [info ]: Finished loading project [  0.01s]
09:37:00.296578 [info ]: Started parsing
09:37:00.330231 [debug]: Finished parsing models/marts/schema.yml [  0.00s]
09:37:00.330525 [debug]: Finished parsing models/sources.yml [  0.00s]
09:37:00.334109 [debug]: Finished parsing models/intermediate/int_kafka_pipeline_runs.sql [  0.00s]
09:37:00.334615 [debug]: Finished parsing models/marts/fct_pipeline_monitoring.sql [  0.00s]
09:37:00.335039 [debug]: Finished parsing models/staging/stg_flow_b_runs.sql [  0.00s]
09:37:00.335404 [debug]: Finished parsing models/staging/stg_kafka_events.sql [  0.00s]
09:37:00.335728 [debug]: Finished parsing models/staging/stg_pipeline_a_runs.sql [  0.00s]
09:37:00.335988 [debug]: Finished parsing models/staging/stg_pipeline_runs.sql [  0.00s]
09:37:00.337199 [debug]: Finished parsing target\inline_2c53acfd.sql [  0.01s]
09:37:00.487524 [info ]: Finished parsing [  0.19s]
09:37:00.488429 [info ]: Started scheduling
09:37:00.488647 [info ]: Finished scheduling [  0.00s]
09:37:00.494088 [info ]: Started building task graph
09:37:00.494267 [info ]: Finished building task graph [  0.00s]
09:37:00.497426 [info ]: Started rendering (1 nodes)
09:37:00.497545 [info ]: Started model main.inline
09:37:00.497563 [debug]: Started rendering model main.inline
09:37:00.499283 [debug]: Compiled SQL for node model..inline at target\compiled\target\inline_2c53acfd.sql
09:37:00.499553 [debug]: Finished rendering [  0.00s] model main.inline [success]
09:37:00.499748 [info ]: Finished rendering [  0.00s] (1 nodes, 0 skipped, 0 errors)
09:37:00.499943 [info ]: Started analyzing (1 nodes)
09:37:00.500021 [debug]: Started analyzing model main.inline
09:37:00.506119 [debug]: Finished analyzing [  0.01s] model main.inline [success]
09:37:00.506394 [info ]: Finished analyzing [  0.01s] (1 nodes, 0 skipped, 0 errors)
09:37:00.506593 [info ]: Started running (1 nodes)
09:37:00.506668 [info ]: Started running model main.inline
09:37:00.508047 [debug]: DuckDB driver resolved: duckdb 1.5.4
09:37:00.528241 [debug]: Query executed on node unknown:

  
  SELECT sample_identifier,COUNT(*) FROM main_raw.raw_flow_b_runs GROUP BY sample_identifier
  
  limit 10

09:37:00.528894 [info ]: [34m[1mQuery[0m [1mshow_sql_operation_inline[0m
┌───────────────────┬──────────────┐
│[1m sample_identifier [0m┆[1m count_star() [0m│
╞═══════════════════╪══════════════╡
│ S011              ┆ 1            │
│ S012              ┆ 1            │
│ S013              ┆ 1            │
└───────────────────┴──────────────┘
3 rows.
09:37:00.529153 [info ]: Finished running [  0.02s] model main.inline [success]
09:37:00.529330 [info ]: Finished running [  0.02s] (1 nodes, 0 skipped, 0 errors)
09:37:00.529522 [info ]:  Succeeded model main.inline (ephemeral) [1 of 1 in 0.03s]
09:37:00.771798 [info ]: 
==================== Execution Summary =====================
Finished 'show' successfully for target 'dev' [487ms]
==================== 2026-09-23T09:38:01.309418Z | 01a0cda1-15da-7a62-b460-da5711147054 ====================
09:38:01.309638 [info ]: dbt 2.0.6
09:38:01.310103 [info ]: Started loading project
09:38:01.312978 [info ]: Loading profiles.yml
09:38:01.315914 [debug]:    Started loading packages
09:38:01.319172 [debug]:     Loaded [  0.00s] packages
09:38:01.321291 [info ]: Finished loading project [  0.01s]
09:38:01.321961 [info ]: Started parsing
09:38:01.352785 [debug]: Finished parsing models/marts/schema.yml [  0.00s]
09:38:01.353128 [debug]: Finished parsing models/sources.yml [  0.00s]
09:38:01.356220 [debug]: Finished parsing models/intermediate/int_kafka_pipeline_runs.sql [  0.00s]
09:38:01.356727 [debug]: Finished parsing models/marts/fct_pipeline_monitoring.sql [  0.00s]
09:38:01.357105 [debug]: Finished parsing models/staging/stg_flow_b_runs.sql [  0.00s]
09:38:01.357417 [debug]: Finished parsing models/staging/stg_kafka_events.sql [  0.00s]
09:38:01.357767 [debug]: Finished parsing models/staging/stg_pipeline_a_runs.sql [  0.00s]
09:38:01.358024 [debug]: Finished parsing models/staging/stg_pipeline_runs.sql [  0.00s]
09:38:01.359050 [debug]: Finished parsing target\inline_47f31908.sql [  0.01s]
09:38:01.505021 [info ]: Finished parsing [  0.18s]
09:38:01.506034 [info ]: Started scheduling
09:38:01.506268 [info ]: Finished scheduling [  0.00s]
09:38:01.512069 [info ]: Started building task graph
09:38:01.512281 [info ]: Finished building task graph [  0.00s]
09:38:01.515454 [info ]: Started rendering (1 nodes)
09:38:01.515576 [info ]: Started model main.inline
09:38:01.515596 [debug]: Started rendering model main.inline
09:38:01.517455 [debug]: Compiled SQL for node model..inline at target\compiled\target\inline_47f31908.sql
09:38:01.517734 [debug]: Finished rendering [  0.00s] model main.inline [success]
09:38:01.517907 [info ]: Finished rendering [  0.00s] (1 nodes, 0 skipped, 0 errors)
09:38:01.518112 [info ]: Started analyzing (1 nodes)
09:38:01.518196 [debug]: Started analyzing model main.inline
09:38:01.524322 [debug]: Finished analyzing [  0.01s] model main.inline [success]
09:38:01.524493 [info ]: Finished analyzing [  0.01s] (1 nodes, 0 skipped, 0 errors)
09:38:01.524696 [info ]: Started running (1 nodes)
09:38:01.524818 [info ]: Started running model main.inline
09:38:01.526314 [debug]: DuckDB driver resolved: duckdb 1.5.4
09:38:01.545095 [debug]: Query executed on node unknown:

  
  SELECT flow_id,COUNT(*) FROM main_raw.raw_flow_b_runs GROUP BY flow_id
  
  limit 10

09:38:01.545542 [info ]: [34m[1mQuery[0m [1mshow_sql_operation_inline[0m
┌─────────┬──────────────┐
│[1m flow_id [0m┆[1m count_star() [0m│
╞═════════╪══════════════╡
│ B-2001  ┆ 1            │
│ B-2003  ┆ 1            │
│ B-2002  ┆ 1            │
└─────────┴──────────────┘
3 rows.
09:38:01.545769 [info ]: Finished running [  0.02s] model main.inline [success]
09:38:01.545927 [info ]: Finished running [  0.02s] (1 nodes, 0 skipped, 0 errors)
09:38:01.546107 [info ]:  Succeeded model main.inline (ephemeral) [1 of 1 in 0.03s]
09:38:01.825984 [info ]: 
==================== Execution Summary =====================
Finished 'show' successfully for target 'dev' [516ms]
==================== 2026-09-23T10:03:05.892378Z | 01a0cdb8-0b21-7b42-8917-9fe56177bd5a ====================
10:03:05.892556 [info ]: dbt 2.0.6
10:03:05.893042 [info ]: Started loading project
10:03:05.895763 [info ]: Loading profiles.yml
10:03:05.898986 [debug]:    Started loading packages
10:03:05.902435 [debug]:     Loaded [  0.00s] packages
10:03:05.904619 [info ]: Finished loading project [  0.01s]
10:03:05.905239 [info ]: Started parsing
10:03:05.935849 [debug]: Finished parsing models/marts/schema.yml [  0.00s]
10:03:05.936179 [debug]: Finished parsing models/sources.yml [  0.00s]
10:03:05.938216 [debug]: Finished parsing target\inline_f7ed07cc.sql [  0.00s]
10:03:05.939541 [debug]: Finished parsing models/intermediate/int_kafka_pipeline_runs.sql [  0.00s]
10:03:05.940093 [debug]: Finished parsing models/marts/fct_pipeline_monitoring.sql [  0.00s]
10:03:05.940516 [debug]: Finished parsing models/staging/stg_flow_b_runs.sql [  0.00s]
10:03:05.940867 [debug]: Finished parsing models/staging/stg_kafka_events.sql [  0.00s]
10:03:05.941230 [debug]: Finished parsing models/staging/stg_pipeline_a_runs.sql [  0.00s]
10:03:05.941506 [debug]: Finished parsing models/staging/stg_pipeline_runs.sql [  0.00s]
10:03:06.086430 [info ]: Finished parsing [  0.18s]
10:03:06.087398 [info ]: Started scheduling
10:03:06.087665 [info ]: Finished scheduling [  0.00s]
10:03:06.092933 [info ]: Started building task graph
10:03:06.093115 [info ]: Finished building task graph [  0.00s]
10:03:06.095931 [info ]: Started rendering (1 nodes)
10:03:06.096043 [info ]: Started model main.inline
10:03:06.096063 [debug]: Started rendering model main.inline
10:03:06.097860 [debug]: Compiled SQL for node model..inline at target\compiled\target\inline_f7ed07cc.sql
10:03:06.098231 [debug]: Finished rendering [  0.00s] model main.inline [success]
10:03:06.098435 [info ]: Finished rendering [  0.00s] (1 nodes, 0 skipped, 0 errors)
10:03:06.098663 [info ]: Started analyzing (1 nodes)
10:03:06.098753 [debug]: Started analyzing model main.inline
10:03:06.103157 [debug]: Finished analyzing [  0.00s] model main.inline [success]
10:03:06.103365 [info ]: Finished analyzing [  0.00s] (1 nodes, 0 skipped, 0 errors)
10:03:06.103553 [info ]: Started running (1 nodes)
10:03:06.103671 [info ]: Started running model main.inline
10:03:06.105172 [debug]: DuckDB driver resolved: duckdb 1.5.4
10:03:06.122184 [debug]: Query executed on node unknown:

  
  SELECT * FROM main_raw.raw_flow_b_runs
  
  limit 10

10:03:06.122680 [info ]: [34m[1mQuery[0m [1mshow_sql_operation_inline[0m
┌─────────┬────────────────────┬─────────────────────┬─────────────────────┬───────────────────┬─────────┬─────────────┐
│[1m flow_id [0m┆[1m flow_name          [0m┆[1m initiated_at        [0m┆[1m completed_at        [0m┆[1m sample_identifier [0m┆[1m records [0m┆[1m environment [0m│
╞═════════╪════════════════════╪═════════════════════╪═════════════════════╪═══════════════════╪═════════╪═════════════╡
│ B-2001  ┆ VARIANT_ANNOTATION ┆ 2026-09-20T07:45:00 ┆ 2026-09-20T07:53:12 ┆ S011              ┆ 125440  ┆ prod        │
│ B-2002  ┆ VARIANT_ANNOTATION ┆ 2026-09-20T08:15:00 ┆ 2026-09-20T08:21:30 ┆ S012              ┆ 129010  ┆ prod        │
│ B-2003  ┆ QC_REPORT          ┆ 2026-09-20T09:00:00 ┆ 2026-09-20T09:02:05 ┆ S013              ┆ 44      ┆ staging     │
└─────────┴────────────────────┴─────────────────────┴─────────────────────┴───────────────────┴─────────┴─────────────┘
3 rows.
10:03:06.122928 [info ]: Finished running [  0.02s] model main.inline [success]
10:03:06.123093 [info ]: Finished running [  0.02s] (1 nodes, 0 skipped, 0 errors)
10:03:06.123262 [info ]:  Succeeded model main.inline (ephemeral) [1 of 1 in 0.03s]
10:03:06.421516 [info ]: 
==================== Execution Summary =====================
Finished 'show' successfully for target 'dev' [529ms]
==================== 2026-09-23T10:04:26.529290Z | 01a0cdb9-461e-7cb0-adc8-b365ee1b9dcf ====================
10:04:26.529457 [info ]: dbt 2.0.6
10:04:26.529941 [info ]: Started loading project
10:04:26.532743 [info ]: Loading profiles.yml
10:04:26.535613 [debug]:    Started loading packages
10:04:26.538867 [debug]:     Loaded [  0.00s] packages
10:04:26.540797 [info ]: Finished loading project [  0.01s]
10:04:26.541276 [info ]: Started parsing
10:04:26.573854 [debug]: Finished parsing models/marts/schema.yml [  0.00s]
10:04:26.574090 [debug]: Finished parsing models/sources.yml [  0.00s]
10:04:26.577676 [debug]: Finished parsing models/intermediate/int_kafka_pipeline_runs.sql [  0.00s]
10:04:26.578116 [debug]: Finished parsing models/marts/fct_pipeline_monitoring.sql [  0.00s]
10:04:26.578566 [debug]: Finished parsing models/staging/stg_flow_b_runs.sql [  0.00s]
10:04:26.578933 [debug]: Finished parsing models/staging/stg_kafka_events.sql [  0.00s]
10:04:26.579273 [debug]: Finished parsing models/staging/stg_pipeline_a_runs.sql [  0.00s]
10:04:26.579557 [debug]: Finished parsing models/staging/stg_pipeline_runs.sql [  0.00s]
10:04:26.580741 [debug]: Finished parsing target\inline_aa576d97.sql [  0.01s]
10:04:26.734664 [info ]: Finished parsing [  0.19s]
10:04:26.735586 [info ]: Started scheduling
10:04:26.735804 [info ]: Finished scheduling [  0.00s]
10:04:26.741127 [info ]: Started building task graph
10:04:26.741327 [info ]: Finished building task graph [  0.00s]
10:04:26.744347 [info ]: Started rendering (1 nodes)
10:04:26.744452 [info ]: Started model main.inline
10:04:26.744468 [debug]: Started rendering model main.inline
10:04:26.746399 [debug]: Compiled SQL for node model..inline at target\compiled\target\inline_aa576d97.sql
10:04:26.746581 [debug]: Finished rendering [  0.00s] model main.inline [success]
10:04:26.746921 [info ]: Finished rendering [  0.00s] (1 nodes, 0 skipped, 0 errors)
10:04:26.747173 [info ]: Started analyzing (1 nodes)
10:04:26.747285 [debug]: Started analyzing model main.inline
10:04:26.753213 [debug]: Finished analyzing [  0.01s] model main.inline [success]
10:04:26.753417 [info ]: Finished analyzing [  0.01s] (1 nodes, 0 skipped, 0 errors)
10:04:26.753619 [info ]: Started running (1 nodes)
10:04:26.753769 [info ]: Started running model main.inline
10:04:26.755411 [debug]: DuckDB driver resolved: duckdb 1.5.4
10:04:26.789546 [debug]: Query executed on node unknown:

  
  SELECT DISTINCT(flow_id)  FROM main_raw.raw_flow_b_runs
  
  limit 10

10:04:26.789981 [info ]: [34m[1mQuery[0m [1mshow_sql_operation_inline[0m
┌─────────┐
│[1m flow_id [0m│
╞═════════╡
│ B-2001  │
│ B-2002  │
│ B-2003  │
└─────────┘
3 rows.
10:04:26.790204 [info ]: Finished running [  0.04s] model main.inline [success]
10:04:26.790363 [info ]: Finished running [  0.04s] (1 nodes, 0 skipped, 0 errors)
10:04:26.790547 [info ]:  Succeeded model main.inline (ephemeral) [1 of 1 in 0.04s]
10:04:27.050878 [info ]: 
==================== Execution Summary =====================
Finished 'show' successfully for target 'dev' [521ms]
==================== 2026-09-23T10:04:34.638823Z | 01a0cdb9-65cc-7232-bd7e-1bded0187464 ====================
10:04:34.639023 [info ]: dbt 2.0.6
10:04:34.639519 [info ]: Started loading project
10:04:34.642422 [info ]: Loading profiles.yml
10:04:34.645266 [debug]:    Started loading packages
10:04:34.648620 [debug]:     Loaded [  0.00s] packages
10:04:34.650760 [info ]: Finished loading project [  0.01s]
10:04:34.651380 [info ]: Started parsing
10:04:34.685106 [debug]: Finished parsing models/marts/schema.yml [  0.00s]
10:04:34.685374 [debug]: Finished parsing models/sources.yml [  0.00s]
10:04:34.687330 [debug]: Finished parsing target\inline_3927931c.sql [  0.00s]
10:04:34.687984 [debug]: Finished parsing models/intermediate/int_kafka_pipeline_runs.sql [  0.00s]
10:04:34.688403 [debug]: Finished parsing models/marts/fct_pipeline_monitoring.sql [  0.00s]
10:04:34.688733 [debug]: Finished parsing models/staging/stg_flow_b_runs.sql [  0.00s]
10:04:34.689145 [debug]: Finished parsing models/staging/stg_kafka_events.sql [  0.00s]
10:04:34.689473 [debug]: Finished parsing models/staging/stg_pipeline_a_runs.sql [  0.00s]
10:04:34.689718 [debug]: Finished parsing models/staging/stg_pipeline_runs.sql [  0.00s]
10:04:34.819342 [info ]: Finished parsing [  0.17s]
10:04:34.820362 [info ]: Started scheduling
10:04:34.820673 [info ]: Finished scheduling [  0.00s]
10:04:34.826759 [info ]: Started building task graph
10:04:34.826942 [info ]: Finished building task graph [  0.00s]
10:04:34.830091 [info ]: Started rendering (1 nodes)
10:04:34.830209 [info ]: Started model main.inline
10:04:34.830231 [debug]: Started rendering model main.inline
10:04:34.831963 [debug]: Compiled SQL for node model..inline at target\compiled\target\inline_3927931c.sql
10:04:34.832253 [debug]: Finished rendering [  0.00s] model main.inline [success]
10:04:34.832446 [info ]: Finished rendering [  0.00s] (1 nodes, 0 skipped, 0 errors)
10:04:34.832682 [info ]: Started analyzing (1 nodes)
10:04:34.832785 [debug]: Started analyzing model main.inline
10:04:34.836268 [debug]: Finished analyzing [  0.00s] model main.inline [success]
10:04:34.836433 [info ]: Finished analyzing [  0.00s] (1 nodes, 0 skipped, 0 errors)
10:04:34.836640 [info ]: Started running (1 nodes)
10:04:34.836737 [info ]: Started running model main.inline
10:04:34.838114 [debug]: DuckDB driver resolved: duckdb 1.5.4
10:04:34.855962 [debug]: Query executed on node unknown:

  
  SELECT * FROM main_raw.raw_flow_b_runs
  
  limit 10

10:04:34.856400 [info ]: [34m[1mQuery[0m [1mshow_sql_operation_inline[0m
┌─────────┬────────────────────┬─────────────────────┬─────────────────────┬───────────────────┬─────────┬─────────────┐
│[1m flow_id [0m┆[1m flow_name          [0m┆[1m initiated_at        [0m┆[1m completed_at        [0m┆[1m sample_identifier [0m┆[1m records [0m┆[1m environment [0m│
╞═════════╪════════════════════╪═════════════════════╪═════════════════════╪═══════════════════╪═════════╪═════════════╡
│ B-2001  ┆ VARIANT_ANNOTATION ┆ 2026-09-20T07:45:00 ┆ 2026-09-20T07:53:12 ┆ S011              ┆ 125440  ┆ prod        │
│ B-2002  ┆ VARIANT_ANNOTATION ┆ 2026-09-20T08:15:00 ┆ 2026-09-20T08:21:30 ┆ S012              ┆ 129010  ┆ prod        │
│ B-2003  ┆ QC_REPORT          ┆ 2026-09-20T09:00:00 ┆ 2026-09-20T09:02:05 ┆ S013              ┆ 44      ┆ staging     │
└─────────┴────────────────────┴─────────────────────┴─────────────────────┴───────────────────┴─────────┴─────────────┘
3 rows.
10:04:34.856639 [info ]: Finished running [  0.02s] model main.inline [success]
10:04:34.856810 [info ]: Finished running [  0.02s] (1 nodes, 0 skipped, 0 errors)
10:04:34.856998 [info ]:  Succeeded model main.inline (ephemeral) [1 of 1 in 0.02s]
10:04:35.116025 [info ]: 
==================== Execution Summary =====================
Finished 'show' successfully for target 'dev' [477ms]
==================== 2026-09-23T10:14:21.270846Z | 01a0cdc2-5954-7c42-b0ff-9fc29282f365 ====================
10:14:21.271013 [info ]: dbt 2.0.6
10:14:21.271485 [info ]: Started loading project
10:14:21.274437 [info ]: Loading profiles.yml
10:14:21.277442 [debug]:    Started loading packages
10:14:21.281113 [debug]:     Loaded [  0.00s] packages
10:14:21.283120 [info ]: Finished loading project [  0.01s]
10:14:21.283631 [info ]: Started parsing
10:14:21.313797 [debug]: Finished parsing models/marts/schema.yml [  0.00s]
10:14:21.314216 [debug]: Finished parsing models/sources.yml [  0.00s]
10:14:21.317848 [debug]: Finished parsing models/intermediate/int_kafka_pipeline_runs.sql [  0.00s]
10:14:21.318348 [debug]: Finished parsing models/marts/fct_pipeline_monitoring.sql [  0.00s]
10:14:21.318723 [debug]: Finished parsing models/staging/stg_flow_b_runs.sql [  0.00s]
10:14:21.319125 [debug]: Finished parsing models/staging/stg_kafka_events.sql [  0.00s]
10:14:21.319471 [debug]: Finished parsing models/staging/stg_pipeline_a_runs.sql [  0.00s]
10:14:21.319733 [debug]: Finished parsing models/staging/stg_pipeline_runs.sql [  0.00s]
10:14:21.321161 [debug]: Finished parsing target\inline_9ddbd53b.sql [  0.01s]
10:14:21.467994 [info ]: Finished parsing [  0.18s]
10:14:21.469151 [info ]: Started scheduling
10:14:21.469411 [info ]: Finished scheduling [  0.00s]
10:14:21.475463 [info ]: Started building task graph
10:14:21.475681 [info ]: Finished building task graph [  0.00s]
10:14:21.478287 [info ]: Started rendering (1 nodes)
10:14:21.478415 [info ]: Started model main.inline
10:14:21.478437 [debug]: Started rendering model main.inline
10:14:21.480220 [debug]: Compiled SQL for node model..inline at target\compiled\target\inline_9ddbd53b.sql
10:14:21.480372 [debug]: Finished rendering [  0.00s] model main.inline [success]
10:14:21.480630 [info ]: Finished rendering [  0.00s] (1 nodes, 0 skipped, 0 errors)
10:14:21.480850 [info ]: Started analyzing (1 nodes)
10:14:21.480937 [debug]: Started analyzing model main.inline
10:14:21.484809 [debug]: Finished analyzing [  0.00s] model main.inline [success]
10:14:21.485002 [info ]: Finished analyzing [  0.00s] (1 nodes, 0 skipped, 0 errors)
10:14:21.485209 [info ]: Started running (1 nodes)
10:14:21.485311 [info ]: Started running model main.inline
10:14:21.486744 [debug]: DuckDB driver resolved: duckdb 1.5.4
10:14:21.511850 [debug]: Query executed on node unknown:

  
  SELECT * FROM main_raw.raw_kafka_events
  
  limit 10

10:14:21.512677 [info ]: [34m[1mQuery[0m [1mshow_sql_operation_inline[0m
┌──────────┬──────────────┬──────────────────┬─────────────────────────┬─────────────────────┬───────────┬─────────────┬───────────────────┬───────────────┐
│[1m event_id [0m┆[1m execution_id [0m┆[1m workflow_name    [0m┆[1m event_type              [0m┆[1m event_ts            [0m┆[1m sample_id [0m┆[1m environment [0m┆[1m processed_records [0m┆[1m error_text    [0m│
╞══════════╪══════════════╪══════════════════╪═════════════════════════╪═════════════════════╪═══════════╪═════════════╪═══════════════════╪═══════════════╡
│ E-001    ┆ C-3001       ┆ SOMATIC_CALLING  ┆ PIPELINE_STARTED        ┆ 2026-09-20T12:00:00 ┆ S021      ┆ prod        ┆ 0                 ┆               │
│ E-002    ┆ C-3001       ┆ SOMATIC_CALLING  ┆ QC_FINISHED             ┆ 2026-09-20T12:04:00 ┆ S021      ┆ prod        ┆ 180000            ┆               │
│ E-003    ┆ C-3001       ┆ SOMATIC_CALLING  ┆ PIPELINE_FINISHED       ┆ 2026-09-20T12:31:30 ┆ S021      ┆ prod        ┆ 978221            ┆               │
│ E-004    ┆ C-3002       ┆ SOMATIC_CALLING  ┆ PIPELINE_STARTED        ┆ 2026-09-20T13:00:00 ┆ S022      ┆ prod        ┆ 0                 ┆               │
│ E-005    ┆ C-3002       ┆ SOMATIC_CALLING  ┆ ALIGNMENT_STARTED       ┆ 2026-09-20T13:05:00 ┆ S022      ┆ prod        ┆ 154210            ┆               │
│ E-006    ┆ C-3002       ┆ SOMATIC_CALLING  ┆ PIPELINE_FAILED         ┆ 2026-09-20T13:16:22 ┆ S022      ┆ prod        ┆ 401903            ┆ Out of memory │
│ E-007    ┆ C-3003       ┆ GERMLINE_CALLING ┆ PIPELINE_STARTED        ┆ 2026-09-20T14:00:00 ┆ S023      ┆ staging     ┆ 0                 ┆               │
│ E-008    ┆ C-3003       ┆ GERMLINE_CALLING ┆ VARIANT_CALLING_STARTED ┆ 2026-09-20T14:14:10 ┆ S023      ┆ staging     ┆ 633120            ┆               │
└──────────┴──────────────┴──────────────────┴─────────────────────────┴─────────────────────┴───────────┴─────────────┴───────────────────┴───────────────┘
8 rows.
10:14:21.512978 [info ]: Finished running [  0.03s] model main.inline [success]
10:14:21.513168 [info ]: Finished running [  0.03s] (1 nodes, 0 skipped, 0 errors)
10:14:21.513348 [info ]:  Succeeded model main.inline (ephemeral) [1 of 1 in 0.03s]
10:14:21.848544 [info ]: 
==================== Execution Summary =====================
Finished 'show' successfully for target 'dev' [577ms]
==================== 2026-09-23T10:19:39.263292Z | 01a0cdc7-337c-75b3-95aa-e8dafdfbcf67 ====================
10:19:39.263473 [info ]: dbt 2.0.6
10:19:39.263956 [info ]: Started loading project
10:19:39.266761 [info ]: Loading profiles.yml
10:19:39.269514 [debug]:    Started loading packages
10:19:39.272964 [debug]:     Loaded [  0.00s] packages
10:19:39.274836 [info ]: Finished loading project [  0.01s]
10:19:39.275411 [info ]: Started parsing
10:19:39.307983 [debug]: Finished parsing models/marts/schema.yml [  0.00s]
10:19:39.308293 [debug]: Finished parsing models/sources.yml [  0.00s]
10:19:39.311727 [debug]: Finished parsing models/intermediate/int_kafka_pipeline_runs.sql [  0.00s]
10:19:39.312224 [debug]: Finished parsing models/marts/fct_pipeline_monitoring.sql [  0.00s]
10:19:39.312579 [debug]: Finished parsing models/staging/stg_flow_b_runs.sql [  0.00s]
10:19:39.312980 [debug]: Finished parsing models/staging/stg_kafka_events.sql [  0.00s]
10:19:39.313394 [debug]: Finished parsing models/staging/stg_pipeline_a_runs.sql [  0.00s]
10:19:39.313662 [debug]: Finished parsing models/staging/stg_pipeline_runs.sql [  0.00s]
10:19:39.314341 [debug]: Finished parsing target\inline_038e7827.sql [  0.01s]
10:19:39.472309 [info ]: Finished parsing [  0.20s]
10:19:39.473579 [info ]: Started scheduling
10:19:39.473898 [info ]: Finished scheduling [  0.00s]
10:19:39.480454 [info ]: Started building task graph
10:19:39.480707 [info ]: Finished building task graph [  0.00s]
10:19:39.485701 [info ]: Started rendering (1 nodes)
10:19:39.485923 [info ]: Started model main.inline
10:19:39.485954 [debug]: Started rendering model main.inline
10:19:39.488407 [debug]: Compiled SQL for node model..inline at target\compiled\target\inline_038e7827.sql
10:19:39.488627 [debug]: Finished rendering [  0.00s] model main.inline [success]
10:19:39.488923 [info ]: Finished rendering [  0.00s] (1 nodes, 0 skipped, 0 errors)
10:19:39.489096 [info ]: Started analyzing (1 nodes)
10:19:39.489260 [debug]: Started analyzing model main.inline
10:19:39.499021 [debug]: Finished analyzing [  0.01s] model main.inline [success]
10:19:39.499339 [info ]: Finished analyzing [  0.01s] (1 nodes, 0 skipped, 0 errors)
10:19:39.499576 [info ]: Started running (1 nodes)
10:19:39.500323 [info ]: Started running model main.inline
10:19:39.502201 [debug]: DuckDB driver resolved: duckdb 1.5.4
10:19:39.525562 [error]: [Generic (dbt1000)]: Internal: Binder Error: column "execution_id" must appear in the GROUP BY clause or must be part of an aggregate function.
Either add it to the GROUP BY list, or use "ANY_VALUE(execution_id)" if the exact value of "execution_id" is not important.

LINE 3:   SELECT DISTINCT(execution_id) FROM main_raw.raw_kafka_events GROUP BY event...
                          ^ (sqlstate: [0, 0, 0, 0, 0], vendor_code: -2147483648)
10:19:39.525693 [info ]: Finished running [  0.03s] model main.inline [error]
10:19:39.525920 [info ]: Finished running [  0.03s] (1 nodes, 0 skipped, 1 errors)
10:19:39.526130 [info ]:     Failed model main.inline (ephemeral) [1 of 1 in 0.04s]
10:19:39.797423 [info ]: 
==================== Execution Summary =====================
Finished 'show' with 1 error for target 'dev' [534ms]
==================== 2026-09-23T10:20:14.136756Z | 01a0cdc7-bbb6-7951-8b4c-4702989760e0 ====================
10:20:14.136926 [info ]: dbt 2.0.6
10:20:14.137404 [info ]: Started loading project
10:20:14.140258 [info ]: Loading profiles.yml
10:20:14.143257 [debug]:    Started loading packages
10:20:14.146636 [debug]:     Loaded [  0.00s] packages
10:20:14.148920 [info ]: Finished loading project [  0.01s]
10:20:14.149573 [info ]: Started parsing
10:20:14.182094 [debug]: Finished parsing models/marts/schema.yml [  0.00s]
10:20:14.182417 [debug]: Finished parsing models/sources.yml [  0.00s]
10:20:14.185846 [debug]: Finished parsing models/intermediate/int_kafka_pipeline_runs.sql [  0.00s]
10:20:14.186324 [debug]: Finished parsing models/marts/fct_pipeline_monitoring.sql [  0.00s]
10:20:14.186685 [debug]: Finished parsing models/staging/stg_flow_b_runs.sql [  0.00s]
10:20:14.187010 [debug]: Finished parsing models/staging/stg_kafka_events.sql [  0.00s]
10:20:14.187386 [debug]: Finished parsing models/staging/stg_pipeline_a_runs.sql [  0.00s]
10:20:14.187656 [debug]: Finished parsing models/staging/stg_pipeline_runs.sql [  0.00s]
10:20:14.188148 [debug]: Finished parsing target\inline_5d4306d2.sql [  0.01s]
10:20:14.319974 [info ]: Finished parsing [  0.17s]
10:20:14.320866 [info ]: Started scheduling
10:20:14.321093 [info ]: Finished scheduling [  0.00s]
10:20:14.326344 [info ]: Started building task graph
10:20:14.326531 [info ]: Finished building task graph [  0.00s]
10:20:14.329221 [info ]: Started rendering (1 nodes)
10:20:14.329330 [info ]: Started model main.inline
10:20:14.329346 [debug]: Started rendering model main.inline
10:20:14.331218 [debug]: Compiled SQL for node model..inline at target\compiled\target\inline_5d4306d2.sql
10:20:14.331395 [debug]: Finished rendering [  0.00s] model main.inline [success]
10:20:14.331589 [info ]: Finished rendering [  0.00s] (1 nodes, 0 skipped, 0 errors)
10:20:14.331795 [info ]: Started analyzing (1 nodes)
10:20:14.331881 [debug]: Started analyzing model main.inline
10:20:14.338626 [debug]: Finished analyzing [  0.01s] model main.inline [success]
10:20:14.338830 [info ]: Finished analyzing [  0.01s] (1 nodes, 0 skipped, 0 errors)
10:20:14.339036 [info ]: Started running (1 nodes)
10:20:14.339123 [info ]: Started running model main.inline
10:20:14.340565 [debug]: DuckDB driver resolved: duckdb 1.5.4
10:20:14.357448 [error]: [Generic (dbt1000)]: Internal: Binder Error: column "execution_id" must appear in the GROUP BY clause or must be part of an aggregate function.
Either add it to the GROUP BY list, or use "ANY_VALUE(execution_id)" if the exact value of "execution_id" is not important.

LINE 3:   SELECT DISTINCT(execution_id),event_id FROM main_raw.raw_kafka_events GROUP...
                          ^ (sqlstate: [0, 0, 0, 0, 0], vendor_code: -2147483648)
10:20:14.357560 [info ]: Finished running [  0.02s] model main.inline [error]
10:20:14.357744 [info ]: Finished running [  0.02s] (1 nodes, 0 skipped, 1 errors)
10:20:14.357936 [info ]:     Failed model main.inline (ephemeral) [1 of 1 in 0.03s]
10:20:14.615284 [info ]: 
==================== Execution Summary =====================
Finished 'show' with 1 error for target 'dev' [478ms]
==================== 2026-09-23T10:22:15.537532Z | 01a0cdc9-95ee-7610-8744-9fd3b49ac6e7 ====================
10:22:15.537707 [info ]: dbt 2.0.6
10:22:15.538175 [info ]: Started loading project
10:22:15.541089 [info ]: Loading profiles.yml
10:22:15.543937 [debug]:    Started loading packages
10:22:15.547235 [debug]:     Loaded [  0.00s] packages
10:22:15.549355 [info ]: Finished loading project [  0.01s]
10:22:15.549916 [info ]: Started parsing
10:22:15.583481 [debug]: Finished parsing models/marts/schema.yml [  0.00s]
10:22:15.583777 [debug]: Finished parsing models/sources.yml [  0.00s]
10:22:15.587489 [debug]: Finished parsing models/intermediate/int_kafka_pipeline_runs.sql [  0.00s]
10:22:15.588058 [debug]: Finished parsing models/marts/fct_pipeline_monitoring.sql [  0.00s]
10:22:15.588618 [debug]: Finished parsing models/staging/stg_flow_b_runs.sql [  0.00s]
10:22:15.588985 [debug]: Finished parsing models/staging/stg_kafka_events.sql [  0.00s]
10:22:15.589375 [debug]: Finished parsing models/staging/stg_pipeline_a_runs.sql [  0.00s]
10:22:15.589652 [debug]: Finished parsing models/staging/stg_pipeline_runs.sql [  0.00s]
10:22:15.590836 [debug]: Finished parsing target\inline_75aef09c.sql [  0.01s]
10:22:15.716215 [info ]: Finished parsing [  0.17s]
10:22:15.717233 [info ]: Started scheduling
10:22:15.717507 [info ]: Finished scheduling [  0.00s]
10:22:15.722786 [info ]: Started building task graph
10:22:15.722986 [info ]: Finished building task graph [  0.00s]
10:22:15.725816 [info ]: Started rendering (1 nodes)
10:22:15.725943 [info ]: Started model main.inline
10:22:15.725959 [debug]: Started rendering model main.inline
10:22:15.727561 [debug]: Compiled SQL for node model..inline at target\compiled\target\inline_75aef09c.sql
10:22:15.727699 [debug]: Finished rendering [  0.00s] model main.inline [success]
10:22:15.728026 [info ]: Finished rendering [  0.00s] (1 nodes, 0 skipped, 0 errors)
10:22:15.728347 [info ]: Started analyzing (1 nodes)
10:22:15.728481 [debug]: Started analyzing model main.inline
10:22:15.735740 [debug]: Finished analyzing [  0.01s] model main.inline [success]
10:22:15.735938 [info ]: Finished analyzing [  0.01s] (1 nodes, 0 skipped, 0 errors)
10:22:15.736141 [info ]: Started running (1 nodes)
10:22:15.736246 [info ]: Started running model main.inline
10:22:15.737719 [debug]: DuckDB driver resolved: duckdb 1.5.4
10:22:15.753891 [error]: [Generic (dbt1000)]: Internal: Binder Error: column COUNT must appear in the GROUP BY clause or be used in an aggregate function (sqlstate: [0, 0, 0, 0, 0], vendor_code: -2147483648)
10:22:15.754008 [info ]: Finished running [  0.02s] model main.inline [error]
10:22:15.754213 [info ]: Finished running [  0.02s] (1 nodes, 0 skipped, 1 errors)
10:22:15.754414 [info ]:     Failed model main.inline (ephemeral) [1 of 1 in 0.03s]
10:22:16.049443 [info ]: 
==================== Execution Summary =====================
Finished 'show' with 1 error for target 'dev' [511ms]
==================== 2026-09-23T10:22:33.706057Z | 01a0cdc9-dce7-71b0-a418-b122a4a6be7c ====================
10:22:33.706228 [info ]: dbt 2.0.6
10:22:33.706714 [info ]: Started loading project
10:22:33.709558 [info ]: Loading profiles.yml
10:22:33.712506 [debug]:    Started loading packages
10:22:33.716327 [debug]:     Loaded [  0.00s] packages
10:22:33.718520 [info ]: Finished loading project [  0.01s]
10:22:33.719105 [info ]: Started parsing
10:22:33.752502 [debug]: Finished parsing models/marts/schema.yml [  0.00s]
10:22:33.752797 [debug]: Finished parsing models/sources.yml [  0.00s]
10:22:33.756380 [debug]: Finished parsing models/intermediate/int_kafka_pipeline_runs.sql [  0.00s]
10:22:33.756829 [debug]: Finished parsing models/marts/fct_pipeline_monitoring.sql [  0.00s]
10:22:33.757206 [debug]: Finished parsing models/staging/stg_flow_b_runs.sql [  0.00s]
10:22:33.757548 [debug]: Finished parsing models/staging/stg_kafka_events.sql [  0.00s]
10:22:33.757895 [debug]: Finished parsing models/staging/stg_pipeline_a_runs.sql [  0.00s]
10:22:33.758159 [debug]: Finished parsing models/staging/stg_pipeline_runs.sql [  0.00s]
10:22:33.758682 [debug]: Finished parsing target\inline_8d3c78e9.sql [  0.01s]
10:22:33.905004 [info ]: Finished parsing [  0.19s]
10:22:33.906003 [info ]: Started scheduling
10:22:33.906222 [info ]: Finished scheduling [  0.00s]
10:22:33.912027 [info ]: Started building task graph
10:22:33.912210 [info ]: Finished building task graph [  0.00s]
10:22:33.915068 [info ]: Started rendering (1 nodes)
10:22:33.915232 [info ]: Started model main.inline
10:22:33.915254 [debug]: Started rendering model main.inline
10:22:33.917280 [debug]: Compiled SQL for node model..inline at target\compiled\target\inline_8d3c78e9.sql
10:22:33.917442 [debug]: Finished rendering [  0.00s] model main.inline [success]
10:22:33.917650 [info ]: Finished rendering [  0.00s] (1 nodes, 0 skipped, 0 errors)
10:22:33.917837 [info ]: Started analyzing (1 nodes)
10:22:33.917922 [debug]: Started analyzing model main.inline
10:22:33.924185 [debug]: Finished analyzing [  0.01s] model main.inline [success]
10:22:33.924372 [info ]: Finished analyzing [  0.01s] (1 nodes, 0 skipped, 0 errors)
10:22:33.924606 [info ]: Started running (1 nodes)
10:22:33.924729 [info ]: Started running model main.inline
10:22:33.926179 [debug]: DuckDB driver resolved: duckdb 1.5.4
10:22:33.949774 [debug]: Query executed on node unknown:

  
  SELECT execution_id, COUNT(*) FROM main_raw.raw_kafka_events GROUP BY execution_id
  
  limit 10

10:22:33.950266 [info ]: [34m[1mQuery[0m [1mshow_sql_operation_inline[0m
┌──────────────┬──────────────┐
│[1m execution_id [0m┆[1m count_star() [0m│
╞══════════════╪══════════════╡
│ C-3002       ┆ 3            │
│ C-3001       ┆ 3            │
│ C-3003       ┆ 2            │
└──────────────┴──────────────┘
3 rows.
10:22:33.950482 [info ]: Finished running [  0.03s] model main.inline [success]
10:22:33.950638 [info ]: Finished running [  0.03s] (1 nodes, 0 skipped, 0 errors)
10:22:33.950813 [info ]:  Succeeded model main.inline (ephemeral) [1 of 1 in 0.03s]
10:22:34.194555 [info ]: 
==================== Execution Summary =====================
Finished 'show' successfully for target 'dev' [488ms]
==================== 2026-09-23T10:22:56.084781Z | 01a0cdca-3452-7701-a2ae-5ee4ca8e9d67 ====================
10:22:56.084962 [info ]: dbt 2.0.6
10:22:56.085428 [info ]: Started loading project
10:22:56.088257 [info ]: Loading profiles.yml
10:22:56.091237 [debug]:    Started loading packages
10:22:56.094449 [debug]:     Loaded [  0.00s] packages
10:22:56.096344 [info ]: Finished loading project [  0.01s]
10:22:56.096827 [info ]: Started parsing
10:22:56.129108 [debug]: Finished parsing models/marts/schema.yml [  0.00s]
10:22:56.129428 [debug]: Finished parsing models/sources.yml [  0.00s]
10:22:56.133370 [debug]: Finished parsing models/intermediate/int_kafka_pipeline_runs.sql [  0.00s]
10:22:56.133830 [debug]: Finished parsing models/marts/fct_pipeline_monitoring.sql [  0.00s]
10:22:56.134193 [debug]: Finished parsing models/staging/stg_flow_b_runs.sql [  0.00s]
10:22:56.134535 [debug]: Finished parsing models/staging/stg_kafka_events.sql [  0.00s]
10:22:56.134906 [debug]: Finished parsing models/staging/stg_pipeline_a_runs.sql [  0.00s]
10:22:56.135177 [debug]: Finished parsing models/staging/stg_pipeline_runs.sql [  0.00s]
10:22:56.136667 [debug]: Finished parsing target\inline_2b131714.sql [  0.01s]
10:22:56.282070 [info ]: Finished parsing [  0.19s]
10:22:56.283075 [info ]: Started scheduling
10:22:56.283307 [info ]: Finished scheduling [  0.00s]
10:22:56.288529 [info ]: Started building task graph
10:22:56.288718 [info ]: Finished building task graph [  0.00s]
10:22:56.291759 [info ]: Started rendering (1 nodes)
10:22:56.291866 [info ]: Started model main.inline
10:22:56.291883 [debug]: Started rendering model main.inline
10:22:56.293530 [debug]: Compiled SQL for node model..inline at target\compiled\target\inline_2b131714.sql
10:22:56.293800 [debug]: Finished rendering [  0.00s] model main.inline [success]
10:22:56.294000 [info ]: Finished rendering [  0.00s] (1 nodes, 0 skipped, 0 errors)
10:22:56.294221 [info ]: Started analyzing (1 nodes)
10:22:56.294320 [debug]: Started analyzing model main.inline
10:22:56.301548 [debug]: Finished analyzing [  0.01s] model main.inline [success]
10:22:56.301752 [info ]: Finished analyzing [  0.01s] (1 nodes, 0 skipped, 0 errors)
10:22:56.301976 [info ]: Started running (1 nodes)
10:22:56.302062 [info ]: Started running model main.inline
10:22:56.303484 [debug]: DuckDB driver resolved: duckdb 1.5.4
10:22:56.320443 [error]: [Generic (dbt1000)]: Internal: Binder Error: column "event_id" must appear in the GROUP BY clause or must be part of an aggregate function.
Either add it to the GROUP BY list, or use "ANY_VALUE(event_id)" if the exact value of "event_id" is not important.

LINE 3:   SELECT event_id,execution_id, COUNT(*) FROM main_raw.raw_kafka_events...
                 ^ (sqlstate: [0, 0, 0, 0, 0], vendor_code: -2147483648)
10:22:56.320572 [info ]: Finished running [  0.02s] model main.inline [error]
10:22:56.320775 [info ]: Finished running [  0.02s] (1 nodes, 0 skipped, 1 errors)
10:22:56.320953 [info ]:     Failed model main.inline (ephemeral) [1 of 1 in 0.03s]
10:22:56.574586 [info ]: 
==================== Execution Summary =====================
Finished 'show' with 1 error for target 'dev' [489ms]
==================== 2026-09-23T10:23:59.913940Z | 01a0cdcb-2da7-7353-ac53-f5dcbd09ef17 ====================
10:23:59.914111 [info ]: dbt 2.0.6
10:23:59.914587 [info ]: Started loading project
10:23:59.917325 [info ]: Loading profiles.yml
10:23:59.920364 [debug]:    Started loading packages
10:23:59.923705 [debug]:     Loaded [  0.00s] packages
10:23:59.925805 [info ]: Finished loading project [  0.01s]
10:23:59.926493 [info ]: Started parsing
10:23:59.960912 [debug]: Finished parsing models/marts/schema.yml [  0.00s]
10:23:59.961228 [debug]: Finished parsing models/sources.yml [  0.00s]
10:23:59.963011 [debug]: Finished parsing target\inline_ee583f00.sql [  0.00s]
10:23:59.964270 [debug]: Finished parsing models/intermediate/int_kafka_pipeline_runs.sql [  0.00s]
10:23:59.964885 [debug]: Finished parsing models/marts/fct_pipeline_monitoring.sql [  0.00s]
10:23:59.965255 [debug]: Finished parsing models/staging/stg_flow_b_runs.sql [  0.00s]
10:23:59.965608 [debug]: Finished parsing models/staging/stg_kafka_events.sql [  0.00s]
10:23:59.965948 [debug]: Finished parsing models/staging/stg_pipeline_a_runs.sql [  0.00s]
10:23:59.966235 [debug]: Finished parsing models/staging/stg_pipeline_runs.sql [  0.00s]
10:24:00.112094 [info ]: Finished parsing [  0.19s]
10:24:00.112953 [info ]: Started scheduling
10:24:00.113180 [info ]: Finished scheduling [  0.00s]
10:24:00.118890 [info ]: Started building task graph
10:24:00.119097 [info ]: Finished building task graph [  0.00s]
10:24:00.121942 [info ]: Started rendering (1 nodes)
10:24:00.122049 [info ]: Started model main.inline
10:24:00.122068 [debug]: Started rendering model main.inline
10:24:00.123711 [debug]: Compiled SQL for node model..inline at target\compiled\target\inline_ee583f00.sql
10:24:00.123840 [debug]: Finished rendering [  0.00s] model main.inline [success]
10:24:00.124072 [info ]: Finished rendering [  0.00s] (1 nodes, 0 skipped, 0 errors)
10:24:00.124376 [info ]: Started analyzing (1 nodes)
10:24:00.124500 [debug]: Started analyzing model main.inline
10:24:00.128370 [debug]: Finished analyzing [  0.00s] model main.inline [success]
10:24:00.128534 [info ]: Finished analyzing [  0.00s] (1 nodes, 0 skipped, 0 errors)
10:24:00.128739 [info ]: Started running (1 nodes)
10:24:00.128825 [info ]: Started running model main.inline
10:24:00.130195 [debug]: DuckDB driver resolved: duckdb 1.5.4
10:24:00.146842 [debug]: Query executed on node unknown:

  
  SELECT * FROM main_raw.raw_kafka_events
  
  limit 10

10:24:00.147404 [info ]: [34m[1mQuery[0m [1mshow_sql_operation_inline[0m
┌──────────┬──────────────┬──────────────────┬─────────────────────────┬─────────────────────┬───────────┬─────────────┬───────────────────┬───────────────┐
│[1m event_id [0m┆[1m execution_id [0m┆[1m workflow_name    [0m┆[1m event_type              [0m┆[1m event_ts            [0m┆[1m sample_id [0m┆[1m environment [0m┆[1m processed_records [0m┆[1m error_text    [0m│
╞══════════╪══════════════╪══════════════════╪═════════════════════════╪═════════════════════╪═══════════╪═════════════╪═══════════════════╪═══════════════╡
│ E-001    ┆ C-3001       ┆ SOMATIC_CALLING  ┆ PIPELINE_STARTED        ┆ 2026-09-20T12:00:00 ┆ S021      ┆ prod        ┆ 0                 ┆               │
│ E-002    ┆ C-3001       ┆ SOMATIC_CALLING  ┆ QC_FINISHED             ┆ 2026-09-20T12:04:00 ┆ S021      ┆ prod        ┆ 180000            ┆               │
│ E-003    ┆ C-3001       ┆ SOMATIC_CALLING  ┆ PIPELINE_FINISHED       ┆ 2026-09-20T12:31:30 ┆ S021      ┆ prod        ┆ 978221            ┆               │
│ E-004    ┆ C-3002       ┆ SOMATIC_CALLING  ┆ PIPELINE_STARTED        ┆ 2026-09-20T13:00:00 ┆ S022      ┆ prod        ┆ 0                 ┆               │
│ E-005    ┆ C-3002       ┆ SOMATIC_CALLING  ┆ ALIGNMENT_STARTED       ┆ 2026-09-20T13:05:00 ┆ S022      ┆ prod        ┆ 154210            ┆               │
│ E-006    ┆ C-3002       ┆ SOMATIC_CALLING  ┆ PIPELINE_FAILED         ┆ 2026-09-20T13:16:22 ┆ S022      ┆ prod        ┆ 401903            ┆ Out of memory │
│ E-007    ┆ C-3003       ┆ GERMLINE_CALLING ┆ PIPELINE_STARTED        ┆ 2026-09-20T14:00:00 ┆ S023      ┆ staging     ┆ 0                 ┆               │
│ E-008    ┆ C-3003       ┆ GERMLINE_CALLING ┆ VARIANT_CALLING_STARTED ┆ 2026-09-20T14:14:10 ┆ S023      ┆ staging     ┆ 633120            ┆               │
└──────────┴──────────────┴──────────────────┴─────────────────────────┴─────────────────────┴───────────┴─────────────┴───────────────────┴───────────────┘
8 rows.
10:24:00.147728 [info ]: Finished running [  0.02s] model main.inline [success]
10:24:00.148022 [info ]: Finished running [  0.02s] (1 nodes, 0 skipped, 0 errors)
10:24:00.148241 [info ]:  Succeeded model main.inline (ephemeral) [1 of 1 in 0.02s]
10:24:00.429685 [info ]: 
==================== Execution Summary =====================
Finished 'show' successfully for target 'dev' [515ms]
==================== 2026-09-23T10:25:12.968683Z | 01a0cdcc-4b05-7643-afef-764eebf8d0d1 ====================
10:25:12.968863 [info ]: dbt 2.0.6
10:25:12.969382 [info ]: Started loading project
10:25:12.972330 [info ]: Loading profiles.yml
10:25:12.975538 [debug]:    Started loading packages
10:25:12.978742 [debug]:     Loaded [  0.00s] packages
10:25:12.993586 [info ]: Finished loading project [  0.02s]
10:25:12.994138 [info ]: Started parsing
10:25:13.027058 [debug]: Finished parsing models/marts/schema.yml [  0.00s]
10:25:13.027332 [debug]: Finished parsing models/sources.yml [  0.00s]
10:25:13.030838 [debug]: Finished parsing models/intermediate/int_kafka_pipeline_runs.sql [  0.00s]
10:25:13.031378 [debug]: Finished parsing models/marts/fct_pipeline_monitoring.sql [  0.00s]
10:25:13.031776 [debug]: Finished parsing models/staging/stg_flow_b_runs.sql [  0.00s]
10:25:13.032161 [debug]: Finished parsing models/staging/stg_kafka_events.sql [  0.00s]
10:25:13.032481 [debug]: Finished parsing models/staging/stg_pipeline_a_runs.sql [  0.00s]
10:25:13.032769 [debug]: Finished parsing models/staging/stg_pipeline_runs.sql [  0.00s]
10:25:13.034224 [debug]: Finished parsing target\inline_2138576e.sql [  0.01s]
10:25:13.181370 [info ]: Finished parsing [  0.19s]
10:25:13.182348 [info ]: Started scheduling
10:25:13.182628 [info ]: Finished scheduling [  0.00s]
10:25:13.188351 [info ]: Started building task graph
10:25:13.188538 [info ]: Finished building task graph [  0.00s]
10:25:13.191631 [info ]: Started rendering (1 nodes)
10:25:13.191742 [info ]: Started model main.inline
10:25:13.191759 [debug]: Started rendering model main.inline
10:25:13.193570 [debug]: Compiled SQL for node model..inline at target\compiled\target\inline_2138576e.sql
10:25:13.193867 [debug]: Finished rendering [  0.00s] model main.inline [success]
10:25:13.194047 [info ]: Finished rendering [  0.00s] (1 nodes, 0 skipped, 0 errors)
10:25:13.194293 [info ]: Started analyzing (1 nodes)
10:25:13.194376 [debug]: Started analyzing model main.inline
10:25:13.199098 [debug]: Finished analyzing [  0.00s] model main.inline [success]
10:25:13.199328 [info ]: Finished analyzing [  0.01s] (1 nodes, 0 skipped, 0 errors)
10:25:13.199541 [info ]: Started running (1 nodes)
10:25:13.199627 [info ]: Started running model main.inline
10:25:13.201128 [debug]: DuckDB driver resolved: duckdb 1.5.4
10:25:13.217754 [debug]: Query executed on node unknown:

  
  SELECT event_id,execution_id FROM main_raw.raw_kafka_events
  
  limit 10

10:25:13.218223 [info ]: [34m[1mQuery[0m [1mshow_sql_operation_inline[0m
┌──────────┬──────────────┐
│[1m event_id [0m┆[1m execution_id [0m│
╞══════════╪══════════════╡
│ E-001    ┆ C-3001       │
│ E-002    ┆ C-3001       │
│ E-003    ┆ C-3001       │
│ E-004    ┆ C-3002       │
│ E-005    ┆ C-3002       │
│ E-006    ┆ C-3002       │
│ E-007    ┆ C-3003       │
│ E-008    ┆ C-3003       │
└──────────┴──────────────┘
8 rows.
10:25:13.218428 [info ]: Finished running [  0.02s] model main.inline [success]
10:25:13.218599 [info ]: Finished running [  0.02s] (1 nodes, 0 skipped, 0 errors)
10:25:13.218793 [info ]:  Succeeded model main.inline (ephemeral) [1 of 1 in 0.02s]
10:25:13.501071 [info ]: 
==================== Execution Summary =====================
Finished 'show' successfully for target 'dev' [532ms]
==================== 2026-09-23T10:25:43.158087Z | 01a0cdcc-c0f3-7991-a1f2-3358d008d737 ====================
10:25:43.158255 [info ]: dbt 2.0.6
10:25:43.158710 [info ]: Started loading project
10:25:43.161413 [info ]: Loading profiles.yml
10:25:43.164383 [debug]:    Started loading packages
10:25:43.168082 [debug]:     Loaded [  0.00s] packages
10:25:43.170244 [info ]: Finished loading project [  0.01s]
10:25:43.170820 [info ]: Started parsing
10:25:43.204500 [debug]: Finished parsing models/marts/schema.yml [  0.00s]
10:25:43.204763 [debug]: Finished parsing models/sources.yml [  0.00s]
10:25:43.208446 [debug]: Finished parsing models/intermediate/int_kafka_pipeline_runs.sql [  0.00s]
10:25:43.208927 [debug]: Finished parsing models/marts/fct_pipeline_monitoring.sql [  0.00s]
10:25:43.209316 [debug]: Finished parsing models/staging/stg_flow_b_runs.sql [  0.00s]
10:25:43.209654 [debug]: Finished parsing models/staging/stg_kafka_events.sql [  0.00s]
10:25:43.210009 [debug]: Finished parsing models/staging/stg_pipeline_a_runs.sql [  0.00s]
10:25:43.210311 [debug]: Finished parsing models/staging/stg_pipeline_runs.sql [  0.00s]
10:25:43.211095 [debug]: Finished parsing target\inline_5eb7bcec.sql [  0.01s]
10:25:43.364322 [info ]: Finished parsing [  0.19s]
10:25:43.365395 [info ]: Started scheduling
10:25:43.365632 [info ]: Finished scheduling [  0.00s]
10:25:43.371492 [info ]: Started building task graph
10:25:43.371697 [info ]: Finished building task graph [  0.00s]
10:25:43.374489 [info ]: Started rendering (1 nodes)
10:25:43.374594 [info ]: Started model main.inline
10:25:43.374612 [debug]: Started rendering model main.inline
10:25:43.376261 [debug]: Compiled SQL for node model..inline at target\compiled\target\inline_5eb7bcec.sql
10:25:43.376430 [debug]: Finished rendering [  0.00s] model main.inline [success]
10:25:43.376725 [info ]: Finished rendering [  0.00s] (1 nodes, 0 skipped, 0 errors)
10:25:43.376912 [info ]: Started analyzing (1 nodes)
10:25:43.376990 [debug]: Started analyzing model main.inline
10:25:43.382681 [debug]: Finished analyzing [  0.01s] model main.inline [success]
10:25:43.382951 [info ]: Finished analyzing [  0.01s] (1 nodes, 0 skipped, 0 errors)
10:25:43.383384 [info ]: Started running (1 nodes)
10:25:43.383493 [info ]: Started running model main.inline
10:25:43.384919 [debug]: DuckDB driver resolved: duckdb 1.5.4
10:25:43.406130 [debug]: Query executed on node unknown:

  
  SELECT DISTINCT(event_id) FROM main_raw.raw_kafka_events
  
  limit 10

10:25:43.406646 [info ]: [34m[1mQuery[0m [1mshow_sql_operation_inline[0m
┌──────────┐
│[1m event_id [0m│
╞══════════╡
│ E-003    │
│ E-001    │
│ E-005    │
│ E-008    │
│ E-007    │
│ E-006    │
│ E-004    │
│ E-002    │
└──────────┘
8 rows.
10:25:43.406847 [info ]: Finished running [  0.02s] model main.inline [success]
10:25:43.407013 [info ]: Finished running [  0.02s] (1 nodes, 0 skipped, 0 errors)
10:25:43.407175 [info ]:  Succeeded model main.inline (ephemeral) [1 of 1 in 0.03s]
10:25:43.638074 [info ]: 
==================== Execution Summary =====================
Finished 'show' successfully for target 'dev' [479ms]
==================== 2026-09-23T10:26:09.347049Z | 01a0cdcd-2740-74c2-8f07-ab4e3b9e6f09 ====================
10:26:09.347225 [info ]: dbt 2.0.6
10:26:09.347704 [info ]: Started loading project
10:26:09.350508 [info ]: Loading profiles.yml
10:26:09.353216 [debug]:    Started loading packages
10:26:09.356507 [debug]:     Loaded [  0.00s] packages
10:26:09.358656 [info ]: Finished loading project [  0.01s]
10:26:09.359217 [info ]: Started parsing
10:26:09.394180 [debug]: Finished parsing models/marts/schema.yml [  0.00s]
10:26:09.394512 [debug]: Finished parsing models/sources.yml [  0.00s]
10:26:09.397977 [debug]: Finished parsing models/intermediate/int_kafka_pipeline_runs.sql [  0.00s]
10:26:09.398486 [debug]: Finished parsing models/marts/fct_pipeline_monitoring.sql [  0.00s]
10:26:09.398844 [debug]: Finished parsing models/staging/stg_flow_b_runs.sql [  0.00s]
10:26:09.399148 [debug]: Finished parsing models/staging/stg_kafka_events.sql [  0.00s]
10:26:09.399532 [debug]: Finished parsing models/staging/stg_pipeline_a_runs.sql [  0.00s]
10:26:09.399800 [debug]: Finished parsing models/staging/stg_pipeline_runs.sql [  0.00s]
10:26:09.400200 [debug]: Finished parsing target\inline_b5c1d4f9.sql [  0.01s]
10:26:09.534113 [info ]: Finished parsing [  0.17s]
10:26:09.535157 [info ]: Started scheduling
10:26:09.535404 [info ]: Finished scheduling [  0.00s]
10:26:09.540406 [info ]: Started building task graph
10:26:09.540622 [info ]: Finished building task graph [  0.00s]
10:26:09.543435 [info ]: Started rendering (1 nodes)
10:26:09.543551 [info ]: Started model main.inline
10:26:09.543571 [debug]: Started rendering model main.inline
10:26:09.545334 [debug]: Compiled SQL for node model..inline at target\compiled\target\inline_b5c1d4f9.sql
10:26:09.545620 [debug]: Finished rendering [  0.00s] model main.inline [success]
10:26:09.545836 [info ]: Finished rendering [  0.00s] (1 nodes, 0 skipped, 0 errors)
10:26:09.546066 [info ]: Started analyzing (1 nodes)
10:26:09.546146 [debug]: Started analyzing model main.inline
10:26:09.558471 [debug]: Finished analyzing [  0.01s] model main.inline [success]
10:26:09.558797 [info ]: Finished analyzing [  0.01s] (1 nodes, 0 skipped, 0 errors)
10:26:09.559065 [info ]: Started running (1 nodes)
10:26:09.559195 [info ]: Started running model main.inline
10:26:09.560920 [debug]: DuckDB driver resolved: duckdb 1.5.4
10:26:09.595539 [debug]: Query executed on node unknown:

  
  SELECT COUNT(DISTINCT(event_id)),COUNT(event_id) FROM main_raw.raw_kafka_events
  
  limit 10

10:26:09.596017 [info ]: [34m[1mQuery[0m [1mshow_sql_operation_inline[0m
┌──────────────────────────┬─────────────────┐
│[1m count(DISTINCT event_id) [0m┆[1m count(event_id) [0m│
╞══════════════════════════╪═════════════════╡
│ 8                        ┆ 8               │
└──────────────────────────┴─────────────────┘
1 rows.
10:26:09.596251 [info ]: Finished running [  0.04s] model main.inline [success]
10:26:09.596415 [info ]: Finished running [  0.04s] (1 nodes, 0 skipped, 0 errors)
10:26:09.596589 [info ]:  Succeeded model main.inline (ephemeral) [1 of 1 in 0.05s]
10:26:09.826826 [info ]: 
==================== Execution Summary =====================
Finished 'show' successfully for target 'dev' [479ms]
==================== 2026-09-23T10:28:51.808821Z | 01a0cdcf-a1de-74c3-99b6-cd8d7e2a8700 ====================
10:28:51.809001 [info ]: dbt 2.0.6
10:28:51.809498 [info ]: Started loading project
10:28:51.812581 [info ]: Loading profiles.yml
10:28:51.815762 [debug]:    Started loading packages
10:28:51.819001 [debug]:     Loaded [  0.00s] packages
10:28:51.821070 [info ]: Finished loading project [  0.01s]
10:28:51.821596 [info ]: Started parsing
10:28:51.851417 [debug]: Finished parsing models/marts/schema.yml [  0.00s]
10:28:51.851665 [debug]: Finished parsing models/sources.yml [  0.00s]
10:28:51.853789 [debug]: Finished parsing target\inline_729cca1b.sql [  0.00s]
10:28:51.854468 [debug]: Finished parsing models/intermediate/int_kafka_pipeline_runs.sql [  0.00s]
10:28:51.855001 [debug]: Finished parsing models/marts/fct_pipeline_monitoring.sql [  0.00s]
10:28:51.855375 [debug]: Finished parsing models/staging/stg_flow_b_runs.sql [  0.00s]
10:28:51.855719 [debug]: Finished parsing models/staging/stg_kafka_events.sql [  0.00s]
10:28:51.856040 [debug]: Finished parsing models/staging/stg_pipeline_a_runs.sql [  0.00s]
10:28:51.856311 [debug]: Finished parsing models/staging/stg_pipeline_runs.sql [  0.00s]
10:28:52.013427 [info ]: Finished parsing [  0.19s]
10:28:52.014447 [info ]: Started scheduling
10:28:52.014693 [info ]: Finished scheduling [  0.00s]
10:28:52.020334 [info ]: Started building task graph
10:28:52.020541 [info ]: Finished building task graph [  0.00s]
10:28:52.023265 [info ]: Started rendering (1 nodes)
10:28:52.023394 [info ]: Started model main.inline
10:28:52.023414 [debug]: Started rendering model main.inline
10:28:52.025208 [debug]: Compiled SQL for node model..inline at target\compiled\target\inline_729cca1b.sql
10:28:52.025498 [debug]: Finished rendering [  0.00s] model main.inline [success]
10:28:52.025688 [info ]: Finished rendering [  0.00s] (1 nodes, 0 skipped, 0 errors)
10:28:52.025892 [info ]: Started analyzing (1 nodes)
10:28:52.025995 [debug]: Started analyzing model main.inline
10:28:52.034778 [debug]: Finished analyzing [  0.01s] model main.inline [success]
10:28:52.035018 [info ]: Finished analyzing [  0.01s] (1 nodes, 0 skipped, 0 errors)
10:28:52.035243 [info ]: Started running (1 nodes)
10:28:52.035359 [info ]: Started running model main.inline
10:28:52.036762 [debug]: DuckDB driver resolved: duckdb 1.5.4
10:28:52.056927 [debug]: Query executed on node unknown:

  
  SELECT COUNT(DISTINCT(event_id)),COUNT(event_id) FROM main_raw.raw_kafka_events
  
  limit 10

10:28:52.057356 [info ]: [34m[1mQuery[0m [1mshow_sql_operation_inline[0m
┌──────────────────────────┬─────────────────┐
│[1m count(DISTINCT event_id) [0m┆[1m count(event_id) [0m│
╞══════════════════════════╪═════════════════╡
│ 8                        ┆ 8               │
└──────────────────────────┴─────────────────┘
1 rows.
10:28:52.057584 [info ]: Finished running [  0.02s] model main.inline [success]
10:28:52.057730 [info ]: Finished running [  0.02s] (1 nodes, 0 skipped, 0 errors)
10:28:52.057911 [info ]:  Succeeded model main.inline (ephemeral) [1 of 1 in 0.03s]
10:28:52.328892 [info ]: 
==================== Execution Summary =====================
Finished 'show' successfully for target 'dev' [520ms]
==================== 2026-09-23T10:29:43.262431Z | 01a0cdd0-6adb-7681-a126-f06b3d6a55e5 ====================
10:29:43.262605 [info ]: dbt 2.0.6
10:29:43.263066 [info ]: Started loading project
10:29:43.265875 [info ]: Loading profiles.yml
10:29:43.268580 [debug]:    Started loading packages
10:29:43.272130 [debug]:     Loaded [  0.00s] packages
10:29:43.274153 [info ]: Finished loading project [  0.01s]
10:29:43.274673 [info ]: Started parsing
10:29:43.305497 [debug]: Finished parsing models/marts/schema.yml [  0.00s]
10:29:43.305746 [debug]: Finished parsing models/sources.yml [  0.00s]
10:29:43.309096 [debug]: Finished parsing models/intermediate/int_kafka_pipeline_runs.sql [  0.00s]
10:29:43.309577 [debug]: Finished parsing models/marts/fct_pipeline_monitoring.sql [  0.00s]
10:29:43.309941 [debug]: Finished parsing models/staging/stg_flow_b_runs.sql [  0.00s]
10:29:43.310309 [debug]: Finished parsing models/staging/stg_kafka_events.sql [  0.00s]
10:29:43.310691 [debug]: Finished parsing models/staging/stg_pipeline_a_runs.sql [  0.00s]
10:29:43.310975 [debug]: Finished parsing models/staging/stg_pipeline_runs.sql [  0.00s]
10:29:43.311443 [debug]: Finished parsing target\inline_3f00b0b9.sql [  0.01s]
10:29:43.465779 [info ]: Finished parsing [  0.19s]
10:29:43.466883 [info ]: Started scheduling
10:29:43.467324 [info ]: Finished scheduling [  0.00s]
10:29:43.472680 [info ]: Started building task graph
10:29:43.472891 [info ]: Finished building task graph [  0.00s]
10:29:43.475755 [info ]: Started rendering (1 nodes)
10:29:43.475869 [info ]: Started model main.inline
10:29:43.475887 [debug]: Started rendering model main.inline
10:29:43.477512 [debug]: Compiled SQL for node model..inline at target\compiled\target\inline_3f00b0b9.sql
10:29:43.477799 [debug]: Finished rendering [  0.00s] model main.inline [success]
10:29:43.477976 [info ]: Finished rendering [  0.00s] (1 nodes, 0 skipped, 0 errors)
10:29:43.478171 [info ]: Started analyzing (1 nodes)
10:29:43.478255 [debug]: Started analyzing model main.inline
10:29:43.485907 [debug]: Finished analyzing [  0.01s] model main.inline [success]
10:29:43.486118 [info ]: Finished analyzing [  0.01s] (1 nodes, 0 skipped, 0 errors)
10:29:43.486344 [info ]: Started running (1 nodes)
10:29:43.486455 [info ]: Started running model main.inline
10:29:43.487849 [debug]: DuckDB driver resolved: duckdb 1.5.4
10:29:43.506372 [error]: [Generic (dbt1000)]: Internal: Catalog Error: Table with name raw_kafka_runs does not exist!
Did you mean "raw_kafka_events"?

LINE 3:   SELECT DISTINCT(event_id),COUNT(even_id) FROM main_raw.raw_kafka_runs
                                                        ^ (sqlstate: [0, 0, 0, 0, 0], vendor_code: -2147483648)
10:29:43.506495 [info ]: Finished running [  0.02s] model main.inline [error]
10:29:43.506694 [info ]: Finished running [  0.02s] (1 nodes, 0 skipped, 1 errors)
10:29:43.506909 [info ]:     Failed model main.inline (ephemeral) [1 of 1 in 0.03s]
10:29:43.744899 [info ]: 
==================== Execution Summary =====================
Finished 'show' with 1 error for target 'dev' [482ms]
==================== 2026-09-23T10:29:53.634262Z | 01a0cdd0-935f-77f2-90b5-dac2550cdd79 ====================
10:29:53.634416 [info ]: dbt 2.0.6
10:29:53.634870 [info ]: Started loading project
10:29:53.637543 [info ]: Loading profiles.yml
10:29:53.640640 [debug]:    Started loading packages
10:29:53.643805 [debug]:     Loaded [  0.00s] packages
10:29:53.645676 [info ]: Finished loading project [  0.01s]
10:29:53.646252 [info ]: Started parsing
10:29:53.677017 [debug]: Finished parsing models/marts/schema.yml [  0.00s]
10:29:53.677242 [debug]: Finished parsing models/sources.yml [  0.00s]
10:29:53.680145 [debug]: Finished parsing models/intermediate/int_kafka_pipeline_runs.sql [  0.00s]
10:29:53.680538 [debug]: Finished parsing models/marts/fct_pipeline_monitoring.sql [  0.00s]
10:29:53.680927 [debug]: Finished parsing models/staging/stg_flow_b_runs.sql [  0.00s]
10:29:53.681289 [debug]: Finished parsing models/staging/stg_kafka_events.sql [  0.00s]
10:29:53.681731 [debug]: Finished parsing models/staging/stg_pipeline_a_runs.sql [  0.00s]
10:29:53.682039 [debug]: Finished parsing models/staging/stg_pipeline_runs.sql [  0.00s]
10:29:53.688935 [debug]: Finished parsing target\inline_76202b10.sql [  0.01s]
10:29:53.829285 [info ]: Finished parsing [  0.18s]
10:29:53.830321 [info ]: Started scheduling
10:29:53.830542 [info ]: Finished scheduling [  0.00s]
10:29:53.836503 [info ]: Started building task graph
10:29:53.836714 [info ]: Finished building task graph [  0.00s]
10:29:53.839427 [info ]: Started rendering (1 nodes)
10:29:53.839539 [info ]: Started model main.inline
10:29:53.839568 [debug]: Started rendering model main.inline
10:29:53.841201 [debug]: Compiled SQL for node model..inline at target\compiled\target\inline_76202b10.sql
10:29:53.841334 [debug]: Finished rendering [  0.00s] model main.inline [success]
10:29:53.841530 [info ]: Finished rendering [  0.00s] (1 nodes, 0 skipped, 0 errors)
10:29:53.841804 [info ]: Started analyzing (1 nodes)
10:29:53.841883 [debug]: Started analyzing model main.inline
10:29:53.849279 [debug]: Finished analyzing [  0.01s] model main.inline [success]
10:29:53.849574 [info ]: Finished analyzing [  0.01s] (1 nodes, 0 skipped, 0 errors)
10:29:53.849794 [info ]: Started running (1 nodes)
10:29:53.849904 [info ]: Started running model main.inline
10:29:53.851381 [debug]: DuckDB driver resolved: duckdb 1.5.4
10:29:53.873400 [error]: [Generic (dbt1000)]: Internal: Binder Error: Referenced column "even_id" not found in FROM clause!
Candidate bindings: "event_id", "event_ts", "event_type", "execution_id", "sample_id"

LINE 3:   SELECT DISTINCT(event_id),COUNT(even_id) FROM main_raw.raw_kafka_events
                                          ^ (sqlstate: [0, 0, 0, 0, 0], vendor_code: -2147483648)
10:29:53.873515 [info ]: Finished running [  0.02s] model main.inline [error]
10:29:53.873721 [info ]: Finished running [  0.02s] (1 nodes, 0 skipped, 1 errors)
10:29:53.873971 [info ]:     Failed model main.inline (ephemeral) [1 of 1 in 0.03s]
10:29:54.148126 [info ]: 
==================== Execution Summary =====================
Finished 'show' with 1 error for target 'dev' [513ms]
==================== 2026-09-23T10:30:26.918184Z | 01a0cdd1-1563-73d1-b607-f01027a1e95f ====================
10:30:26.918342 [info ]: dbt 2.0.6
10:30:26.918804 [info ]: Started loading project
10:30:26.921583 [info ]: Loading profiles.yml
10:30:26.924485 [debug]:    Started loading packages
10:30:26.927835 [debug]:     Loaded [  0.00s] packages
10:30:26.930058 [info ]: Finished loading project [  0.01s]
10:30:26.930647 [info ]: Started parsing
10:30:26.962779 [debug]: Finished parsing models/marts/schema.yml [  0.00s]
10:30:26.963074 [debug]: Finished parsing models/sources.yml [  0.00s]
10:30:26.966540 [debug]: Finished parsing models/intermediate/int_kafka_pipeline_runs.sql [  0.00s]
10:30:26.966994 [debug]: Finished parsing models/marts/fct_pipeline_monitoring.sql [  0.00s]
10:30:26.967308 [debug]: Finished parsing models/staging/stg_flow_b_runs.sql [  0.00s]
10:30:26.967612 [debug]: Finished parsing models/staging/stg_kafka_events.sql [  0.00s]
10:30:26.967951 [debug]: Finished parsing models/staging/stg_pipeline_a_runs.sql [  0.00s]
10:30:26.968191 [debug]: Finished parsing models/staging/stg_pipeline_runs.sql [  0.00s]
10:30:26.971371 [debug]: Finished parsing target\inline_18545432.sql [  0.01s]
10:30:27.100345 [info ]: Finished parsing [  0.17s]
10:30:27.101381 [info ]: Started scheduling
10:30:27.101662 [info ]: Finished scheduling [  0.00s]
10:30:27.107927 [info ]: Started building task graph
10:30:27.108122 [info ]: Finished building task graph [  0.00s]
10:30:27.111460 [info ]: Started rendering (1 nodes)
10:30:27.111577 [info ]: Started model main.inline
10:30:27.111594 [debug]: Started rendering model main.inline
10:30:27.113396 [debug]: Compiled SQL for node model..inline at target\compiled\target\inline_18545432.sql
10:30:27.113708 [debug]: Finished rendering [  0.00s] model main.inline [success]
10:30:27.113927 [info ]: Finished rendering [  0.00s] (1 nodes, 0 skipped, 0 errors)
10:30:27.114165 [info ]: Started analyzing (1 nodes)
10:30:27.114250 [debug]: Started analyzing model main.inline
10:30:27.121790 [debug]: Finished analyzing [  0.01s] model main.inline [success]
10:30:27.122011 [info ]: Finished analyzing [  0.01s] (1 nodes, 0 skipped, 0 errors)
10:30:27.122221 [info ]: Started running (1 nodes)
10:30:27.122348 [info ]: Started running model main.inline
10:30:27.123887 [debug]: DuckDB driver resolved: duckdb 1.5.4
10:30:27.144665 [error]: [Generic (dbt1000)]: Internal: Catalog Error: Table with name raw_kafka_runs does not exist!
Did you mean "raw_kafka_events"?

LINE 3:   SELECT DISTINCT(execution_id),COUNT(event_id) FROM main_raw.raw_kafka_runs
                                                             ^ (sqlstate: [0, 0, 0, 0, 0], vendor_code: -2147483648)
10:30:27.144790 [info ]: Finished running [  0.02s] model main.inline [error]
10:30:27.145034 [info ]: Finished running [  0.02s] (1 nodes, 0 skipped, 1 errors)
10:30:27.145245 [info ]:     Failed model main.inline (ephemeral) [1 of 1 in 0.03s]
10:30:27.444553 [info ]: 
==================== Execution Summary =====================
Finished 'show' with 1 error for target 'dev' [526ms]
==================== 2026-09-23T10:30:33.488603Z | 01a0cdd1-2f0d-78e2-aac0-a0c224caf4e0 ====================
10:30:33.488822 [info ]: dbt 2.0.6
10:30:33.489288 [info ]: Started loading project
10:30:33.492028 [info ]: Loading profiles.yml
10:30:33.495034 [debug]:    Started loading packages
10:30:33.498358 [debug]:     Loaded [  0.00s] packages
10:30:33.500368 [info ]: Finished loading project [  0.01s]
10:30:33.500898 [info ]: Started parsing
10:30:33.534736 [debug]: Finished parsing models/marts/schema.yml [  0.00s]
10:30:33.535080 [debug]: Finished parsing models/sources.yml [  0.00s]
10:30:33.538545 [debug]: Finished parsing models/intermediate/int_kafka_pipeline_runs.sql [  0.00s]
10:30:33.539028 [debug]: Finished parsing models/marts/fct_pipeline_monitoring.sql [  0.00s]
10:30:33.539400 [debug]: Finished parsing models/staging/stg_flow_b_runs.sql [  0.00s]
10:30:33.539766 [debug]: Finished parsing models/staging/stg_kafka_events.sql [  0.00s]
10:30:33.540127 [debug]: Finished parsing models/staging/stg_pipeline_a_runs.sql [  0.00s]
10:30:33.540426 [debug]: Finished parsing models/staging/stg_pipeline_runs.sql [  0.00s]
10:30:33.540740 [debug]: Finished parsing target\inline_8561f02b.sql [  0.01s]
10:30:33.696301 [info ]: Finished parsing [  0.20s]
10:30:33.697214 [info ]: Started scheduling
10:30:33.697424 [info ]: Finished scheduling [  0.00s]
10:30:33.703399 [info ]: Started building task graph
10:30:33.703599 [info ]: Finished building task graph [  0.00s]
10:30:33.706275 [info ]: Started rendering (1 nodes)
10:30:33.706385 [info ]: Started model main.inline
10:30:33.706405 [debug]: Started rendering model main.inline
10:30:33.708352 [debug]: Compiled SQL for node model..inline at target\compiled\target\inline_8561f02b.sql
10:30:33.708513 [debug]: Finished rendering [  0.00s] model main.inline [success]
10:30:33.708720 [info ]: Finished rendering [  0.00s] (1 nodes, 0 skipped, 0 errors)
10:30:33.708937 [info ]: Started analyzing (1 nodes)
10:30:33.709014 [debug]: Started analyzing model main.inline
10:30:33.716160 [debug]: Finished analyzing [  0.01s] model main.inline [success]
10:30:33.716362 [info ]: Finished analyzing [  0.01s] (1 nodes, 0 skipped, 0 errors)
10:30:33.716547 [info ]: Started running (1 nodes)
10:30:33.716659 [info ]: Started running model main.inline
10:30:33.718318 [debug]: DuckDB driver resolved: duckdb 1.5.4
10:30:33.735168 [error]: [Generic (dbt1000)]: Internal: Binder Error: column "execution_id" must appear in the GROUP BY clause or must be part of an aggregate function.
Either add it to the GROUP BY list, or use "ANY_VALUE(execution_id)" if the exact value of "execution_id" is not important.

LINE 3:   SELECT DISTINCT(execution_id),COUNT(event_id) FROM main_raw.raw_kafka_event...
                          ^ (sqlstate: [0, 0, 0, 0, 0], vendor_code: -2147483648)
10:30:33.735292 [info ]: Finished running [  0.02s] model main.inline [error]
10:30:33.735492 [info ]: Finished running [  0.02s] (1 nodes, 0 skipped, 1 errors)
10:30:33.735684 [info ]:     Failed model main.inline (ephemeral) [1 of 1 in 0.03s]
10:30:33.964578 [info ]: 
==================== Execution Summary =====================
Finished 'show' with 1 error for target 'dev' [475ms]
==================== 2026-09-23T10:30:41.486137Z | 01a0cdd1-4e4b-7140-a14e-4bb60afbb92a ====================
10:30:41.486301 [info ]: dbt 2.0.6
10:30:41.486761 [info ]: Started loading project
10:30:41.489569 [info ]: Loading profiles.yml
10:30:41.492318 [debug]:    Started loading packages
10:30:41.495495 [debug]:     Loaded [  0.00s] packages
10:30:41.497471 [info ]: Finished loading project [  0.01s]
10:30:41.498094 [info ]: Started parsing
10:30:41.530922 [debug]: Finished parsing models/marts/schema.yml [  0.00s]
10:30:41.531216 [debug]: Finished parsing models/sources.yml [  0.00s]
10:30:41.535257 [debug]: Finished parsing models/intermediate/int_kafka_pipeline_runs.sql [  0.00s]
10:30:41.535743 [debug]: Finished parsing models/marts/fct_pipeline_monitoring.sql [  0.00s]
10:30:41.536120 [debug]: Finished parsing models/staging/stg_flow_b_runs.sql [  0.00s]
10:30:41.536502 [debug]: Finished parsing models/staging/stg_kafka_events.sql [  0.00s]
10:30:41.536863 [debug]: Finished parsing models/staging/stg_pipeline_a_runs.sql [  0.00s]
10:30:41.537157 [debug]: Finished parsing models/staging/stg_pipeline_runs.sql [  0.00s]
10:30:41.538152 [debug]: Finished parsing target\inline_17b23ff5.sql [  0.01s]
10:30:41.690748 [info ]: Finished parsing [  0.19s]
10:30:41.691623 [info ]: Started scheduling
10:30:41.691856 [info ]: Finished scheduling [  0.00s]
10:30:41.697107 [info ]: Started building task graph
10:30:41.697286 [info ]: Finished building task graph [  0.00s]
10:30:41.700194 [info ]: Started rendering (1 nodes)
10:30:41.700323 [info ]: Started model main.inline
10:30:41.700341 [debug]: Started rendering model main.inline
10:30:41.702085 [debug]: Compiled SQL for node model..inline at target\compiled\target\inline_17b23ff5.sql
10:30:41.702347 [debug]: Finished rendering [  0.00s] model main.inline [success]
10:30:41.702520 [info ]: Finished rendering [  0.00s] (1 nodes, 0 skipped, 0 errors)
10:30:41.702758 [info ]: Started analyzing (1 nodes)
10:30:41.702850 [debug]: Started analyzing model main.inline
10:30:41.710567 [debug]: Finished analyzing [  0.01s] model main.inline [success]
10:30:41.710738 [info ]: Finished analyzing [  0.01s] (1 nodes, 0 skipped, 0 errors)
10:30:41.710933 [info ]: Started running (1 nodes)
10:30:41.711046 [info ]: Started running model main.inline
10:30:41.712461 [debug]: DuckDB driver resolved: duckdb 1.5.4
10:30:41.737960 [debug]: Query executed on node unknown:

  
  SELECT DISTINCT(execution_id),COUNT(event_id) FROM main_raw.raw_kafka_events GROUP BY execution_id
  
  limit 10

10:30:41.738483 [info ]: [34m[1mQuery[0m [1mshow_sql_operation_inline[0m
┌──────────────┬─────────────────┐
│[1m execution_id [0m┆[1m count(event_id) [0m│
╞══════════════╪═════════════════╡
│ C-3003       ┆ 2               │
│ C-3001       ┆ 3               │
│ C-3002       ┆ 3               │
└──────────────┴─────────────────┘
3 rows.
10:30:41.738713 [info ]: Finished running [  0.03s] model main.inline [success]
10:30:41.738875 [info ]: Finished running [  0.03s] (1 nodes, 0 skipped, 0 errors)
10:30:41.739044 [info ]:  Succeeded model main.inline (ephemeral) [1 of 1 in 0.04s]
10:30:41.978783 [info ]: 
==================== Execution Summary =====================
Finished 'show' successfully for target 'dev' [492ms]
==================== 2026-09-23T10:31:26.997405Z | 01a0cdd2-0012-7401-9110-a043d4e961f0 ====================
10:31:26.997587 [info ]: dbt 2.0.6
10:31:26.998142 [info ]: Started loading project
10:31:27.001231 [info ]: Loading profiles.yml
10:31:27.004270 [debug]:    Started loading packages
10:31:27.007598 [debug]:     Loaded [  0.00s] packages
10:31:27.009540 [info ]: Finished loading project [  0.01s]
10:31:27.010085 [info ]: Started parsing
10:31:27.044999 [debug]: Finished parsing models/marts/schema.yml [  0.00s]
10:31:27.045237 [debug]: Finished parsing models/sources.yml [  0.00s]
10:31:27.048416 [debug]: Finished parsing models/intermediate/int_kafka_pipeline_runs.sql [  0.00s]
10:31:27.048876 [debug]: Finished parsing models/marts/fct_pipeline_monitoring.sql [  0.00s]
10:31:27.049252 [debug]: Finished parsing models/staging/stg_flow_b_runs.sql [  0.00s]
10:31:27.049592 [debug]: Finished parsing models/staging/stg_kafka_events.sql [  0.00s]
10:31:27.049931 [debug]: Finished parsing models/staging/stg_pipeline_a_runs.sql [  0.00s]
10:31:27.050196 [debug]: Finished parsing models/staging/stg_pipeline_runs.sql [  0.00s]
10:31:27.052080 [debug]: Finished parsing target\inline_e5d8d6f3.sql [  0.01s]
10:31:27.180393 [info ]: Finished parsing [  0.17s]
10:31:27.181344 [info ]: Started scheduling
10:31:27.181589 [info ]: Finished scheduling [  0.00s]
10:31:27.187449 [info ]: Started building task graph
10:31:27.187685 [info ]: Finished building task graph [  0.00s]
10:31:27.192557 [info ]: Started rendering (1 nodes)
10:31:27.192775 [info ]: Started model main.inline
10:31:27.192810 [debug]: Started rendering model main.inline
10:31:27.196055 [debug]: Compiled SQL for node model..inline at target\compiled\target\inline_e5d8d6f3.sql
10:31:27.196510 [debug]: Finished rendering [  0.00s] model main.inline [success]
10:31:27.196839 [info ]: Finished rendering [  0.00s] (1 nodes, 0 skipped, 0 errors)
10:31:27.197084 [info ]: Started analyzing (1 nodes)
10:31:27.197238 [debug]: Started analyzing model main.inline
10:31:27.207950 [debug]: Finished analyzing [  0.01s] model main.inline [success]
10:31:27.208222 [info ]: Finished analyzing [  0.01s] (1 nodes, 0 skipped, 0 errors)
10:31:27.208492 [info ]: Started running (1 nodes)
10:31:27.208595 [info ]: Started running model main.inline
10:31:27.210626 [debug]: DuckDB driver resolved: duckdb 1.5.4
10:31:27.242874 [debug]: Query executed on node unknown:

  
  SELECT DISTINCT(event_type) FROM main_raw.raw_kafka_events
  
  limit 10

10:31:27.243699 [info ]: [34m[1mQuery[0m [1mshow_sql_operation_inline[0m
┌─────────────────────────┐
│[1m event_type              [0m│
╞═════════════════════════╡
│ QC_FINISHED             │
│ ALIGNMENT_STARTED       │
│ PIPELINE_STARTED        │
│ PIPELINE_FINISHED       │
│ PIPELINE_FAILED         │
│ VARIANT_CALLING_STARTED │
└─────────────────────────┘
6 rows.
10:31:27.244059 [info ]: Finished running [  0.04s] model main.inline [success]
10:31:27.244310 [info ]: Finished running [  0.04s] (1 nodes, 0 skipped, 0 errors)
10:31:27.244518 [info ]:  Succeeded model main.inline (ephemeral) [1 of 1 in 0.05s]
10:31:27.298910 [info ]: 
==================== Execution Summary =====================
Finished 'show' successfully for target 'dev' [301ms]
==================== 2026-09-23T10:34:54.052764Z | 01a0cdd5-28e1-7743-ada0-30f732256309 ====================
10:34:54.052931 [info ]: dbt 2.0.6
10:34:54.053466 [info ]: Started loading project
10:34:54.056413 [info ]: Loading profiles.yml
10:34:54.059476 [debug]:    Started loading packages
10:34:54.063026 [debug]:     Loaded [  0.00s] packages
10:34:54.064910 [info ]: Finished loading project [  0.01s]
10:34:54.065690 [info ]: Started parsing
10:34:54.100248 [debug]: Finished parsing models/marts/schema.yml [  0.00s]
10:34:54.100576 [debug]: Finished parsing models/sources.yml [  0.00s]
10:34:54.104496 [debug]: Finished parsing models/intermediate/int_kafka_pipeline_runs.sql [  0.00s]
10:34:54.104994 [debug]: Finished parsing models/marts/fct_pipeline_monitoring.sql [  0.00s]
10:34:54.105327 [debug]: Finished parsing models/staging/stg_flow_b_runs.sql [  0.00s]
10:34:54.105633 [debug]: Finished parsing models/staging/stg_kafka_events.sql [  0.00s]
10:34:54.106061 [debug]: Finished parsing models/staging/stg_pipeline_a_runs.sql [  0.00s]
10:34:54.106318 [debug]: Finished parsing models/staging/stg_pipeline_runs.sql [  0.00s]
10:34:54.107321 [debug]: Finished parsing target\inline_d71eeb01.sql [  0.01s]
10:34:54.268334 [info ]: Finished parsing [  0.20s]
10:34:54.269268 [info ]: Started scheduling
10:34:54.269501 [info ]: Finished scheduling [  0.00s]
10:34:54.275001 [info ]: Started building task graph
10:34:54.275177 [info ]: Finished building task graph [  0.00s]
10:34:54.278469 [info ]: Started rendering (1 nodes)
10:34:54.278579 [info ]: Started model main.inline
10:34:54.278595 [debug]: Started rendering model main.inline
10:34:54.285764 [debug]: Compiled SQL for node model..inline at target\compiled\target\inline_d71eeb01.sql
10:34:54.286026 [debug]: Finished rendering [  0.01s] model main.inline [success]
10:34:54.286279 [info ]: Finished rendering [  0.01s] (1 nodes, 0 skipped, 0 errors)
10:34:54.286589 [info ]: Started analyzing (1 nodes)
10:34:54.286680 [debug]: Started analyzing model main.inline
10:34:54.292406 [debug]: Finished analyzing [  0.01s] model main.inline [success]
10:34:54.292609 [info ]: Finished analyzing [  0.01s] (1 nodes, 0 skipped, 0 errors)
10:34:54.292822 [info ]: Started running (1 nodes)
10:34:54.292940 [info ]: Started running model main.inline
10:34:54.294417 [debug]: DuckDB driver resolved: duckdb 1.5.4
10:34:54.312892 [debug]: Query executed on node unknown:

  
  SELECT event_ID FROM main_raw.raw_kafka_events WHERE event_type LIKE '%RUNNING%'
  
  limit 10

10:34:54.313191 [info ]: [34m[1mQuery[0m [1mshow_sql_operation_inline[0m
┌──────────┐
│[1m event_id [0m│
╞══════════╡
└──────────┘
0 rows.
10:34:54.313417 [info ]: Finished running [  0.02s] model main.inline [success]
10:34:54.313596 [info ]: Finished running [  0.02s] (1 nodes, 0 skipped, 0 errors)
10:34:54.313761 [info ]:  Succeeded model main.inline (ephemeral) [1 of 1 in 0.03s]
10:34:54.586924 [info ]: 
==================== Execution Summary =====================
Finished 'show' successfully for target 'dev' [534ms]
==================== 2026-09-23T10:48:21.672051Z | 01a0cde1-7ba5-7ad3-94ed-19c0ecf6618e ====================
10:48:21.672224 [info ]: dbt 2.0.6
10:48:21.672687 [info ]: Started loading project
10:48:21.675624 [info ]: Loading profiles.yml
10:48:21.678692 [debug]:    Started loading packages
10:48:21.682026 [debug]:     Loaded [  0.00s] packages
10:48:21.684160 [info ]: Finished loading project [  0.01s]
10:48:21.684820 [info ]: Started parsing
10:48:21.715685 [debug]: Finished parsing models/marts/schema.yml [  0.00s]
10:48:21.716091 [debug]: Finished parsing models/sources.yml [  0.00s]
10:48:21.719627 [debug]: Finished parsing models/intermediate/int_kafka_pipeline_runs.sql [  0.00s]
10:48:21.720076 [debug]: Finished parsing models/marts/fct_pipeline_monitoring.sql [  0.00s]
10:48:21.720423 [debug]: Finished parsing models/staging/stg_flow_b_runs.sql [  0.00s]
10:48:21.720885 [debug]: Finished parsing models/staging/stg_kafka_events.sql [  0.00s]
10:48:21.721285 [debug]: Finished parsing models/staging/stg_pipeline_a_runs.sql [  0.00s]
10:48:21.721553 [debug]: Finished parsing models/staging/stg_pipeline_runs.sql [  0.00s]
10:48:21.723122 [debug]: Finished parsing target\inline_f2e67afa.sql [  0.01s]
10:48:21.874187 [info ]: Finished parsing [  0.19s]
10:48:21.875394 [info ]: Started scheduling
10:48:21.875735 [info ]: Finished scheduling [  0.00s]
10:48:21.884386 [info ]: Started building task graph
10:48:21.884974 [info ]: Finished building task graph [  0.00s]
10:48:21.888766 [info ]: Started rendering (1 nodes)
10:48:21.888936 [info ]: Started model main.inline
10:48:21.888958 [debug]: Started rendering model main.inline
10:48:21.891194 [debug]: Compiled SQL for node model..inline at target\compiled\target\inline_f2e67afa.sql
10:48:21.891665 [debug]: Finished rendering [  0.00s] model main.inline [success]
10:48:21.891891 [info ]: Finished rendering [  0.00s] (1 nodes, 0 skipped, 0 errors)
10:48:21.892099 [info ]: Started analyzing (1 nodes)
10:48:21.892267 [debug]: Started analyzing model main.inline
10:48:21.901721 [warn ]: [SyntaxInvalid (dbt0101)]: mismatched input 'started_at' expecting one of <EOF>, ';'
  --> target/inline_f2e67afa.sql:1:36 (target\compiled\target\inline_f2e67afa.sql:1:36)
10:48:21.901857 [debug]: Finished analyzing [  0.01s] model main.inline [success]
10:48:21.902057 [info ]: Finished analyzing [  0.01s] (1 nodes, 0 skipped, 0 errors)
10:48:21.902249 [info ]: Started running (1 nodes)
10:48:21.902357 [info ]: Started running model main.inline
10:48:21.903899 [debug]: DuckDB driver resolved: duckdb 1.5.4
10:48:21.927180 [error]: [Generic (dbt1000)]: Internal: Parser Error: syntax error at or near "WITH"

LINE 3:   SELECT DISTINCT(execution_id) WITH started_at AS (SELECT CASE WHEN event_id LIKE '%STARTED...
                                        ^ (sqlstate: [0, 0, 0, 0, 0], vendor_code: -2147483648)
10:48:21.927293 [info ]: Finished running [  0.02s] model main.inline [error]
10:48:21.927554 [info ]: Finished running [  0.03s] (1 nodes, 0 skipped, 1 errors)
10:48:21.927850 [info ]:     Failed model main.inline (ephemeral) [1 of 1 in 0.04s]
10:48:22.194933 [info ]: 
==================== Execution Summary =====================
Finished 'show' with 1 warning and 1 error for target 'dev' [522ms]
==================== 2026-09-23T10:52:48.396751Z | 01a0cde5-8d89-7d50-9df7-eab39cfff928 ====================
10:52:48.396924 [info ]: dbt 2.0.6
10:52:48.397425 [info ]: Started loading project
10:52:48.400211 [info ]: Loading profiles.yml
10:52:48.403024 [debug]:    Started loading packages
10:52:48.406508 [debug]:     Loaded [  0.00s] packages
10:52:48.408725 [info ]: Finished loading project [  0.01s]
10:52:48.409272 [info ]: Started parsing
10:52:48.439214 [debug]: Finished parsing models/marts/schema.yml [  0.00s]
10:52:48.439593 [debug]: Finished parsing models/sources.yml [  0.00s]
10:52:48.443246 [debug]: Finished parsing models/intermediate/int_kafka_pipeline_runs.sql [  0.00s]
10:52:48.443767 [debug]: Finished parsing models/marts/fct_pipeline_monitoring.sql [  0.00s]
10:52:48.444236 [debug]: Finished parsing models/staging/stg_flow_b_runs.sql [  0.00s]
10:52:48.444596 [debug]: Finished parsing models/staging/stg_kafka_events.sql [  0.00s]
10:52:48.444956 [debug]: Finished parsing models/staging/stg_pipeline_a_runs.sql [  0.00s]
10:52:48.445214 [debug]: Finished parsing models/staging/stg_pipeline_runs.sql [  0.00s]
10:52:48.451011 [debug]: Finished parsing target\inline_aa2add88.sql [  0.01s]
10:52:48.616859 [info ]: Finished parsing [  0.21s]
10:52:48.618407 [info ]: Started scheduling
10:52:48.618696 [info ]: Finished scheduling [  0.00s]
10:52:48.625805 [info ]: Started building task graph
10:52:48.626017 [info ]: Finished building task graph [  0.00s]
10:52:48.629008 [info ]: Started rendering (1 nodes)
10:52:48.629128 [info ]: Started model main.inline
10:52:48.629147 [debug]: Started rendering model main.inline
10:52:48.630878 [debug]: Compiled SQL for node model..inline at target\compiled\target\inline_aa2add88.sql
10:52:48.631188 [debug]: Finished rendering [  0.00s] model main.inline [success]
10:52:48.631390 [info ]: Finished rendering [  0.00s] (1 nodes, 0 skipped, 0 errors)
10:52:48.631602 [info ]: Started analyzing (1 nodes)
10:52:48.631697 [debug]: Started analyzing model main.inline
10:52:48.647418 [warn ]: [SyntaxInvalid (dbt0101)]: no viable alternative at input 'SELECT event_type FROM'
  --> target/inline_aa2add88.sql:1:146 (target\compiled\target\inline_aa2add88.sql:1:146)
10:52:48.647644 [debug]: Finished analyzing [  0.02s] model main.inline [success]
10:52:48.647858 [info ]: Finished analyzing [  0.02s] (1 nodes, 0 skipped, 0 errors)
10:52:48.648090 [info ]: Started running (1 nodes)
10:52:48.648205 [info ]: Started running model main.inline
10:52:48.649716 [debug]: DuckDB driver resolved: duckdb 1.5.4
10:52:48.666987 [error]: [Generic (dbt1000)]: Internal: Parser Error: syntax error at or near "SELECT"

LINE 3: ... FROM main_raw.raw_kafka_events GROUP BY execution_id), SELECT event_type FROM started_at WHERE event_type LIKE...
                                                                   ^ (sqlstate: [0, 0, 0, 0, 0], vendor_code: -2147483648)
10:52:48.667172 [info ]: Finished running [  0.02s] model main.inline [error]
10:52:48.667444 [info ]: Finished running [  0.02s] (1 nodes, 0 skipped, 1 errors)
10:52:48.667711 [info ]:     Failed model main.inline (ephemeral) [1 of 1 in 0.04s]
10:52:48.922269 [info ]: 
==================== Execution Summary =====================
Finished 'show' with 1 warning and 1 error for target 'dev' [525ms]
==================== 2026-09-23T10:53:01.537429Z | 01a0cde5-c0df-7033-be89-d0eba4f25e4d ====================
10:53:01.537638 [info ]: dbt 2.0.6
10:53:01.538147 [info ]: Started loading project
10:53:01.540928 [info ]: Loading profiles.yml
10:53:01.543855 [debug]:    Started loading packages
10:53:01.547625 [debug]:     Loaded [  0.00s] packages
10:53:01.549710 [info ]: Finished loading project [  0.01s]
10:53:01.550369 [info ]: Started parsing
10:53:01.584028 [debug]: Finished parsing models/marts/schema.yml [  0.00s]
10:53:01.584321 [debug]: Finished parsing models/sources.yml [  0.00s]
10:53:01.587728 [debug]: Finished parsing models/intermediate/int_kafka_pipeline_runs.sql [  0.00s]
10:53:01.588214 [debug]: Finished parsing models/marts/fct_pipeline_monitoring.sql [  0.00s]
10:53:01.588682 [debug]: Finished parsing models/staging/stg_flow_b_runs.sql [  0.00s]
10:53:01.589054 [debug]: Finished parsing models/staging/stg_kafka_events.sql [  0.00s]
10:53:01.589484 [debug]: Finished parsing models/staging/stg_pipeline_a_runs.sql [  0.00s]
10:53:01.589735 [debug]: Finished parsing models/staging/stg_pipeline_runs.sql [  0.00s]
10:53:01.590784 [debug]: Finished parsing target\inline_d4251784.sql [  0.01s]
10:53:01.728705 [info ]: Finished parsing [  0.18s]
10:53:01.729648 [info ]: Started scheduling
10:53:01.729869 [info ]: Finished scheduling [  0.00s]
10:53:01.736190 [info ]: Started building task graph
10:53:01.736392 [info ]: Finished building task graph [  0.00s]
10:53:01.739595 [info ]: Started rendering (1 nodes)
10:53:01.739699 [info ]: Started model main.inline
10:53:01.739716 [debug]: Started rendering model main.inline
10:53:01.741329 [debug]: Compiled SQL for node model..inline at target\compiled\target\inline_d4251784.sql
10:53:01.741467 [debug]: Finished rendering [  0.00s] model main.inline [success]
10:53:01.741664 [info ]: Finished rendering [  0.00s] (1 nodes, 0 skipped, 0 errors)
10:53:01.741839 [info ]: Started analyzing (1 nodes)
10:53:01.741941 [debug]: Started analyzing model main.inline
10:53:01.750957 [debug]: Finished analyzing [  0.01s] model main.inline [success]
10:53:01.751209 [info ]: Finished analyzing [  0.01s] (1 nodes, 0 skipped, 0 errors)
10:53:01.751486 [info ]: Started running (1 nodes)
10:53:01.751592 [info ]: Started running model main.inline
10:53:01.753029 [debug]: DuckDB driver resolved: duckdb 1.5.4
10:53:01.770574 [error]: [Generic (dbt1000)]: Internal: Binder Error: column "event_type" must appear in the GROUP BY clause or must be part of an aggregate function.
Either add it to the GROUP BY list, or use "ANY_VALUE(event_type)" if the exact value of "event_type" is not important.

LINE 3:   WITH started_at AS ( SELECT DISTINCT(execution_id), event_type,event_ts FROM main_raw.raw_kafka_events GROUP...
                                                              ^ (sqlstate: [0, 0, 0, 0, 0], vendor_code: -2147483648)
10:53:01.770698 [info ]: Finished running [  0.02s] model main.inline [error]
10:53:01.770899 [info ]: Finished running [  0.02s] (1 nodes, 0 skipped, 1 errors)
10:53:01.771079 [info ]:     Failed model main.inline (ephemeral) [1 of 1 in 0.03s]
10:53:01.818763 [info ]: 
==================== Execution Summary =====================
Finished 'show' with 1 error for target 'dev' [281ms]
==================== 2026-09-23T10:53:23.488443Z | 01a0cde6-169d-7ff3-9201-7dd7841bf5a2 ====================
10:53:23.488614 [info ]: dbt 2.0.6
10:53:23.489150 [info ]: Started loading project
10:53:23.491926 [info ]: Loading profiles.yml
10:53:23.494938 [debug]:    Started loading packages
10:53:23.498113 [debug]:     Loaded [  0.00s] packages
10:53:23.500005 [info ]: Finished loading project [  0.01s]
10:53:23.500606 [info ]: Started parsing
10:53:23.532111 [debug]: Finished parsing models/marts/schema.yml [  0.00s]
10:53:23.532493 [debug]: Finished parsing models/sources.yml [  0.00s]
10:53:23.536113 [debug]: Finished parsing models/intermediate/int_kafka_pipeline_runs.sql [  0.00s]
10:53:23.536538 [debug]: Finished parsing models/marts/fct_pipeline_monitoring.sql [  0.00s]
10:53:23.536880 [debug]: Finished parsing models/staging/stg_flow_b_runs.sql [  0.00s]
10:53:23.537193 [debug]: Finished parsing models/staging/stg_kafka_events.sql [  0.00s]
10:53:23.537503 [debug]: Finished parsing models/staging/stg_pipeline_a_runs.sql [  0.00s]
10:53:23.537749 [debug]: Finished parsing models/staging/stg_pipeline_runs.sql [  0.00s]
10:53:23.544477 [debug]: Finished parsing target\inline_365d4180.sql [  0.01s]
10:53:23.698962 [info ]: Finished parsing [  0.20s]
10:53:23.700084 [info ]: Started scheduling
10:53:23.700420 [info ]: Finished scheduling [  0.00s]
10:53:23.706125 [info ]: Started building task graph
10:53:23.706352 [info ]: Finished building task graph [  0.00s]
10:53:23.709270 [info ]: Started rendering (1 nodes)
10:53:23.709381 [info ]: Started model main.inline
10:53:23.709398 [debug]: Started rendering model main.inline
10:53:23.711031 [debug]: Compiled SQL for node model..inline at target\compiled\target\inline_365d4180.sql
10:53:23.711158 [debug]: Finished rendering [  0.00s] model main.inline [success]
10:53:23.711376 [info ]: Finished rendering [  0.00s] (1 nodes, 0 skipped, 0 errors)
10:53:23.711575 [info ]: Started analyzing (1 nodes)
10:53:23.711657 [debug]: Started analyzing model main.inline
10:53:23.720934 [debug]: Finished analyzing [  0.01s] model main.inline [success]
10:53:23.721147 [info ]: Finished analyzing [  0.01s] (1 nodes, 0 skipped, 0 errors)
10:53:23.721369 [info ]: Started running (1 nodes)
10:53:23.721480 [info ]: Started running model main.inline
10:53:23.722956 [debug]: DuckDB driver resolved: duckdb 1.5.4
10:53:23.741374 [error]: [Generic (dbt1000)]: Internal: Binder Error: column "execution_id" must appear in the GROUP BY clause or must be part of an aggregate function.
Either add it to the GROUP BY list, or use "ANY_VALUE(execution_id)" if the exact value of "execution_id" is not important.

LINE 3:   WITH started_at AS ( SELECT DISTINCT(execution_id), event_type,event_ts FROM main_raw.raw_kafka_...
                                               ^ (sqlstate: [0, 0, 0, 0, 0], vendor_code: -2147483648)
10:53:23.741487 [info ]: Finished running [  0.02s] model main.inline [error]
10:53:23.741689 [info ]: Finished running [  0.02s] (1 nodes, 0 skipped, 1 errors)
10:53:23.741863 [info ]:     Failed model main.inline (ephemeral) [1 of 1 in 0.03s]
10:53:23.984092 [info ]: 
==================== Execution Summary =====================
Finished 'show' with 1 error for target 'dev' [495ms]
==================== 2026-09-23T10:56:58.033365Z | 01a0cde9-5cae-71d2-b02d-35d01e169f81 ====================
10:56:58.033598 [info ]: dbt 2.0.6
10:56:58.034114 [info ]: Started loading project
10:56:58.037039 [info ]: Loading profiles.yml
10:56:58.040388 [debug]:    Started loading packages
10:56:58.043768 [debug]:     Loaded [  0.00s] packages
10:56:58.045849 [info ]: Finished loading project [  0.01s]
10:56:58.046396 [info ]: Started parsing
10:56:58.079710 [debug]: Finished parsing models/marts/schema.yml [  0.00s]
10:56:58.079990 [debug]: Finished parsing models/sources.yml [  0.00s]
10:56:58.083376 [debug]: Finished parsing models/intermediate/int_kafka_pipeline_runs.sql [  0.00s]
10:56:58.083916 [debug]: Finished parsing models/marts/fct_pipeline_monitoring.sql [  0.00s]
10:56:58.084332 [debug]: Finished parsing models/staging/stg_flow_b_runs.sql [  0.00s]
10:56:58.084700 [debug]: Finished parsing models/staging/stg_kafka_events.sql [  0.00s]
10:56:58.085074 [debug]: Finished parsing models/staging/stg_pipeline_a_runs.sql [  0.00s]
10:56:58.085353 [debug]: Finished parsing models/staging/stg_pipeline_runs.sql [  0.00s]
10:56:58.086548 [debug]: Finished parsing target\inline_ad174fa6.sql [  0.01s]
10:56:58.246782 [info ]: Finished parsing [  0.20s]
10:56:58.247765 [info ]: Started scheduling
10:56:58.248006 [info ]: Finished scheduling [  0.00s]
10:56:58.253908 [info ]: Started building task graph
10:56:58.254181 [info ]: Finished building task graph [  0.00s]
10:56:58.257656 [info ]: Started rendering (1 nodes)
10:56:58.257782 [info ]: Started model main.inline
10:56:58.257799 [debug]: Started rendering model main.inline
10:56:58.259892 [debug]: Compiled SQL for node model..inline at target\compiled\target\inline_ad174fa6.sql
10:56:58.260259 [debug]: Finished rendering [  0.00s] model main.inline [success]
10:56:58.260481 [info ]: Finished rendering [  0.00s] (1 nodes, 0 skipped, 0 errors)
10:56:58.260738 [info ]: Started analyzing (1 nodes)
10:56:58.260835 [debug]: Started analyzing model main.inline
10:56:58.268339 [warn ]: [SyntaxInvalid (dbt0101)]: no viable alternative at input 'SELECT *'
  --> target/inline_ad174fa6.sql:1:128 (target\compiled\target\inline_ad174fa6.sql:1:128)
10:56:58.268465 [debug]: Finished analyzing [  0.01s] model main.inline [success]
10:56:58.268643 [info ]: Finished analyzing [  0.01s] (1 nodes, 0 skipped, 0 errors)
10:56:58.268804 [info ]: Started running (1 nodes)
10:56:58.268890 [info ]: Started running model main.inline
10:56:58.270375 [debug]: DuckDB driver resolved: duckdb 1.5.4
10:56:58.289652 [error]: [Generic (dbt1000)]: Internal: Parser Error: syntax error at or near "SELECT"

LINE 3: ....raw_kafka_events WHERE event_type ='PIPELINE_STARTED'), SELECT * FROM started_as
                                                                    ^ (sqlstate: [0, 0, 0, 0, 0], vendor_code: -2147483648)
10:56:58.289764 [info ]: Finished running [  0.02s] model main.inline [error]
10:56:58.289954 [info ]: Finished running [  0.02s] (1 nodes, 0 skipped, 1 errors)
10:56:58.290108 [info ]:     Failed model main.inline (ephemeral) [1 of 1 in 0.03s]
10:56:58.531061 [info ]: 
==================== Execution Summary =====================
Finished 'show' with 1 warning and 1 error for target 'dev' [497ms]
==================== 2026-09-23T10:57:08.290690Z | 01a0cde9-84c0-7f12-87bf-7b1ffe13e749 ====================
10:57:08.290865 [info ]: dbt 2.0.6
10:57:08.291392 [info ]: Started loading project
10:57:08.294121 [info ]: Loading profiles.yml
10:57:08.297090 [debug]:    Started loading packages
10:57:08.300251 [debug]:     Loaded [  0.00s] packages
10:57:08.302161 [info ]: Finished loading project [  0.01s]
10:57:08.302735 [info ]: Started parsing
10:57:08.337935 [debug]: Finished parsing models/marts/schema.yml [  0.00s]
10:57:08.338224 [debug]: Finished parsing models/sources.yml [  0.00s]
10:57:08.341426 [debug]: Finished parsing models/intermediate/int_kafka_pipeline_runs.sql [  0.00s]
10:57:08.341844 [debug]: Finished parsing models/marts/fct_pipeline_monitoring.sql [  0.00s]
10:57:08.342187 [debug]: Finished parsing models/staging/stg_flow_b_runs.sql [  0.00s]
10:57:08.342552 [debug]: Finished parsing models/staging/stg_kafka_events.sql [  0.00s]
10:57:08.342888 [debug]: Finished parsing models/staging/stg_pipeline_a_runs.sql [  0.00s]
10:57:08.343145 [debug]: Finished parsing models/staging/stg_pipeline_runs.sql [  0.00s]
10:57:08.349338 [debug]: Finished parsing target\inline_080bfbfa.sql [  0.01s]
10:57:08.490972 [info ]: Finished parsing [  0.19s]
10:57:08.491790 [info ]: Started scheduling
10:57:08.492045 [info ]: Finished scheduling [  0.00s]
10:57:08.500020 [info ]: Started building task graph
10:57:08.500250 [info ]: Finished building task graph [  0.00s]
10:57:08.503872 [info ]: Started rendering (1 nodes)
10:57:08.503998 [info ]: Started model main.inline
10:57:08.504017 [debug]: Started rendering model main.inline
10:57:08.506132 [debug]: Compiled SQL for node model..inline at target\compiled\target\inline_080bfbfa.sql
10:57:08.506544 [debug]: Finished rendering [  0.00s] model main.inline [success]
10:57:08.506752 [info ]: Finished rendering [  0.00s] (1 nodes, 0 skipped, 0 errors)
10:57:08.506949 [info ]: Started analyzing (1 nodes)
10:57:08.507076 [debug]: Started analyzing model main.inline
10:57:08.513875 [debug]: Finished analyzing [  0.01s] model main.inline [success]
10:57:08.514040 [info ]: Finished analyzing [  0.01s] (1 nodes, 0 skipped, 0 errors)
10:57:08.514278 [info ]: Started running (1 nodes)
10:57:08.514381 [info ]: Started running model main.inline
10:57:08.515805 [debug]: DuckDB driver resolved: duckdb 1.5.4
10:57:08.534863 [error]: [Generic (dbt1000)]: Internal: Catalog Error: Table with name started_as does not exist!
Did you mean "sqlite_master"?

LINE 3: ...events WHERE event_type ='PIPELINE_STARTED') SELECT * FROM started_as
                                                                      ^ (sqlstate: [0, 0, 0, 0, 0], vendor_code: -2147483648)
10:57:08.534994 [info ]: Finished running [  0.02s] model main.inline [error]
10:57:08.535205 [info ]: Finished running [  0.02s] (1 nodes, 0 skipped, 1 errors)
10:57:08.535419 [info ]:     Failed model main.inline (ephemeral) [1 of 1 in 0.03s]
10:57:08.773695 [info ]: 
==================== Execution Summary =====================
Finished 'show' with 1 error for target 'dev' [483ms]
==================== 2026-09-23T10:57:37.387461Z | 01a0cde9-f668-7d10-b55a-65acdce74050 ====================
10:57:37.387633 [info ]: dbt 2.0.6
10:57:37.388090 [info ]: Started loading project
10:57:37.390936 [info ]: Loading profiles.yml
10:57:37.393834 [debug]:    Started loading packages
10:57:37.397019 [debug]:     Loaded [  0.00s] packages
10:57:37.398905 [info ]: Finished loading project [  0.01s]
10:57:37.399447 [info ]: Started parsing
10:57:37.432757 [debug]: Finished parsing models/marts/schema.yml [  0.00s]
10:57:37.433079 [debug]: Finished parsing models/sources.yml [  0.00s]
10:57:37.436551 [debug]: Finished parsing models/intermediate/int_kafka_pipeline_runs.sql [  0.00s]
10:57:37.437023 [debug]: Finished parsing models/marts/fct_pipeline_monitoring.sql [  0.00s]
10:57:37.437378 [debug]: Finished parsing models/staging/stg_flow_b_runs.sql [  0.00s]
10:57:37.437687 [debug]: Finished parsing models/staging/stg_kafka_events.sql [  0.00s]
10:57:37.438038 [debug]: Finished parsing models/staging/stg_pipeline_a_runs.sql [  0.00s]
10:57:37.438306 [debug]: Finished parsing models/staging/stg_pipeline_runs.sql [  0.00s]
10:57:37.439272 [debug]: Finished parsing target\inline_e8abc966.sql [  0.01s]
10:57:37.575280 [info ]: Finished parsing [  0.18s]
10:57:37.576276 [info ]: Started scheduling
10:57:37.576560 [info ]: Finished scheduling [  0.00s]
10:57:37.583309 [info ]: Started building task graph
10:57:37.583588 [info ]: Finished building task graph [  0.00s]
10:57:37.586437 [info ]: Started rendering (1 nodes)
10:57:37.586550 [info ]: Started model main.inline
10:57:37.586574 [debug]: Started rendering model main.inline
10:57:37.588458 [debug]: Compiled SQL for node model..inline at target\compiled\target\inline_e8abc966.sql
10:57:37.588590 [debug]: Finished rendering [  0.00s] model main.inline [success]
10:57:37.588760 [info ]: Finished rendering [  0.00s] (1 nodes, 0 skipped, 0 errors)
10:57:37.588963 [info ]: Started analyzing (1 nodes)
10:57:37.589059 [debug]: Started analyzing model main.inline
10:57:37.595117 [debug]: Finished analyzing [  0.01s] model main.inline [success]
10:57:37.595300 [info ]: Finished analyzing [  0.01s] (1 nodes, 0 skipped, 0 errors)
10:57:37.595503 [info ]: Started running (1 nodes)
10:57:37.595616 [info ]: Started running model main.inline
10:57:37.596938 [debug]: DuckDB driver resolved: duckdb 1.5.4
10:57:37.615813 [debug]: Query executed on node unknown:

  
  WITH started_at AS ( SELECT execution_id,event_ts FROM main_raw.raw_kafka_events WHERE event_type ='PIPELINE_STARTED') SELECT * FROM started_at
  
  limit 10

10:57:37.616249 [info ]: [34m[1mQuery[0m [1mshow_sql_operation_inline[0m
┌──────────────┬─────────────────────┐
│[1m execution_id [0m┆[1m event_ts            [0m│
╞══════════════╪═════════════════════╡
│ C-3001       ┆ 2026-09-20T12:00:00 │
│ C-3002       ┆ 2026-09-20T13:00:00 │
│ C-3003       ┆ 2026-09-20T14:00:00 │
└──────────────┴─────────────────────┘
3 rows.
10:57:37.616554 [info ]: Finished running [  0.02s] model main.inline [success]
10:57:37.616764 [info ]: Finished running [  0.02s] (1 nodes, 0 skipped, 0 errors)
10:57:37.616971 [info ]:  Succeeded model main.inline (ephemeral) [1 of 1 in 0.03s]
10:57:37.899584 [info ]: 
==================== Execution Summary =====================
Finished 'show' successfully for target 'dev' [512ms]
==================== 2026-09-23T11:02:48.749542Z | 01a0cdee-b6aa-7c80-92b8-8145eabc9e4e ====================
11:02:48.749720 [info ]: dbt 2.0.6
11:02:48.750200 [info ]: Started loading project
11:02:48.753071 [info ]: Loading profiles.yml
11:02:48.755863 [debug]:    Started loading packages
11:02:48.759065 [debug]:     Loaded [  0.00s] packages
11:02:48.760964 [info ]: Finished loading project [  0.01s]
11:02:48.761547 [info ]: Started parsing
11:02:48.796399 [debug]: Finished parsing models/marts/schema.yml [  0.00s]
11:02:48.796658 [debug]: Finished parsing models/sources.yml [  0.00s]
11:02:48.800109 [debug]: Finished parsing models/intermediate/int_kafka_pipeline_runs.sql [  0.00s]
11:02:48.800639 [debug]: Finished parsing models/marts/fct_pipeline_monitoring.sql [  0.00s]
11:02:48.801090 [debug]: Finished parsing models/staging/stg_flow_b_runs.sql [  0.00s]
11:02:48.801475 [debug]: Finished parsing models/staging/stg_kafka_events.sql [  0.00s]
11:02:48.801894 [debug]: Finished parsing models/staging/stg_pipeline_a_runs.sql [  0.00s]
11:02:48.802202 [debug]: Finished parsing models/staging/stg_pipeline_runs.sql [  0.00s]
11:02:48.803664 [debug]: Finished parsing target\inline_c08e70b4.sql [  0.01s]
11:02:48.956369 [info ]: Finished parsing [  0.19s]
11:02:48.957348 [info ]: Started scheduling
11:02:48.957581 [info ]: Finished scheduling [  0.00s]
11:02:48.962950 [info ]: Started building task graph
11:02:48.963139 [info ]: Finished building task graph [  0.00s]
11:02:48.966511 [info ]: Started rendering (1 nodes)
11:02:48.966621 [info ]: Started model main.inline
11:02:48.966640 [debug]: Started rendering model main.inline
11:02:48.968528 [debug]: Compiled SQL for node model..inline at target\compiled\target\inline_c08e70b4.sql
11:02:48.968753 [debug]: Finished rendering [  0.00s] model main.inline [success]
11:02:48.968980 [info ]: Finished rendering [  0.00s] (1 nodes, 0 skipped, 0 errors)
11:02:48.969157 [info ]: Started analyzing (1 nodes)
11:02:48.969262 [debug]: Started analyzing model main.inline
11:02:48.977366 [debug]: Finished analyzing [  0.01s] model main.inline [success]
11:02:48.977566 [info ]: Finished analyzing [  0.01s] (1 nodes, 0 skipped, 0 errors)
11:02:48.977788 [info ]: Started running (1 nodes)
11:02:48.977912 [info ]: Started running model main.inline
11:02:48.979433 [debug]: DuckDB driver resolved: duckdb 1.5.4
11:02:48.999475 [debug]: Query executed on node unknown:

  
  WITH started_at AS ( SELECT DISTINCT(execution_id),event_ts FROM main_raw.raw_kafka_events WHERE event_type ='PIPELINE_STARTED') SELECT * FROM started_at
  
  limit 10

11:02:48.999886 [info ]: [34m[1mQuery[0m [1mshow_sql_operation_inline[0m
┌──────────────┬─────────────────────┐
│[1m execution_id [0m┆[1m event_ts            [0m│
╞══════════════╪═════════════════════╡
│ C-3001       ┆ 2026-09-20T12:00:00 │
│ C-3003       ┆ 2026-09-20T14:00:00 │
│ C-3002       ┆ 2026-09-20T13:00:00 │
└──────────────┴─────────────────────┘
3 rows.
11:02:49.000146 [info ]: Finished running [  0.02s] model main.inline [success]
11:02:49.000314 [info ]: Finished running [  0.02s] (1 nodes, 0 skipped, 0 errors)
11:02:49.000488 [info ]:  Succeeded model main.inline (ephemeral) [1 of 1 in 0.03s]
11:02:49.289757 [info ]: 
==================== Execution Summary =====================
Finished 'show' successfully for target 'dev' [540ms]
==================== 2026-09-23T11:05:27.125713Z | 01a0cdf1-2153-7591-a4b7-470a1710fa51 ====================
11:05:27.125888 [info ]: dbt 2.0.6
11:05:27.126391 [info ]: Started loading project
11:05:27.129203 [info ]: Loading profiles.yml
11:05:27.132055 [debug]:    Started loading packages
11:05:27.135308 [debug]:     Loaded [  0.00s] packages
11:05:27.137290 [info ]: Finished loading project [  0.01s]
11:05:27.137828 [info ]: Started parsing
11:05:27.171336 [debug]: Finished parsing models/marts/schema.yml [  0.00s]
11:05:27.171665 [debug]: Finished parsing models/sources.yml [  0.00s]
11:05:27.175631 [debug]: Finished parsing models/intermediate/int_kafka_pipeline_runs.sql [  0.00s]
11:05:27.176252 [debug]: Finished parsing models/marts/fct_pipeline_monitoring.sql [  0.00s]
11:05:27.176660 [debug]: Finished parsing models/staging/stg_flow_b_runs.sql [  0.00s]
11:05:27.176994 [debug]: Finished parsing models/staging/stg_kafka_events.sql [  0.00s]
11:05:27.177425 [debug]: Finished parsing models/staging/stg_pipeline_a_runs.sql [  0.00s]
11:05:27.177612 [debug]: Finished parsing target\inline_95ae314a.sql [  0.01s]
11:05:27.177787 [debug]: Finished parsing models/staging/stg_pipeline_runs.sql [  0.00s]
11:05:27.335644 [info ]: Finished parsing [  0.20s]
11:05:27.336631 [info ]: Started scheduling
11:05:27.336859 [info ]: Finished scheduling [  0.00s]
11:05:27.342349 [info ]: Started building task graph
11:05:27.342530 [info ]: Finished building task graph [  0.00s]
11:05:27.345455 [info ]: Started rendering (1 nodes)
11:05:27.345567 [info ]: Started model main.inline
11:05:27.345587 [debug]: Started rendering model main.inline
11:05:27.347393 [debug]: Compiled SQL for node model..inline at target\compiled\target\inline_95ae314a.sql
11:05:27.347539 [debug]: Finished rendering [  0.00s] model main.inline [success]
11:05:27.347730 [info ]: Finished rendering [  0.00s] (1 nodes, 0 skipped, 0 errors)
11:05:27.347942 [info ]: Started analyzing (1 nodes)
11:05:27.348017 [debug]: Started analyzing model main.inline
11:05:27.365424 [warn ]: [SyntaxInvalid (dbt0101)]: no viable alternative at input 'finished_at AS ( SELECT COALESCE(DISTINCT(execution_id),NULL), event_ts FROM main_raw.raw_kafka_events WHERE event_type IN ('PIPELINE_FINISHED','PIPELINE_FAILED')'
  --> target/inline_95ae314a.sql:1:168 (target\compiled\target\inline_95ae314a.sql:1:168)
11:05:27.365546 [debug]: Finished analyzing [  0.02s] model main.inline [success]
11:05:27.365744 [info ]: Finished analyzing [  0.02s] (1 nodes, 0 skipped, 0 errors)
11:05:27.365955 [info ]: Started running (1 nodes)
11:05:27.366039 [info ]: Started running model main.inline
11:05:27.367598 [debug]: DuckDB driver resolved: duckdb 1.5.4
11:05:27.385126 [error]: [Generic (dbt1000)]: Internal: Parser Error: syntax error at or near "DISTINCT"

LINE 3:   WITH finished_at AS ( SELECT COALESCE(DISTINCT(execution_id),NULL), event_ts FROM main_raw.raw_ka...
                                                ^ (sqlstate: [0, 0, 0, 0, 0], vendor_code: -2147483648)
11:05:27.385271 [info ]: Finished running [  0.02s] model main.inline [error]
11:05:27.385468 [info ]: Finished running [  0.02s] (1 nodes, 0 skipped, 1 errors)
11:05:27.385678 [info ]:     Failed model main.inline (ephemeral) [1 of 1 in 0.04s]
11:05:27.640257 [info ]: 
==================== Execution Summary =====================
Finished 'show' with 1 warning and 1 error for target 'dev' [514ms]
==================== 2026-09-23T11:06:35.381328Z | 01a0cdf2-2bf2-74d1-9d85-85dfc5c0db94 ====================
11:06:35.381509 [info ]: dbt 2.0.6
11:06:35.381986 [info ]: Started loading project
11:06:35.384936 [info ]: Loading profiles.yml
11:06:35.387854 [debug]:    Started loading packages
11:06:35.391409 [debug]:     Loaded [  0.00s] packages
11:06:35.393442 [info ]: Finished loading project [  0.01s]
11:06:35.393954 [info ]: Started parsing
11:06:35.423855 [debug]: Finished parsing models/marts/schema.yml [  0.00s]
11:06:35.424138 [debug]: Finished parsing models/sources.yml [  0.00s]
11:06:35.427814 [debug]: Finished parsing models/intermediate/int_kafka_pipeline_runs.sql [  0.00s]
11:06:35.428306 [debug]: Finished parsing models/marts/fct_pipeline_monitoring.sql [  0.00s]
11:06:35.428681 [debug]: Finished parsing models/staging/stg_flow_b_runs.sql [  0.00s]
11:06:35.429044 [debug]: Finished parsing models/staging/stg_kafka_events.sql [  0.00s]
11:06:35.429409 [debug]: Finished parsing models/staging/stg_pipeline_a_runs.sql [  0.00s]
11:06:35.429671 [debug]: Finished parsing models/staging/stg_pipeline_runs.sql [  0.00s]
11:06:35.430591 [debug]: Finished parsing target\inline_8d5bca63.sql [  0.01s]
11:06:35.595522 [info ]: Finished parsing [  0.20s]
11:06:35.596477 [info ]: Started scheduling
11:06:35.596762 [info ]: Finished scheduling [  0.00s]
11:06:35.602689 [info ]: Started building task graph
11:06:35.602888 [info ]: Finished building task graph [  0.00s]
11:06:35.606228 [info ]: Started rendering (1 nodes)
11:06:35.606341 [info ]: Started model main.inline
11:06:35.606359 [debug]: Started rendering model main.inline
11:06:35.608188 [debug]: Compiled SQL for node model..inline at target\compiled\target\inline_8d5bca63.sql
11:06:35.608519 [debug]: Finished rendering [  0.00s] model main.inline [success]
11:06:35.608739 [info ]: Finished rendering [  0.00s] (1 nodes, 0 skipped, 0 errors)
11:06:35.608947 [info ]: Started analyzing (1 nodes)
11:06:35.609050 [debug]: Started analyzing model main.inline
11:06:35.619866 [warn ]: [SyntaxInvalid (dbt0101)]: no viable alternative at input 'finished_at AS ( SELECT (COALESCE(execution_id),NULL), event_ts FROM main_raw.raw_kafka_events WHERE event_type IN ('PIPELINE_FINISHED','PIPELINE_FAILED')'
  --> target/inline_8d5bca63.sql:1:160 (target\compiled\target\inline_8d5bca63.sql:1:160)
11:06:35.619992 [debug]: Finished analyzing [  0.01s] model main.inline [success]
11:06:35.620194 [info ]: Finished analyzing [  0.01s] (1 nodes, 0 skipped, 0 errors)
11:06:35.620415 [info ]: Started running (1 nodes)
11:06:35.620518 [info ]: Started running model main.inline
11:06:35.622070 [debug]: DuckDB driver resolved: duckdb 1.5.4
11:06:35.639505 [error]: [Generic (dbt1000)]: Internal: Parser Error: syntax error at end of input (sqlstate: [0, 0, 0, 0, 0], vendor_code: -2147483648)
11:06:35.639624 [info ]: Finished running [  0.02s] model main.inline [error]
11:06:35.639827 [info ]: Finished running [  0.02s] (1 nodes, 0 skipped, 1 errors)
11:06:35.640035 [info ]:     Failed model main.inline (ephemeral) [1 of 1 in 0.03s]
11:06:35.913520 [info ]: 
==================== Execution Summary =====================
Finished 'show' with 1 warning and 1 error for target 'dev' [532ms]
==================== 2026-09-23T11:07:37.184165Z | 01a0cdf3-1d5d-7020-a2d7-41e74d0a3366 ====================
11:07:37.184370 [info ]: dbt 2.0.6
11:07:37.184912 [info ]: Started loading project
11:07:37.187824 [info ]: Loading profiles.yml
11:07:37.190689 [debug]:    Started loading packages
11:07:37.193897 [debug]:     Loaded [  0.00s] packages
11:07:37.195857 [info ]: Finished loading project [  0.01s]
11:07:37.196357 [info ]: Started parsing
11:07:37.228667 [debug]: Finished parsing models/marts/schema.yml [  0.00s]
11:07:37.228982 [debug]: Finished parsing models/sources.yml [  0.00s]
11:07:37.231898 [debug]: Finished parsing models/intermediate/int_kafka_pipeline_runs.sql [  0.00s]
11:07:37.232360 [debug]: Finished parsing models/marts/fct_pipeline_monitoring.sql [  0.00s]
11:07:37.232725 [debug]: Finished parsing models/staging/stg_flow_b_runs.sql [  0.00s]
11:07:37.233066 [debug]: Finished parsing models/staging/stg_kafka_events.sql [  0.00s]
11:07:37.233397 [debug]: Finished parsing models/staging/stg_pipeline_a_runs.sql [  0.00s]
11:07:37.233686 [debug]: Finished parsing models/staging/stg_pipeline_runs.sql [  0.00s]
11:07:37.242537 [debug]: Finished parsing target\inline_834d3c8a.sql [  0.01s]
11:07:37.400361 [info ]: Finished parsing [  0.20s]
11:07:37.401513 [info ]: Started scheduling
11:07:37.401820 [info ]: Finished scheduling [  0.00s]
11:07:37.407523 [info ]: Started building task graph
11:07:37.407712 [info ]: Finished building task graph [  0.00s]
11:07:37.410622 [info ]: Started rendering (1 nodes)
11:07:37.410799 [info ]: Started model main.inline
11:07:37.410821 [debug]: Started rendering model main.inline
11:07:37.412649 [debug]: Compiled SQL for node model..inline at target\compiled\target\inline_834d3c8a.sql
11:07:37.412790 [debug]: Finished rendering [  0.00s] model main.inline [success]
11:07:37.412973 [info ]: Finished rendering [  0.00s] (1 nodes, 0 skipped, 0 errors)
11:07:37.413176 [info ]: Started analyzing (1 nodes)
11:07:37.413276 [debug]: Started analyzing model main.inline
11:07:37.424025 [warn ]: [SyntaxInvalid (dbt0101)]: mismatched input '<EOF>' expecting one of 'FROM', 'SELECT', 'TABLE', 'VALUES', '('
  --> target/inline_834d3c8a.sql:4:2 (target\compiled\target\inline_834d3c8a.sql:4:2)
11:07:37.424144 [debug]: Finished analyzing [  0.01s] model main.inline [success]
11:07:37.424346 [info ]: Finished analyzing [  0.01s] (1 nodes, 0 skipped, 0 errors)
11:07:37.424571 [info ]: Started running (1 nodes)
11:07:37.424697 [info ]: Started running model main.inline
11:07:37.426085 [debug]: DuckDB driver resolved: duckdb 1.5.4
11:07:37.444521 [error]: [Generic (dbt1000)]: Internal: Parser Error: syntax error at or near "limit"

LINE 8:   limit 10
          ^ (sqlstate: [0, 0, 0, 0, 0], vendor_code: -2147483648)
11:07:37.444635 [info ]: Finished running [  0.02s] model main.inline [error]
11:07:37.444843 [info ]: Finished running [  0.02s] (1 nodes, 0 skipped, 1 errors)
11:07:37.445023 [info ]:     Failed model main.inline (ephemeral) [1 of 1 in 0.03s]
11:07:37.690893 [info ]: 
==================== Execution Summary =====================
Finished 'show' with 1 warning and 1 error for target 'dev' [506ms]
==================== 2026-09-23T11:07:45.794656Z | 01a0cdf3-3f00-7601-8370-24ba5f946c90 ====================
11:07:45.794854 [info ]: dbt 2.0.6
11:07:45.795385 [info ]: Started loading project
11:07:45.798145 [info ]: Loading profiles.yml
11:07:45.801150 [debug]:    Started loading packages
11:07:45.804437 [debug]:     Loaded [  0.00s] packages
11:07:45.806363 [info ]: Finished loading project [  0.01s]
11:07:45.806895 [info ]: Started parsing
11:07:45.842031 [debug]: Finished parsing models/marts/schema.yml [  0.00s]
11:07:45.842350 [debug]: Finished parsing models/sources.yml [  0.00s]
11:07:45.843995 [debug]: Finished parsing target\inline_3882999e.sql [  0.00s]
11:07:45.845670 [debug]: Finished parsing models/intermediate/int_kafka_pipeline_runs.sql [  0.00s]
11:07:45.846175 [debug]: Finished parsing models/marts/fct_pipeline_monitoring.sql [  0.00s]
11:07:45.846536 [debug]: Finished parsing models/staging/stg_flow_b_runs.sql [  0.00s]
11:07:45.846886 [debug]: Finished parsing models/staging/stg_kafka_events.sql [  0.00s]
11:07:45.847230 [debug]: Finished parsing models/staging/stg_pipeline_a_runs.sql [  0.00s]
11:07:45.847474 [debug]: Finished parsing models/staging/stg_pipeline_runs.sql [  0.00s]
11:07:45.995978 [info ]: Finished parsing [  0.19s]
11:07:45.996899 [info ]: Started scheduling
11:07:45.997151 [info ]: Finished scheduling [  0.00s]
11:07:46.003615 [info ]: Started building task graph
11:07:46.003817 [info ]: Finished building task graph [  0.00s]
11:07:46.006583 [info ]: Started rendering (1 nodes)
11:07:46.006704 [info ]: Started model main.inline
11:07:46.006721 [debug]: Started rendering model main.inline
11:07:46.008211 [debug]: Compiled SQL for node model..inline at target\compiled\target\inline_3882999e.sql
11:07:46.008340 [debug]: Finished rendering [  0.00s] model main.inline [success]
11:07:46.008533 [info ]: Finished rendering [  0.00s] (1 nodes, 0 skipped, 0 errors)
11:07:46.008735 [info ]: Started analyzing (1 nodes)
11:07:46.008821 [debug]: Started analyzing model main.inline
11:07:46.019607 [warn ]: [SyntaxInvalid (dbt0101)]: mismatched input '<EOF>' expecting one of 'FROM', 'SELECT', 'TABLE', 'VALUES', '('
  --> target/inline_3882999e.sql:4:2 (target\compiled\target\inline_3882999e.sql:4:2)
11:07:46.019743 [debug]: Finished analyzing [  0.01s] model main.inline [success]
11:07:46.019934 [info ]: Finished analyzing [  0.01s] (1 nodes, 0 skipped, 0 errors)
11:07:46.020124 [info ]: Started running (1 nodes)
11:07:46.020219 [info ]: Started running model main.inline
11:07:46.021742 [debug]: DuckDB driver resolved: duckdb 1.5.4
11:07:46.040079 [error]: [Generic (dbt1000)]: Internal: Parser Error: syntax error at or near "limit"

LINE 8:   limit 10
          ^ (sqlstate: [0, 0, 0, 0, 0], vendor_code: -2147483648)
11:07:46.040180 [info ]: Finished running [  0.02s] model main.inline [error]
11:07:46.040397 [info ]: Finished running [  0.02s] (1 nodes, 0 skipped, 1 errors)
11:07:46.040593 [info ]:     Failed model main.inline (ephemeral) [1 of 1 in 0.03s]
11:07:46.303103 [info ]: 
==================== Execution Summary =====================
Finished 'show' with 1 warning and 1 error for target 'dev' [508ms]
==================== 2026-09-23T11:08:13.500005Z | 01a0cdf3-ab39-7443-b090-3bc2863c9acd ====================
11:08:13.500173 [info ]: dbt 2.0.6
11:08:13.500679 [info ]: Started loading project
11:08:13.503482 [info ]: Loading profiles.yml
11:08:13.506236 [debug]:    Started loading packages
11:08:13.509848 [debug]:     Loaded [  0.00s] packages
11:08:13.511897 [info ]: Finished loading project [  0.01s]
11:08:13.512397 [info ]: Started parsing
11:08:13.545368 [debug]: Finished parsing models/marts/schema.yml [  0.00s]
11:08:13.545790 [debug]: Finished parsing models/sources.yml [  0.00s]
11:08:13.549273 [debug]: Finished parsing models/intermediate/int_kafka_pipeline_runs.sql [  0.00s]
11:08:13.549765 [debug]: Finished parsing models/marts/fct_pipeline_monitoring.sql [  0.00s]
11:08:13.550252 [debug]: Finished parsing models/staging/stg_flow_b_runs.sql [  0.00s]
11:08:13.550639 [debug]: Finished parsing models/staging/stg_kafka_events.sql [  0.00s]
11:08:13.551039 [debug]: Finished parsing models/staging/stg_pipeline_a_runs.sql [  0.00s]
11:08:13.551329 [debug]: Finished parsing models/staging/stg_pipeline_runs.sql [  0.00s]
11:08:13.551798 [debug]: Finished parsing target\inline_58e02fdc.sql [  0.01s]
11:08:13.698647 [info ]: Finished parsing [  0.19s]
11:08:13.699586 [info ]: Started scheduling
11:08:13.699815 [info ]: Finished scheduling [  0.00s]
11:08:13.706145 [info ]: Started building task graph
11:08:13.706361 [info ]: Finished building task graph [  0.00s]
11:08:13.709343 [info ]: Started rendering (1 nodes)
11:08:13.709454 [info ]: Started model main.inline
11:08:13.709472 [debug]: Started rendering model main.inline
11:08:13.711106 [debug]: Compiled SQL for node model..inline at target\compiled\target\inline_58e02fdc.sql
11:08:13.711256 [debug]: Finished rendering [  0.00s] model main.inline [success]
11:08:13.711445 [info ]: Finished rendering [  0.00s] (1 nodes, 0 skipped, 0 errors)
11:08:13.711626 [info ]: Started analyzing (1 nodes)
11:08:13.711703 [debug]: Started analyzing model main.inline
11:08:13.715379 [debug]: Finished analyzing [  0.00s] model main.inline [success]
11:08:13.715559 [info ]: Finished analyzing [  0.00s] (1 nodes, 0 skipped, 0 errors)
11:08:13.715770 [info ]: Started running (1 nodes)
11:08:13.715877 [info ]: Started running model main.inline
11:08:13.717261 [debug]: DuckDB driver resolved: duckdb 1.5.4
11:08:13.735163 [error]: [Generic (dbt1000)]: Internal: Catalog Error: Table with name kafka_raw_events does not exist!
Did you mean "raw_kafka_events"?

LINE 3:   SELECT * FROM main_raw.kafka_raw_events
                        ^ (sqlstate: [0, 0, 0, 0, 0], vendor_code: -2147483648)
11:08:13.735299 [info ]: Finished running [  0.02s] model main.inline [error]
11:08:13.735492 [info ]: Finished running [  0.02s] (1 nodes, 0 skipped, 1 errors)
11:08:13.735658 [info ]:     Failed model main.inline (ephemeral) [1 of 1 in 0.02s]
11:08:13.980646 [info ]: 
==================== Execution Summary =====================
Finished 'show' with 1 error for target 'dev' [480ms]
==================== 2026-09-23T11:08:25.398333Z | 01a0cdf3-d9b3-7293-b1b6-bb3031ce501c ====================
11:08:25.398520 [info ]: dbt 2.0.6
11:08:25.398976 [info ]: Started loading project
11:08:25.401829 [info ]: Loading profiles.yml
11:08:25.405022 [debug]:    Started loading packages
11:08:25.408390 [debug]:     Loaded [  0.00s] packages
11:08:25.415430 [info ]: Finished loading project [  0.02s]
11:08:25.416097 [info ]: Started parsing
11:08:25.445993 [debug]: Finished parsing models/marts/schema.yml [  0.00s]
11:08:25.446279 [debug]: Finished parsing models/sources.yml [  0.00s]
11:08:25.450280 [debug]: Finished parsing models/intermediate/int_kafka_pipeline_runs.sql [  0.00s]
11:08:25.450782 [debug]: Finished parsing models/marts/fct_pipeline_monitoring.sql [  0.00s]
11:08:25.451122 [debug]: Finished parsing models/staging/stg_flow_b_runs.sql [  0.00s]
11:08:25.451472 [debug]: Finished parsing models/staging/stg_kafka_events.sql [  0.00s]
11:08:25.451822 [debug]: Finished parsing models/staging/stg_pipeline_a_runs.sql [  0.00s]
11:08:25.452095 [debug]: Finished parsing models/staging/stg_pipeline_runs.sql [  0.00s]
11:08:25.452862 [debug]: Finished parsing target\inline_1c0e6b2f.sql [  0.01s]
11:08:25.581520 [info ]: Finished parsing [  0.17s]
11:08:25.582448 [info ]: Started scheduling
11:08:25.582670 [info ]: Finished scheduling [  0.00s]
11:08:25.587964 [info ]: Started building task graph
11:08:25.588142 [info ]: Finished building task graph [  0.00s]
11:08:25.590884 [info ]: Started rendering (1 nodes)
11:08:25.590985 [info ]: Started model main.inline
11:08:25.591001 [debug]: Started rendering model main.inline
11:08:25.592934 [debug]: Compiled SQL for node model..inline at target\compiled\target\inline_1c0e6b2f.sql
11:08:25.593109 [debug]: Finished rendering [  0.00s] model main.inline [success]
11:08:25.593322 [info ]: Finished rendering [  0.00s] (1 nodes, 0 skipped, 0 errors)
11:08:25.593535 [info ]: Started analyzing (1 nodes)
11:08:25.593624 [debug]: Started analyzing model main.inline
11:08:25.597313 [debug]: Finished analyzing [  0.00s] model main.inline [success]
11:08:25.597511 [info ]: Finished analyzing [  0.00s] (1 nodes, 0 skipped, 0 errors)
11:08:25.597714 [info ]: Started running (1 nodes)
11:08:25.597811 [info ]: Started running model main.inline
11:08:25.599661 [debug]: DuckDB driver resolved: duckdb 1.5.4
11:08:25.619625 [debug]: Query executed on node unknown:

  
  SELECT * FROM main_raw.raw_kafka_events
  
  limit 10

11:08:25.620146 [info ]: [34m[1mQuery[0m [1mshow_sql_operation_inline[0m
┌──────────┬──────────────┬──────────────────┬─────────────────────────┬─────────────────────┬───────────┬─────────────┬───────────────────┬───────────────┐
│[1m event_id [0m┆[1m execution_id [0m┆[1m workflow_name    [0m┆[1m event_type              [0m┆[1m event_ts            [0m┆[1m sample_id [0m┆[1m environment [0m┆[1m processed_records [0m┆[1m error_text    [0m│
╞══════════╪══════════════╪══════════════════╪═════════════════════════╪═════════════════════╪═══════════╪═════════════╪═══════════════════╪═══════════════╡
│ E-001    ┆ C-3001       ┆ SOMATIC_CALLING  ┆ PIPELINE_STARTED        ┆ 2026-09-20T12:00:00 ┆ S021      ┆ prod        ┆ 0                 ┆               │
│ E-002    ┆ C-3001       ┆ SOMATIC_CALLING  ┆ QC_FINISHED             ┆ 2026-09-20T12:04:00 ┆ S021      ┆ prod        ┆ 180000            ┆               │
│ E-003    ┆ C-3001       ┆ SOMATIC_CALLING  ┆ PIPELINE_FINISHED       ┆ 2026-09-20T12:31:30 ┆ S021      ┆ prod        ┆ 978221            ┆               │
│ E-004    ┆ C-3002       ┆ SOMATIC_CALLING  ┆ PIPELINE_STARTED        ┆ 2026-09-20T13:00:00 ┆ S022      ┆ prod        ┆ 0                 ┆               │
│ E-005    ┆ C-3002       ┆ SOMATIC_CALLING  ┆ ALIGNMENT_STARTED       ┆ 2026-09-20T13:05:00 ┆ S022      ┆ prod        ┆ 154210            ┆               │
│ E-006    ┆ C-3002       ┆ SOMATIC_CALLING  ┆ PIPELINE_FAILED         ┆ 2026-09-20T13:16:22 ┆ S022      ┆ prod        ┆ 401903            ┆ Out of memory │
│ E-007    ┆ C-3003       ┆ GERMLINE_CALLING ┆ PIPELINE_STARTED        ┆ 2026-09-20T14:00:00 ┆ S023      ┆ staging     ┆ 0                 ┆               │
│ E-008    ┆ C-3003       ┆ GERMLINE_CALLING ┆ VARIANT_CALLING_STARTED ┆ 2026-09-20T14:14:10 ┆ S023      ┆ staging     ┆ 633120            ┆               │
└──────────┴──────────────┴──────────────────┴─────────────────────────┴─────────────────────┴───────────┴─────────────┴───────────────────┴───────────────┘
8 rows.
11:08:25.620380 [info ]: Finished running [  0.02s] model main.inline [success]
11:08:25.620545 [info ]: Finished running [  0.02s] (1 nodes, 0 skipped, 0 errors)
11:08:25.620709 [info ]:  Succeeded model main.inline (ephemeral) [1 of 1 in 0.03s]
11:08:25.676525 [info ]: 
==================== Execution Summary =====================
Finished 'show' successfully for target 'dev' [278ms]
==================== 2026-09-23T11:12:26.134477Z | 01a0cdf7-8613-7a20-ab0a-d126d1a34a11 ====================
11:12:26.134646 [info ]: dbt 2.0.6
11:12:26.135129 [info ]: Started loading project
11:12:26.138073 [info ]: Loading profiles.yml
11:12:26.140812 [debug]:    Started loading packages
11:12:26.144009 [debug]:     Loaded [  0.00s] packages
11:12:26.145861 [info ]: Finished loading project [  0.01s]
11:12:26.146354 [info ]: Started parsing
11:12:26.176857 [debug]: Finished parsing models/marts/schema.yml [  0.00s]
11:12:26.177151 [debug]: Finished parsing models/sources.yml [  0.00s]
11:12:26.180123 [debug]: Finished parsing models/intermediate/int_kafka_pipeline_runs.sql [  0.00s]
11:12:26.180513 [debug]: Finished parsing models/marts/fct_pipeline_monitoring.sql [  0.00s]
11:12:26.180829 [debug]: Finished parsing models/staging/stg_flow_b_runs.sql [  0.00s]
11:12:26.181207 [debug]: Finished parsing models/staging/stg_kafka_events.sql [  0.00s]
11:12:26.181562 [debug]: Finished parsing models/staging/stg_pipeline_a_runs.sql [  0.00s]
11:12:26.181932 [debug]: Finished parsing models/staging/stg_pipeline_runs.sql [  0.00s]
11:12:26.183244 [debug]: Finished parsing target\inline_b678688d.sql [  0.01s]
11:12:26.311552 [info ]: Finished parsing [  0.17s]
11:12:26.312483 [info ]: Started scheduling
11:12:26.312708 [info ]: Finished scheduling [  0.00s]
11:12:26.318395 [info ]: Started building task graph
11:12:26.318601 [info ]: Finished building task graph [  0.00s]
11:12:26.321360 [info ]: Started rendering (1 nodes)
11:12:26.321464 [info ]: Started model main.inline
11:12:26.321487 [debug]: Started rendering model main.inline
11:12:26.323237 [debug]: Compiled SQL for node model..inline at target\compiled\target\inline_b678688d.sql
11:12:26.323505 [debug]: Finished rendering [  0.00s] model main.inline [success]
11:12:26.323690 [info ]: Finished rendering [  0.00s] (1 nodes, 0 skipped, 0 errors)
11:12:26.323870 [info ]: Started analyzing (1 nodes)
11:12:26.323952 [debug]: Started analyzing model main.inline
11:12:26.330313 [warn ]: [SyntaxInvalid (dbt0101)]: no viable alternative at input 'finished_at AS ( SELECT execution_id,events_ts FROM main_raw.raw_kafka_events GROUP BY execution_id WHERE'
  --> target/inline_b678688d.sql:1:106 (target\compiled\target\inline_b678688d.sql:1:106)
11:12:26.330446 [debug]: Finished analyzing [  0.01s] model main.inline [success]
11:12:26.330663 [info ]: Finished analyzing [  0.01s] (1 nodes, 0 skipped, 0 errors)
11:12:26.330870 [info ]: Started running (1 nodes)
11:12:26.330966 [info ]: Started running model main.inline
11:12:26.332320 [debug]: DuckDB driver resolved: duckdb 1.5.4
11:12:26.352185 [error]: [Generic (dbt1000)]: Internal: Parser Error: syntax error at or near "WHERE"

LINE 3: ...ts_ts FROM main_raw.raw_kafka_events GROUP BY execution_id WHERE event_type LIKE '%FINISHED%' or event_type LIKE '...
                                                                      ^ (sqlstate: [0, 0, 0, 0, 0], vendor_code: -2147483648)
11:12:26.352329 [info ]: Finished running [  0.02s] model main.inline [error]
11:12:26.352539 [info ]: Finished running [  0.02s] (1 nodes, 0 skipped, 1 errors)
11:12:26.352724 [info ]:     Failed model main.inline (ephemeral) [1 of 1 in 0.03s]
11:12:26.663233 [info ]: 
==================== Execution Summary =====================
Finished 'show' with 1 warning and 1 error for target 'dev' [528ms]
==================== 2026-09-23T11:12:39.494409Z | 01a0cdf7-ba44-7a63-9431-ec53fe17021b ====================
11:12:39.494578 [info ]: dbt 2.0.6
11:12:39.495041 [info ]: Started loading project
11:12:39.497785 [info ]: Loading profiles.yml
11:12:39.500649 [debug]:    Started loading packages
11:12:39.504145 [debug]:     Loaded [  0.00s] packages
11:12:39.506347 [info ]: Finished loading project [  0.01s]
11:12:39.506964 [info ]: Started parsing
11:12:39.537163 [debug]: Finished parsing models/marts/schema.yml [  0.00s]
11:12:39.537415 [debug]: Finished parsing models/sources.yml [  0.00s]
11:12:39.540414 [debug]: Finished parsing models/intermediate/int_kafka_pipeline_runs.sql [  0.00s]
11:12:39.540824 [debug]: Finished parsing models/marts/fct_pipeline_monitoring.sql [  0.00s]
11:12:39.541128 [debug]: Finished parsing models/staging/stg_flow_b_runs.sql [  0.00s]
11:12:39.541416 [debug]: Finished parsing models/staging/stg_kafka_events.sql [  0.00s]
11:12:39.541741 [debug]: Finished parsing models/staging/stg_pipeline_a_runs.sql [  0.00s]
11:12:39.541980 [debug]: Finished parsing models/staging/stg_pipeline_runs.sql [  0.00s]
11:12:39.543318 [debug]: Finished parsing target\inline_88dfd609.sql [  0.01s]
11:12:39.678452 [info ]: Finished parsing [  0.17s]
11:12:39.679368 [info ]: Started scheduling
11:12:39.679573 [info ]: Finished scheduling [  0.00s]
11:12:39.684682 [info ]: Started building task graph
11:12:39.684868 [info ]: Finished building task graph [  0.00s]
11:12:39.688284 [info ]: Started rendering (1 nodes)
11:12:39.688392 [info ]: Started model main.inline
11:12:39.688409 [debug]: Started rendering model main.inline
11:12:39.690328 [debug]: Compiled SQL for node model..inline at target\compiled\target\inline_88dfd609.sql
11:12:39.690746 [debug]: Finished rendering [  0.00s] model main.inline [success]
11:12:39.690955 [info ]: Finished rendering [  0.00s] (1 nodes, 0 skipped, 0 errors)
11:12:39.691182 [info ]: Started analyzing (1 nodes)
11:12:39.691271 [debug]: Started analyzing model main.inline
11:12:39.698599 [warn ]: [SyntaxInvalid (dbt0101)]: no viable alternative at input 'finished_at AS ( SELECT execution_id,events_ts FROM main_raw.raw_kafka_events GROUP BY execution_id'
  --> target/inline_88dfd609.sql:1:105 (target\compiled\target\inline_88dfd609.sql:1:105)
11:12:39.698716 [debug]: Finished analyzing [  0.01s] model main.inline [success]
11:12:39.698926 [info ]: Finished analyzing [  0.01s] (1 nodes, 0 skipped, 0 errors)
11:12:39.699142 [info ]: Started running (1 nodes)
11:12:39.699233 [info ]: Started running model main.inline
11:12:39.700598 [debug]: DuckDB driver resolved: duckdb 1.5.4
11:12:39.718466 [error]: [Generic (dbt1000)]: Internal: Parser Error: syntax error at end of input (sqlstate: [0, 0, 0, 0, 0], vendor_code: -2147483648)
11:12:39.718604 [info ]: Finished running [  0.02s] model main.inline [error]
11:12:39.718824 [info ]: Finished running [  0.02s] (1 nodes, 0 skipped, 1 errors)
11:12:39.719133 [info ]:     Failed model main.inline (ephemeral) [1 of 1 in 0.03s]
11:12:39.983003 [info ]: 
==================== Execution Summary =====================
Finished 'show' with 1 warning and 1 error for target 'dev' [488ms]
==================== 2026-09-23T11:13:08.908234Z | 01a0cdf8-2d29-71a2-8102-2c35eefdee88 ====================
11:13:08.908405 [info ]: dbt 2.0.6
11:13:08.908872 [info ]: Started loading project
11:13:08.911768 [info ]: Loading profiles.yml
11:13:08.914706 [debug]:    Started loading packages
11:13:08.917967 [debug]:     Loaded [  0.00s] packages
11:13:08.920093 [info ]: Finished loading project [  0.01s]
11:13:08.920618 [info ]: Started parsing
11:13:08.954055 [debug]: Finished parsing models/marts/schema.yml [  0.00s]
11:13:08.954320 [debug]: Finished parsing models/sources.yml [  0.00s]
11:13:08.957542 [debug]: Finished parsing models/intermediate/int_kafka_pipeline_runs.sql [  0.00s]
11:13:08.957966 [debug]: Finished parsing models/marts/fct_pipeline_monitoring.sql [  0.00s]
11:13:08.958297 [debug]: Finished parsing models/staging/stg_flow_b_runs.sql [  0.00s]
11:13:08.958633 [debug]: Finished parsing models/staging/stg_kafka_events.sql [  0.00s]
11:13:08.958991 [debug]: Finished parsing models/staging/stg_pipeline_a_runs.sql [  0.00s]
11:13:08.959252 [debug]: Finished parsing models/staging/stg_pipeline_runs.sql [  0.00s]
11:13:08.961349 [debug]: Finished parsing target\inline_933d63b0.sql [  0.01s]
11:13:09.106858 [info ]: Finished parsing [  0.19s]
11:13:09.107831 [info ]: Started scheduling
11:13:09.108148 [info ]: Finished scheduling [  0.00s]
11:13:09.114098 [info ]: Started building task graph
11:13:09.114299 [info ]: Finished building task graph [  0.00s]
11:13:09.117298 [info ]: Started rendering (1 nodes)
11:13:09.117417 [info ]: Started model main.inline
11:13:09.117435 [debug]: Started rendering model main.inline
11:13:09.119226 [debug]: Compiled SQL for node model..inline at target\compiled\target\inline_933d63b0.sql
11:13:09.119491 [debug]: Finished rendering [  0.00s] model main.inline [success]
11:13:09.119679 [info ]: Finished rendering [  0.00s] (1 nodes, 0 skipped, 0 errors)
11:13:09.119886 [info ]: Started analyzing (1 nodes)
11:13:09.119975 [debug]: Started analyzing model main.inline
11:13:09.126549 [warn ]: [SyntaxInvalid (dbt0101)]: mismatched input '<EOF>' expecting one of 'FROM', 'SELECT', 'TABLE', 'VALUES', '('
  --> target/inline_933d63b0.sql:1:106 (target\compiled\target\inline_933d63b0.sql:1:106)
11:13:09.126644 [debug]: Finished analyzing [  0.01s] model main.inline [success]
11:13:09.126808 [info ]: Finished analyzing [  0.01s] (1 nodes, 0 skipped, 0 errors)
11:13:09.127013 [info ]: Started running (1 nodes)
11:13:09.127095 [info ]: Started running model main.inline
11:13:09.128407 [debug]: DuckDB driver resolved: duckdb 1.5.4
11:13:09.145750 [error]: [Generic (dbt1000)]: Internal: Parser Error: syntax error at or near "limit"

LINE 5:   limit 10
          ^ (sqlstate: [0, 0, 0, 0, 0], vendor_code: -2147483648)
11:13:09.145862 [info ]: Finished running [  0.02s] model main.inline [error]
11:13:09.146050 [info ]: Finished running [  0.02s] (1 nodes, 0 skipped, 1 errors)
11:13:09.146242 [info ]:     Failed model main.inline (ephemeral) [1 of 1 in 0.03s]
11:13:09.381032 [info ]: 
==================== Execution Summary =====================
Finished 'show' with 1 warning and 1 error for target 'dev' [472ms]
==================== 2026-09-23T11:13:30.997934Z | 01a0cdf8-8373-7442-a422-1881366d18a9 ====================
11:13:30.998107 [info ]: dbt 2.0.6
11:13:30.998624 [info ]: Started loading project
11:13:31.001409 [info ]: Loading profiles.yml
11:13:31.004331 [debug]:    Started loading packages
11:13:31.007683 [debug]:     Loaded [  0.00s] packages
11:13:31.009602 [info ]: Finished loading project [  0.01s]
11:13:31.010172 [info ]: Started parsing
11:13:31.044419 [debug]: Finished parsing models/marts/schema.yml [  0.00s]
11:13:31.044737 [debug]: Finished parsing models/sources.yml [  0.00s]
11:13:31.048206 [debug]: Finished parsing models/intermediate/int_kafka_pipeline_runs.sql [  0.00s]
11:13:31.048725 [debug]: Finished parsing models/marts/fct_pipeline_monitoring.sql [  0.00s]
11:13:31.049152 [debug]: Finished parsing models/staging/stg_flow_b_runs.sql [  0.00s]
11:13:31.049513 [debug]: Finished parsing models/staging/stg_kafka_events.sql [  0.00s]
11:13:31.049862 [debug]: Finished parsing models/staging/stg_pipeline_a_runs.sql [  0.00s]
11:13:31.050180 [debug]: Finished parsing models/staging/stg_pipeline_runs.sql [  0.00s]
11:13:31.051698 [debug]: Finished parsing target\inline_619e94cd.sql [  0.01s]
11:13:31.180681 [info ]: Finished parsing [  0.17s]
11:13:31.181643 [info ]: Started scheduling
11:13:31.181913 [info ]: Finished scheduling [  0.00s]
11:13:31.188386 [info ]: Started building task graph
11:13:31.188610 [info ]: Finished building task graph [  0.00s]
11:13:31.192207 [info ]: Started rendering (1 nodes)
11:13:31.192317 [info ]: Started model main.inline
11:13:31.192334 [debug]: Started rendering model main.inline
11:13:31.194016 [debug]: Compiled SQL for node model..inline at target\compiled\target\inline_619e94cd.sql
11:13:31.194151 [debug]: Finished rendering [  0.00s] model main.inline [success]
11:13:31.194353 [info ]: Finished rendering [  0.00s] (1 nodes, 0 skipped, 0 errors)
11:13:31.194546 [info ]: Started analyzing (1 nodes)
11:13:31.194650 [debug]: Started analyzing model main.inline
11:13:31.202363 [warn ]: [SyntaxInvalid (dbt0101)]: no viable alternative at input 'SELECT *'
  --> target/inline_619e94cd.sql:1:115 (target\compiled\target\inline_619e94cd.sql:1:115)
11:13:31.202482 [debug]: Finished analyzing [  0.01s] model main.inline [success]
11:13:31.202706 [info ]: Finished analyzing [  0.01s] (1 nodes, 0 skipped, 0 errors)
11:13:31.202891 [info ]: Started running (1 nodes)
11:13:31.202986 [info ]: Started running model main.inline
11:13:31.204447 [debug]: DuckDB driver resolved: duckdb 1.5.4
11:13:31.220810 [error]: [Generic (dbt1000)]: Internal: Parser Error: syntax error at or near "SELECT"

LINE 3: ... FROM main_raw.raw_kafka_events GROUP BY execution_id), SELECT * FROM finished_at
                                                                   ^ (sqlstate: [0, 0, 0, 0, 0], vendor_code: -2147483648)
11:13:31.220933 [info ]: Finished running [  0.02s] model main.inline [error]
11:13:31.221140 [info ]: Finished running [  0.02s] (1 nodes, 0 skipped, 1 errors)
11:13:31.221318 [info ]:     Failed model main.inline (ephemeral) [1 of 1 in 0.03s]
11:13:31.525677 [info ]: 
==================== Execution Summary =====================
Finished 'show' with 1 warning and 1 error for target 'dev' [527ms]
==================== 2026-09-23T11:16:14.004981Z | 01a0cdfb-0032-7c32-abfa-a0a5bd9c963f ====================
11:16:14.005177 [info ]: dbt 2.0.6
11:16:14.005679 [info ]: Started loading project
11:16:14.008488 [info ]: Loading profiles.yml
11:16:14.011535 [debug]:    Started loading packages
11:16:14.014882 [debug]:     Loaded [  0.00s] packages
11:16:14.017072 [info ]: Finished loading project [  0.01s]
11:16:14.017662 [info ]: Started parsing
11:16:14.049605 [debug]: Finished parsing models/marts/schema.yml [  0.00s]
11:16:14.049922 [debug]: Finished parsing models/sources.yml [  0.00s]
11:16:14.052744 [debug]: Finished parsing target\inline_3d6cf710.sql [  0.00s]
11:16:14.053091 [debug]: Finished parsing models/intermediate/int_kafka_pipeline_runs.sql [  0.00s]
11:16:14.053551 [debug]: Finished parsing models/marts/fct_pipeline_monitoring.sql [  0.00s]
11:16:14.053926 [debug]: Finished parsing models/staging/stg_flow_b_runs.sql [  0.00s]
11:16:14.054279 [debug]: Finished parsing models/staging/stg_kafka_events.sql [  0.00s]
11:16:14.054617 [debug]: Finished parsing models/staging/stg_pipeline_a_runs.sql [  0.00s]
11:16:14.054870 [debug]: Finished parsing models/staging/stg_pipeline_runs.sql [  0.00s]
11:16:14.204429 [info ]: Finished parsing [  0.19s]
11:16:14.205420 [info ]: Started scheduling
11:16:14.205708 [info ]: Finished scheduling [  0.00s]
11:16:14.211946 [info ]: Started building task graph
11:16:14.212150 [info ]: Finished building task graph [  0.00s]
11:16:14.215228 [info ]: Started rendering (1 nodes)
11:16:14.215347 [info ]: Started model main.inline
11:16:14.215365 [debug]: Started rendering model main.inline
11:16:14.217210 [debug]: Compiled SQL for node model..inline at target\compiled\target\inline_3d6cf710.sql
11:16:14.217573 [debug]: Finished rendering [  0.00s] model main.inline [success]
11:16:14.217778 [info ]: Finished rendering [  0.00s] (1 nodes, 0 skipped, 0 errors)
11:16:14.218041 [info ]: Started analyzing (1 nodes)
11:16:14.218165 [debug]: Started analyzing model main.inline
11:16:14.222599 [debug]: Finished analyzing [  0.00s] model main.inline [success]
11:16:14.222796 [info ]: Finished analyzing [  0.00s] (1 nodes, 0 skipped, 0 errors)
11:16:14.223009 [info ]: Started running (1 nodes)
11:16:14.223117 [info ]: Started running model main.inline
11:16:14.224769 [debug]: DuckDB driver resolved: duckdb 1.5.4
11:16:14.242666 [debug]: Query executed on node unknown:

  
  SELECT * FROM main_raw.raw_kafka_events
  
  limit 10

11:16:14.243279 [info ]: [34m[1mQuery[0m [1mshow_sql_operation_inline[0m
┌──────────┬──────────────┬──────────────────┬─────────────────────────┬─────────────────────┬───────────┬─────────────┬───────────────────┬───────────────┐
│[1m event_id [0m┆[1m execution_id [0m┆[1m workflow_name    [0m┆[1m event_type              [0m┆[1m event_ts            [0m┆[1m sample_id [0m┆[1m environment [0m┆[1m processed_records [0m┆[1m error_text    [0m│
╞══════════╪══════════════╪══════════════════╪═════════════════════════╪═════════════════════╪═══════════╪═════════════╪═══════════════════╪═══════════════╡
│ E-001    ┆ C-3001       ┆ SOMATIC_CALLING  ┆ PIPELINE_STARTED        ┆ 2026-09-20T12:00:00 ┆ S021      ┆ prod        ┆ 0                 ┆               │
│ E-002    ┆ C-3001       ┆ SOMATIC_CALLING  ┆ QC_FINISHED             ┆ 2026-09-20T12:04:00 ┆ S021      ┆ prod        ┆ 180000            ┆               │
│ E-003    ┆ C-3001       ┆ SOMATIC_CALLING  ┆ PIPELINE_FINISHED       ┆ 2026-09-20T12:31:30 ┆ S021      ┆ prod        ┆ 978221            ┆               │
│ E-004    ┆ C-3002       ┆ SOMATIC_CALLING  ┆ PIPELINE_STARTED        ┆ 2026-09-20T13:00:00 ┆ S022      ┆ prod        ┆ 0                 ┆               │
│ E-005    ┆ C-3002       ┆ SOMATIC_CALLING  ┆ ALIGNMENT_STARTED       ┆ 2026-09-20T13:05:00 ┆ S022      ┆ prod        ┆ 154210            ┆               │
│ E-006    ┆ C-3002       ┆ SOMATIC_CALLING  ┆ PIPELINE_FAILED         ┆ 2026-09-20T13:16:22 ┆ S022      ┆ prod        ┆ 401903            ┆ Out of memory │
│ E-007    ┆ C-3003       ┆ GERMLINE_CALLING ┆ PIPELINE_STARTED        ┆ 2026-09-20T14:00:00 ┆ S023      ┆ staging     ┆ 0                 ┆               │
│ E-008    ┆ C-3003       ┆ GERMLINE_CALLING ┆ VARIANT_CALLING_STARTED ┆ 2026-09-20T14:14:10 ┆ S023      ┆ staging     ┆ 633120            ┆               │
└──────────┴──────────────┴──────────────────┴─────────────────────────┴─────────────────────┴───────────┴─────────────┴───────────────────┴───────────────┘
8 rows.
11:16:14.243553 [info ]: Finished running [  0.02s] model main.inline [success]
11:16:14.243732 [info ]: Finished running [  0.02s] (1 nodes, 0 skipped, 0 errors)
11:16:14.243925 [info ]:  Succeeded model main.inline (ephemeral) [1 of 1 in 0.03s]
11:16:14.503162 [info ]: 
==================== Execution Summary =====================
Finished 'show' successfully for target 'dev' [498ms]
==================== 2026-09-23T11:18:09.605255Z | 01a0cdfc-c3c2-79e2-86d1-245b3ee029e2 ====================
11:18:09.605431 [info ]: dbt 2.0.6
11:18:09.605946 [info ]: Started loading project
11:18:09.608703 [info ]: Loading profiles.yml
11:18:09.611726 [debug]:    Started loading packages
11:18:09.615063 [debug]:     Loaded [  0.00s] packages
11:18:09.616925 [info ]: Finished loading project [  0.01s]
11:18:09.617408 [info ]: Started parsing
11:18:09.651186 [debug]: Finished parsing models/marts/schema.yml [  0.00s]
11:18:09.651528 [debug]: Finished parsing models/sources.yml [  0.00s]
11:18:09.655263 [debug]: Finished parsing models/intermediate/int_kafka_pipeline_runs.sql [  0.00s]
11:18:09.655713 [debug]: Finished parsing models/marts/fct_pipeline_monitoring.sql [  0.00s]
11:18:09.656087 [debug]: Finished parsing models/staging/stg_flow_b_runs.sql [  0.00s]
11:18:09.656449 [debug]: Finished parsing models/staging/stg_kafka_events.sql [  0.00s]
11:18:09.656793 [debug]: Finished parsing models/staging/stg_pipeline_a_runs.sql [  0.00s]
11:18:09.657056 [debug]: Finished parsing models/staging/stg_pipeline_runs.sql [  0.00s]
11:18:09.658524 [debug]: Finished parsing target\inline_91b90f20.sql [  0.01s]
11:18:09.788926 [info ]: Finished parsing [  0.17s]
11:18:09.790026 [info ]: Started scheduling
11:18:09.790398 [info ]: Finished scheduling [  0.00s]
11:18:09.796958 [info ]: Started building task graph
11:18:09.797220 [info ]: Finished building task graph [  0.00s]
11:18:09.800226 [info ]: Started rendering (1 nodes)
11:18:09.800373 [info ]: Started model main.inline
11:18:09.800395 [debug]: Started rendering model main.inline
11:18:09.802535 [debug]: Compiled SQL for node model..inline at target\compiled\target\inline_91b90f20.sql
11:18:09.802794 [debug]: Finished rendering [  0.00s] model main.inline [success]
11:18:09.803016 [info ]: Finished rendering [  0.00s] (1 nodes, 0 skipped, 0 errors)
11:18:09.803215 [info ]: Started analyzing (1 nodes)
11:18:09.803368 [debug]: Started analyzing model main.inline
11:18:09.809717 [warn ]: [SyntaxInvalid (dbt0101)]: no viable alternative at input 'finished_at AS ( SELECT execution_id, ( CASE WHEN event_type IN ('PIPELINE_FINISHED','PIPELINE_FAILED') FROM'
  --> target/inline_91b90f20.sql:1:110 (target\compiled\target\inline_91b90f20.sql:1:110)
11:18:09.809811 [debug]: Finished analyzing [  0.01s] model main.inline [success]
11:18:09.809998 [info ]: Finished analyzing [  0.01s] (1 nodes, 0 skipped, 0 errors)
11:18:09.810204 [info ]: Started running (1 nodes)
11:18:09.810298 [info ]: Started running model main.inline
11:18:09.811743 [debug]: DuckDB driver resolved: duckdb 1.5.4
11:18:09.829186 [error]: [Generic (dbt1000)]: Internal: Parser Error: syntax error at or near "FROM"

LINE 3: ... WHEN event_type IN ('PIPELINE_FINISHED','PIPELINE_FAILED') FROM raw_main.raw_kafka_events)
                                                                       ^ (sqlstate: [0, 0, 0, 0, 0], vendor_code: -2147483648)
11:18:09.829296 [info ]: Finished running [  0.02s] model main.inline [error]
11:18:09.829489 [info ]: Finished running [  0.02s] (1 nodes, 0 skipped, 1 errors)
11:18:09.829693 [info ]:     Failed model main.inline (ephemeral) [1 of 1 in 0.03s]
11:18:10.173417 [info ]: 
==================== Execution Summary =====================
Finished 'show' with 1 warning and 1 error for target 'dev' [568ms]
==================== 2026-09-23T11:18:46.284583Z | 01a0cdfd-530a-75d3-bbf2-e4c3ba7fff71 ====================
11:18:46.284763 [info ]: dbt 2.0.6
11:18:46.285263 [info ]: Started loading project
11:18:46.288207 [info ]: Loading profiles.yml
11:18:46.291145 [debug]:    Started loading packages
11:18:46.294555 [debug]:     Loaded [  0.00s] packages
11:18:46.296775 [info ]: Finished loading project [  0.01s]
11:18:46.297364 [info ]: Started parsing
11:18:46.330929 [debug]: Finished parsing models/marts/schema.yml [  0.00s]
11:18:46.331289 [debug]: Finished parsing models/sources.yml [  0.00s]
11:18:46.334266 [debug]: Finished parsing models/intermediate/int_kafka_pipeline_runs.sql [  0.00s]
11:18:46.334737 [debug]: Finished parsing models/marts/fct_pipeline_monitoring.sql [  0.00s]
11:18:46.335080 [debug]: Finished parsing models/staging/stg_flow_b_runs.sql [  0.00s]
11:18:46.335382 [debug]: Finished parsing models/staging/stg_kafka_events.sql [  0.00s]
11:18:46.335721 [debug]: Finished parsing models/staging/stg_pipeline_a_runs.sql [  0.00s]
11:18:46.336006 [debug]: Finished parsing models/staging/stg_pipeline_runs.sql [  0.00s]
11:18:46.337868 [debug]: Finished parsing target\inline_e518af1b.sql [  0.01s]
11:18:46.466727 [info ]: Finished parsing [  0.17s]
11:18:46.467721 [info ]: Started scheduling
11:18:46.468067 [info ]: Finished scheduling [  0.00s]
11:18:46.474017 [info ]: Started building task graph
11:18:46.474221 [info ]: Finished building task graph [  0.00s]
11:18:46.477183 [info ]: Started rendering (1 nodes)
11:18:46.477311 [info ]: Started model main.inline
11:18:46.477328 [debug]: Started rendering model main.inline
11:18:46.480227 [debug]: Compiled SQL for node model..inline at target\compiled\target\inline_e518af1b.sql
11:18:46.480371 [debug]: Finished rendering [  0.00s] model main.inline [success]
11:18:46.480576 [info ]: Finished rendering [  0.00s] (1 nodes, 0 skipped, 0 errors)
11:18:46.480762 [info ]: Started analyzing (1 nodes)
11:18:46.480854 [debug]: Started analyzing model main.inline
11:18:46.487190 [warn ]: [SyntaxInvalid (dbt0101)]: no viable alternative at input 'finished_at AS ( SELECT execution_id, ( CASE WHEN event_type IN ('PIPELINE_FINISHED','PIPELINE_FAILED') FROM'
  --> target/inline_e518af1b.sql:1:110 (target\compiled\target\inline_e518af1b.sql:1:110)
11:18:46.487323 [debug]: Finished analyzing [  0.01s] model main.inline [success]
11:18:46.487501 [info ]: Finished analyzing [  0.01s] (1 nodes, 0 skipped, 0 errors)
11:18:46.487698 [info ]: Started running (1 nodes)
11:18:46.487779 [info ]: Started running model main.inline
11:18:46.489175 [debug]: DuckDB driver resolved: duckdb 1.5.4
11:18:46.508393 [error]: [Generic (dbt1000)]: Internal: Parser Error: syntax error at or near "FROM"

LINE 3: ... WHEN event_type IN ('PIPELINE_FINISHED','PIPELINE_FAILED') FROM main_raw.raw_kafka_events), SELECT * FROM finished_at...
                                                                       ^ (sqlstate: [0, 0, 0, 0, 0], vendor_code: -2147483648)
11:18:46.508512 [info ]: Finished running [  0.02s] model main.inline [error]
11:18:46.508712 [info ]: Finished running [  0.02s] (1 nodes, 0 skipped, 1 errors)
11:18:46.508920 [info ]:     Failed model main.inline (ephemeral) [1 of 1 in 0.03s]
11:18:46.783114 [info ]: 
==================== Execution Summary =====================
Finished 'show' with 1 warning and 1 error for target 'dev' [498ms]
==================== 2026-09-23T11:19:10.744958Z | 01a0cdfd-b296-7381-9630-df39db22f63b ====================
11:19:10.745136 [info ]: dbt 2.0.6
11:19:10.745654 [info ]: Started loading project
11:19:10.748569 [info ]: Loading profiles.yml
11:19:10.752387 [debug]:    Started loading packages
11:19:10.756026 [debug]:     Loaded [  0.00s] packages
11:19:10.758030 [info ]: Finished loading project [  0.01s]
11:19:10.758532 [info ]: Started parsing
11:19:10.792657 [debug]: Finished parsing models/marts/schema.yml [  0.00s]
11:19:10.792978 [debug]: Finished parsing models/sources.yml [  0.00s]
11:19:10.796822 [debug]: Finished parsing models/intermediate/int_kafka_pipeline_runs.sql [  0.00s]
11:19:10.797342 [debug]: Finished parsing models/marts/fct_pipeline_monitoring.sql [  0.00s]
11:19:10.797691 [debug]: Finished parsing models/staging/stg_flow_b_runs.sql [  0.00s]
11:19:10.798000 [debug]: Finished parsing models/staging/stg_kafka_events.sql [  0.00s]
11:19:10.798316 [debug]: Finished parsing models/staging/stg_pipeline_a_runs.sql [  0.00s]
11:19:10.798554 [debug]: Finished parsing models/staging/stg_pipeline_runs.sql [  0.00s]
11:19:10.799739 [debug]: Finished parsing target\inline_f71b2b27.sql [  0.01s]
11:19:10.969372 [info ]: Finished parsing [  0.21s]
11:19:10.970306 [info ]: Started scheduling
11:19:10.970576 [info ]: Finished scheduling [  0.00s]
11:19:10.975964 [info ]: Started building task graph
11:19:10.976140 [info ]: Finished building task graph [  0.00s]
11:19:10.979849 [info ]: Started rendering (1 nodes)
11:19:10.979958 [info ]: Started model main.inline
11:19:10.979977 [debug]: Started rendering model main.inline
11:19:10.981804 [debug]: Compiled SQL for node model..inline at target\compiled\target\inline_f71b2b27.sql
11:19:10.982006 [debug]: Finished rendering [  0.00s] model main.inline [success]
11:19:10.982228 [info ]: Finished rendering [  0.00s] (1 nodes, 0 skipped, 0 errors)
11:19:10.982486 [info ]: Started analyzing (1 nodes)
11:19:10.982574 [debug]: Started analyzing model main.inline
11:19:10.989313 [warn ]: [SyntaxInvalid (dbt0101)]: no viable alternative at input 'finished_at AS ( SELECT execution_id, ( CASE WHEN event_type IN ('PIPELINE_FINISHED','PIPELINE_FAILED') FROM'
  --> target/inline_f71b2b27.sql:1:110 (target\compiled\target\inline_f71b2b27.sql:1:110)
11:19:10.989540 [debug]: Finished analyzing [  0.01s] model main.inline [success]
11:19:10.989733 [info ]: Finished analyzing [  0.01s] (1 nodes, 0 skipped, 0 errors)
11:19:10.989957 [info ]: Started running (1 nodes)
11:19:10.990049 [info ]: Started running model main.inline
11:19:10.991525 [debug]: DuckDB driver resolved: duckdb 1.5.4
11:19:11.009547 [error]: [Generic (dbt1000)]: Internal: Parser Error: syntax error at or near "FROM"

LINE 3: ... WHEN event_type IN ('PIPELINE_FINISHED','PIPELINE_FAILED') FROM main_raw.raw_kafka_events)
                                                                       ^ (sqlstate: [0, 0, 0, 0, 0], vendor_code: -2147483648)
11:19:11.009668 [info ]: Finished running [  0.02s] model main.inline [error]
11:19:11.009882 [info ]: Finished running [  0.02s] (1 nodes, 0 skipped, 1 errors)
11:19:11.010122 [info ]:     Failed model main.inline (ephemeral) [1 of 1 in 0.03s]
11:19:11.268223 [info ]: 
==================== Execution Summary =====================
Finished 'show' with 1 warning and 1 error for target 'dev' [523ms]
==================== 2026-09-23T11:19:37.608632Z | 01a0cdfe-1b85-7bc0-aa03-006bb5cb4b9e ====================
11:19:37.608815 [info ]: dbt 2.0.6
11:19:37.609302 [info ]: Started loading project
11:19:37.612320 [info ]: Loading profiles.yml
11:19:37.615231 [debug]:    Started loading packages
11:19:37.618641 [debug]:     Loaded [  0.00s] packages
11:19:37.620798 [info ]: Finished loading project [  0.01s]
11:19:37.621326 [info ]: Started parsing
11:19:37.655783 [debug]: Finished parsing models/marts/schema.yml [  0.00s]
11:19:37.656126 [debug]: Finished parsing models/sources.yml [  0.00s]
11:19:37.659363 [debug]: Finished parsing models/intermediate/int_kafka_pipeline_runs.sql [  0.00s]
11:19:37.659858 [debug]: Finished parsing models/marts/fct_pipeline_monitoring.sql [  0.00s]
11:19:37.660227 [debug]: Finished parsing models/staging/stg_flow_b_runs.sql [  0.00s]
11:19:37.660562 [debug]: Finished parsing models/staging/stg_kafka_events.sql [  0.00s]
11:19:37.660921 [debug]: Finished parsing models/staging/stg_pipeline_a_runs.sql [  0.00s]
11:19:37.661190 [debug]: Finished parsing models/staging/stg_pipeline_runs.sql [  0.00s]
11:19:37.662136 [debug]: Finished parsing target\inline_7a71d363.sql [  0.01s]
11:19:37.803740 [info ]: Finished parsing [  0.18s]
11:19:37.804697 [info ]: Started scheduling
11:19:37.805030 [info ]: Finished scheduling [  0.00s]
11:19:37.811431 [info ]: Started building task graph
11:19:37.811636 [info ]: Finished building task graph [  0.00s]
11:19:37.814553 [info ]: Started rendering (1 nodes)
11:19:37.814671 [info ]: Started model main.inline
11:19:37.814689 [debug]: Started rendering model main.inline
11:19:37.816418 [debug]: Compiled SQL for node model..inline at target\compiled\target\inline_7a71d363.sql
11:19:37.816560 [debug]: Finished rendering [  0.00s] model main.inline [success]
11:19:37.816752 [info ]: Finished rendering [  0.00s] (1 nodes, 0 skipped, 0 errors)
11:19:37.816980 [info ]: Started analyzing (1 nodes)
11:19:37.817074 [debug]: Started analyzing model main.inline
11:19:37.823354 [warn ]: [SyntaxInvalid (dbt0101)]: no viable alternative at input 'finished_at AS ( SELECT execution_id, ( CASE WHEN event_type IN ('PIPELINE_FINISHED','PIPELINE_FAILED') END'
  --> target/inline_7a71d363.sql:1:110 (target\compiled\target\inline_7a71d363.sql:1:110)
11:19:37.823476 [debug]: Finished analyzing [  0.01s] model main.inline [success]
11:19:37.823674 [info ]: Finished analyzing [  0.01s] (1 nodes, 0 skipped, 0 errors)
11:19:37.823892 [info ]: Started running (1 nodes)
11:19:37.823980 [info ]: Started running model main.inline
11:19:37.825357 [debug]: DuckDB driver resolved: duckdb 1.5.4
11:19:37.841759 [error]: [Generic (dbt1000)]: Internal: Parser Error: syntax error at or near "END"

LINE 3: ... WHEN event_type IN ('PIPELINE_FINISHED','PIPELINE_FAILED') END FROM main_raw.raw_kafka_events), SELECT * FROM finished_at...
                                                                       ^ (sqlstate: [0, 0, 0, 0, 0], vendor_code: -2147483648)
11:19:37.841878 [info ]: Finished running [  0.02s] model main.inline [error]
11:19:37.842079 [info ]: Finished running [  0.02s] (1 nodes, 0 skipped, 1 errors)
11:19:37.842276 [info ]:     Failed model main.inline (ephemeral) [1 of 1 in 0.02s]
11:19:38.082851 [info ]: 
==================== Execution Summary =====================
Finished 'show' with 1 warning and 1 error for target 'dev' [474ms]
==================== 2026-09-23T11:19:48.436059Z | 01a0cdfe-45d1-7ae1-8c7e-9301cd6a2b0d ====================
11:19:48.436233 [info ]: dbt 2.0.6
11:19:48.436698 [info ]: Started loading project
11:19:48.439496 [info ]: Loading profiles.yml
11:19:48.442394 [debug]:    Started loading packages
11:19:48.445550 [debug]:     Loaded [  0.00s] packages
11:19:48.447546 [info ]: Finished loading project [  0.01s]
11:19:48.448063 [info ]: Started parsing
11:19:48.481481 [debug]: Finished parsing models/marts/schema.yml [  0.00s]
11:19:48.481742 [debug]: Finished parsing models/sources.yml [  0.00s]
11:19:48.485100 [debug]: Finished parsing models/intermediate/int_kafka_pipeline_runs.sql [  0.00s]
11:19:48.485572 [debug]: Finished parsing models/marts/fct_pipeline_monitoring.sql [  0.00s]
11:19:48.486012 [debug]: Finished parsing models/staging/stg_flow_b_runs.sql [  0.00s]
11:19:48.486352 [debug]: Finished parsing models/staging/stg_kafka_events.sql [  0.00s]
11:19:48.486733 [debug]: Finished parsing models/staging/stg_pipeline_a_runs.sql [  0.00s]
11:19:48.487024 [debug]: Finished parsing models/staging/stg_pipeline_runs.sql [  0.00s]
11:19:48.493860 [debug]: Finished parsing target\inline_398e125b.sql [  0.01s]
11:19:48.638706 [info ]: Finished parsing [  0.19s]
11:19:48.639580 [info ]: Started scheduling
11:19:48.639810 [info ]: Finished scheduling [  0.00s]
11:19:48.645238 [info ]: Started building task graph
11:19:48.645430 [info ]: Finished building task graph [  0.00s]
11:19:48.648245 [info ]: Started rendering (1 nodes)
11:19:48.648356 [info ]: Started model main.inline
11:19:48.648373 [debug]: Started rendering model main.inline
11:19:48.650204 [debug]: Compiled SQL for node model..inline at target\compiled\target\inline_398e125b.sql
11:19:48.650391 [debug]: Finished rendering [  0.00s] model main.inline [success]
11:19:48.650643 [info ]: Finished rendering [  0.00s] (1 nodes, 0 skipped, 0 errors)
11:19:48.650987 [info ]: Started analyzing (1 nodes)
11:19:48.651083 [debug]: Started analyzing model main.inline
11:19:48.657491 [warn ]: [SyntaxInvalid (dbt0101)]: no viable alternative at input 'finished_at AS ( SELECT execution_id, ( CASE WHEN event_type IN ('PIPELINE_FINISHED','PIPELINE_FAILED') END'
  --> target/inline_398e125b.sql:1:110 (target\compiled\target\inline_398e125b.sql:1:110)
11:19:48.657695 [debug]: Finished analyzing [  0.01s] model main.inline [success]
11:19:48.657894 [info ]: Finished analyzing [  0.01s] (1 nodes, 0 skipped, 0 errors)
11:19:48.658067 [info ]: Started running (1 nodes)
11:19:48.658148 [info ]: Started running model main.inline
11:19:48.659501 [debug]: DuckDB driver resolved: duckdb 1.5.4
11:19:48.675373 [error]: [Generic (dbt1000)]: Internal: Parser Error: syntax error at or near "END"

LINE 3: ... WHEN event_type IN ('PIPELINE_FINISHED','PIPELINE_FAILED') END AS finished FROM main_raw.raw_kafka_events), SELECT...
                                                                       ^ (sqlstate: [0, 0, 0, 0, 0], vendor_code: -2147483648)
11:19:48.675488 [info ]: Finished running [  0.02s] model main.inline [error]
11:19:48.675701 [info ]: Finished running [  0.02s] (1 nodes, 0 skipped, 1 errors)
11:19:48.675914 [info ]:     Failed model main.inline (ephemeral) [1 of 1 in 0.03s]
11:19:48.925229 [info ]: 
==================== Execution Summary =====================
Finished 'show' with 1 warning and 1 error for target 'dev' [489ms]
==================== 2026-09-23T11:23:04.620525Z | 01a0ce01-442a-7f90-82ec-a082ccd3b122 ====================
11:23:04.620691 [info ]: dbt 2.0.6
11:23:04.621196 [info ]: Started loading project
11:23:04.624090 [info ]: Loading profiles.yml
11:23:04.626966 [debug]:    Started loading packages
11:23:04.630494 [debug]:     Loaded [  0.00s] packages
11:23:04.632663 [info ]: Finished loading project [  0.01s]
11:23:04.633180 [info ]: Started parsing
11:23:04.664360 [debug]: Finished parsing models/marts/schema.yml [  0.00s]
11:23:04.664594 [debug]: Finished parsing models/sources.yml [  0.00s]
11:23:04.667598 [debug]: Finished parsing models/intermediate/int_kafka_pipeline_runs.sql [  0.00s]
11:23:04.668051 [debug]: Finished parsing models/marts/fct_pipeline_monitoring.sql [  0.00s]
11:23:04.668433 [debug]: Finished parsing models/staging/stg_flow_b_runs.sql [  0.00s]
11:23:04.668775 [debug]: Finished parsing models/staging/stg_kafka_events.sql [  0.00s]
11:23:04.669129 [debug]: Finished parsing models/staging/stg_pipeline_a_runs.sql [  0.00s]
11:23:04.669405 [debug]: Finished parsing models/staging/stg_pipeline_runs.sql [  0.00s]
11:23:04.671202 [debug]: Finished parsing target\inline_aa047899.sql [  0.01s]
11:23:04.827637 [info ]: Finished parsing [  0.19s]
11:23:04.828553 [info ]: Started scheduling
11:23:04.828781 [info ]: Finished scheduling [  0.00s]
11:23:04.833970 [info ]: Started building task graph
11:23:04.834151 [info ]: Finished building task graph [  0.00s]
11:23:04.837704 [info ]: Started rendering (1 nodes)
11:23:04.837820 [info ]: Started model main.inline
11:23:04.837837 [debug]: Started rendering model main.inline
11:23:04.839547 [debug]: Compiled SQL for node model..inline at target\compiled\target\inline_aa047899.sql
11:23:04.839849 [debug]: Finished rendering [  0.00s] model main.inline [success]
11:23:04.840041 [info ]: Finished rendering [  0.00s] (1 nodes, 0 skipped, 0 errors)
11:23:04.840299 [info ]: Started analyzing (1 nodes)
11:23:04.840423 [debug]: Started analyzing model main.inline
11:23:04.852755 [warn ]: [SyntaxInvalid (dbt0101)]: mismatched input '<EOF>' expecting one of 'FROM', 'SELECT', 'TABLE', 'VALUES', '('
  --> target/inline_aa047899.sql:1:201 (target\compiled\target\inline_aa047899.sql:1:201)
11:23:04.852886 [debug]: Finished analyzing [  0.01s] model main.inline [success]
11:23:04.853077 [info ]: Finished analyzing [  0.01s] (1 nodes, 0 skipped, 0 errors)
11:23:04.853263 [info ]: Started running (1 nodes)
11:23:04.853356 [info ]: Started running model main.inline
11:23:04.854777 [debug]: DuckDB driver resolved: duckdb 1.5.4
11:23:04.872079 [error]: [Generic (dbt1000)]: Internal: Parser Error: syntax error at or near "limit"

LINE 5:   limit 10
          ^ (sqlstate: [0, 0, 0, 0, 0], vendor_code: -2147483648)
11:23:04.872193 [info ]: Finished running [  0.02s] model main.inline [error]
11:23:04.872407 [info ]: Finished running [  0.02s] (1 nodes, 0 skipped, 1 errors)
11:23:04.872611 [info ]:     Failed model main.inline (ephemeral) [1 of 1 in 0.03s]
11:23:05.223656 [info ]: 
==================== Execution Summary =====================
Finished 'show' with 1 warning and 1 error for target 'dev' [603ms]
==================== 2026-09-23T11:23:19.930696Z | 01a0ce01-7ff8-7562-a83c-c1bc8b818e60 ====================
11:23:19.930863 [info ]: dbt 2.0.6
11:23:19.931346 [info ]: Started loading project
11:23:19.934095 [info ]: Loading profiles.yml
11:23:19.936961 [debug]:    Started loading packages
11:23:19.940146 [debug]:     Loaded [  0.00s] packages
11:23:19.942113 [info ]: Finished loading project [  0.01s]
11:23:19.942693 [info ]: Started parsing
11:23:19.976252 [debug]: Finished parsing models/marts/schema.yml [  0.00s]
11:23:19.976601 [debug]: Finished parsing models/sources.yml [  0.00s]
11:23:19.980155 [debug]: Finished parsing models/intermediate/int_kafka_pipeline_runs.sql [  0.00s]
11:23:19.980623 [debug]: Finished parsing models/marts/fct_pipeline_monitoring.sql [  0.00s]
11:23:19.981025 [debug]: Finished parsing models/staging/stg_flow_b_runs.sql [  0.00s]
11:23:19.981398 [debug]: Finished parsing models/staging/stg_kafka_events.sql [  0.00s]
11:23:19.981783 [debug]: Finished parsing models/staging/stg_pipeline_a_runs.sql [  0.00s]
11:23:19.982077 [debug]: Finished parsing models/staging/stg_pipeline_runs.sql [  0.00s]
11:23:19.983712 [debug]: Finished parsing target\inline_4c499cfe.sql [  0.01s]
11:23:20.126557 [info ]: Finished parsing [  0.18s]
11:23:20.127448 [info ]: Started scheduling
11:23:20.127655 [info ]: Finished scheduling [  0.00s]
11:23:20.132838 [info ]: Started building task graph
11:23:20.133025 [info ]: Finished building task graph [  0.00s]
11:23:20.135867 [info ]: Started rendering (1 nodes)
11:23:20.136006 [info ]: Started model main.inline
11:23:20.136023 [debug]: Started rendering model main.inline
11:23:20.138062 [debug]: Compiled SQL for node model..inline at target\compiled\target\inline_4c499cfe.sql
11:23:20.138344 [debug]: Finished rendering [  0.00s] model main.inline [success]
11:23:20.138526 [info ]: Finished rendering [  0.00s] (1 nodes, 0 skipped, 0 errors)
11:23:20.138732 [info ]: Started analyzing (1 nodes)
11:23:20.138819 [debug]: Started analyzing model main.inline
11:23:20.149727 [debug]: Finished analyzing [  0.01s] model main.inline [success]
11:23:20.149916 [info ]: Finished analyzing [  0.01s] (1 nodes, 0 skipped, 0 errors)
11:23:20.150150 [info ]: Started running (1 nodes)
11:23:20.150260 [info ]: Started running model main.inline
11:23:20.151958 [debug]: DuckDB driver resolved: duckdb 1.5.4
11:23:20.178007 [debug]: Query executed on node unknown:

  
  WITH finished_at AS ( SELECT execution_id, MAX ( CASE WHEN event_type IN ('PIPELINE_FAILED','PIPELINE_STARTED') THEN event_ts END ) AS finished_at FROM main_raw.raw_kafka_events GROUP BY execution_id) SELECT * FROM finished_at
  
  limit 10

11:23:20.178449 [info ]: [34m[1mQuery[0m [1mshow_sql_operation_inline[0m
┌──────────────┬─────────────────────┐
│[1m execution_id [0m┆[1m finished_at         [0m│
╞══════════════╪═════════════════════╡
│ C-3001       ┆ 2026-09-20T12:00:00 │
│ C-3003       ┆ 2026-09-20T14:00:00 │
│ C-3002       ┆ 2026-09-20T13:16:22 │
└──────────────┴─────────────────────┘
3 rows.
11:23:20.178671 [info ]: Finished running [  0.03s] model main.inline [success]
11:23:20.178839 [info ]: Finished running [  0.03s] (1 nodes, 0 skipped, 0 errors)
11:23:20.179008 [info ]:  Succeeded model main.inline (ephemeral) [1 of 1 in 0.04s]
11:23:20.401868 [info ]: 
==================== Execution Summary =====================
Finished 'show' successfully for target 'dev' [471ms]
==================== 2026-09-23T11:52:48.071346Z | 01a0ce1c-7ac4-7a43-8d94-e890f50017b7 ====================
11:52:48.071516 [info ]: dbt 2.0.6
11:52:48.071992 [info ]: Started loading project
11:52:48.074754 [info ]: Loading profiles.yml
11:52:48.077678 [debug]:    Started loading packages
11:52:48.080879 [debug]:     Loaded [  0.00s] packages
11:52:48.082659 [info ]: Finished loading project [  0.01s]
11:52:48.083154 [info ]: Started parsing
11:52:48.113673 [debug]: Finished parsing models/marts/schema.yml [  0.00s]
11:52:48.113916 [debug]: Finished parsing models/sources.yml [  0.00s]
11:52:48.116815 [debug]: Finished parsing models/intermediate/int_kafka_pipeline_runs.sql [  0.00s]
11:52:48.117375 [debug]: Finished parsing models/marts/fct_pipeline_monitoring.sql [  0.00s]
11:52:48.117729 [debug]: Finished parsing models/staging/stg_flow_b_runs.sql [  0.00s]
11:52:48.118064 [debug]: Finished parsing models/staging/stg_kafka_events.sql [  0.00s]
11:52:48.118389 [debug]: Finished parsing models/staging/stg_pipeline_a_runs.sql [  0.00s]
11:52:48.118642 [debug]: Finished parsing models/staging/stg_pipeline_runs.sql [  0.00s]
11:52:48.120055 [debug]: Finished parsing target\inline_173ab79b.sql [  0.01s]
11:52:48.245336 [info ]: Finished parsing [  0.16s]
11:52:48.246415 [info ]: Started scheduling
11:52:48.246721 [info ]: Finished scheduling [  0.00s]
11:52:48.252665 [info ]: Started building task graph
11:52:48.252895 [info ]: Finished building task graph [  0.00s]
11:52:48.255830 [info ]: Started rendering (1 nodes)
11:52:48.255943 [info ]: Started model main.inline
11:52:48.255961 [debug]: Started rendering model main.inline
11:52:48.257702 [debug]: Compiled SQL for node model..inline at target\compiled\target\inline_173ab79b.sql
11:52:48.257836 [debug]: Finished rendering [  0.00s] model main.inline [success]
11:52:48.258027 [info ]: Finished rendering [  0.00s] (1 nodes, 0 skipped, 0 errors)
11:52:48.258294 [info ]: Started analyzing (1 nodes)
11:52:48.258425 [debug]: Started analyzing model main.inline
11:52:48.263428 [debug]: Finished analyzing [  0.01s] model main.inline [success]
11:52:48.263642 [info ]: Finished analyzing [  0.01s] (1 nodes, 0 skipped, 0 errors)
11:52:48.263867 [info ]: Started running (1 nodes)
11:52:48.263964 [info ]: Started running model main.inline
11:52:48.265496 [debug]: DuckDB driver resolved: duckdb 1.5.4
11:52:48.284049 [debug]: Query executed on node unknown:

  
  SELECT execution_id,event_type FROM main_raw.raw_kafka_events
  
  limit 10

11:52:48.284497 [info ]: [34m[1mQuery[0m [1mshow_sql_operation_inline[0m
┌──────────────┬─────────────────────────┐
│[1m execution_id [0m┆[1m event_type              [0m│
╞══════════════╪═════════════════════════╡
│ C-3001       ┆ PIPELINE_STARTED        │
│ C-3001       ┆ QC_FINISHED             │
│ C-3001       ┆ PIPELINE_FINISHED       │
│ C-3002       ┆ PIPELINE_STARTED        │
│ C-3002       ┆ ALIGNMENT_STARTED       │
│ C-3002       ┆ PIPELINE_FAILED         │
│ C-3003       ┆ PIPELINE_STARTED        │
│ C-3003       ┆ VARIANT_CALLING_STARTED │
└──────────────┴─────────────────────────┘
8 rows.
11:52:48.284741 [info ]: Finished running [  0.02s] model main.inline [success]
11:52:48.284910 [info ]: Finished running [  0.02s] (1 nodes, 0 skipped, 0 errors)
11:52:48.285096 [info ]:  Succeeded model main.inline (ephemeral) [1 of 1 in 0.03s]
11:52:48.608169 [info ]: 
==================== Execution Summary =====================
Finished 'show' successfully for target 'dev' [536ms]
==================== 2026-09-23T11:52:56.750731Z | 01a0ce1c-9cac-73e1-ae9e-c96db8fb0d05 ====================
11:52:56.750923 [info ]: dbt 2.0.6
11:52:56.751401 [info ]: Started loading project
11:52:56.754341 [info ]: Loading profiles.yml
11:52:56.757107 [debug]:    Started loading packages
11:52:56.760256 [debug]:     Loaded [  0.00s] packages
11:52:56.762163 [info ]: Finished loading project [  0.01s]
11:52:56.762628 [info ]: Started parsing
11:52:56.796220 [debug]: Finished parsing models/marts/schema.yml [  0.00s]
11:52:56.796487 [debug]: Finished parsing models/sources.yml [  0.00s]
11:52:56.800018 [debug]: Finished parsing models/intermediate/int_kafka_pipeline_runs.sql [  0.00s]
11:52:56.800527 [debug]: Finished parsing models/marts/fct_pipeline_monitoring.sql [  0.00s]
11:52:56.800888 [debug]: Finished parsing models/staging/stg_flow_b_runs.sql [  0.00s]
11:52:56.801221 [debug]: Finished parsing models/staging/stg_kafka_events.sql [  0.00s]
11:52:56.801579 [debug]: Finished parsing models/staging/stg_pipeline_a_runs.sql [  0.00s]
11:52:56.801856 [debug]: Finished parsing models/staging/stg_pipeline_runs.sql [  0.00s]
11:52:56.802745 [debug]: Finished parsing target\inline_53c5754d.sql [  0.01s]
11:52:56.938247 [info ]: Finished parsing [  0.18s]
11:52:56.939331 [info ]: Started scheduling
11:52:56.939554 [info ]: Finished scheduling [  0.00s]
11:52:56.945069 [info ]: Started building task graph
11:52:56.945284 [info ]: Finished building task graph [  0.00s]
11:52:56.948192 [info ]: Started rendering (1 nodes)
11:52:56.948305 [info ]: Started model main.inline
11:52:56.948320 [debug]: Started rendering model main.inline
11:52:56.950187 [debug]: Compiled SQL for node model..inline at target\compiled\target\inline_53c5754d.sql
11:52:56.950337 [debug]: Finished rendering [  0.00s] model main.inline [success]
11:52:56.950525 [info ]: Finished rendering [  0.00s] (1 nodes, 0 skipped, 0 errors)
11:52:56.950723 [info ]: Started analyzing (1 nodes)
11:52:56.950804 [debug]: Started analyzing model main.inline
11:52:56.956363 [debug]: Finished analyzing [  0.01s] model main.inline [success]
11:52:56.956563 [info ]: Finished analyzing [  0.01s] (1 nodes, 0 skipped, 0 errors)
11:52:56.956767 [info ]: Started running (1 nodes)
11:52:56.956870 [info ]: Started running model main.inline
11:52:56.958424 [debug]: DuckDB driver resolved: duckdb 1.5.4
11:52:56.974640 [error]: [Generic (dbt1000)]: Internal: Binder Error: column "event_type" must appear in the GROUP BY clause or must be part of an aggregate function.
Either add it to the GROUP BY list, or use "ANY_VALUE(event_type)" if the exact value of "event_type" is not important.

LINE 3:   SELECT execution_id,event_type FROM main_raw.raw_kafka_events GROUP BY executio...
                              ^ (sqlstate: [0, 0, 0, 0, 0], vendor_code: -2147483648)
11:52:56.974763 [info ]: Finished running [  0.02s] model main.inline [error]
11:52:56.974965 [info ]: Finished running [  0.02s] (1 nodes, 0 skipped, 1 errors)
11:52:56.975180 [info ]:     Failed model main.inline (ephemeral) [1 of 1 in 0.02s]
11:52:57.227858 [info ]: 
==================== Execution Summary =====================
Finished 'show' with 1 error for target 'dev' [477ms]
==================== 2026-09-23T11:53:05.296672Z | 01a0ce1c-be0e-7ee1-be81-ee5444f5f32d ====================
11:53:05.296839 [info ]: dbt 2.0.6
11:53:05.297296 [info ]: Started loading project
11:53:05.300222 [info ]: Loading profiles.yml
11:53:05.303029 [debug]:    Started loading packages
11:53:05.306130 [debug]:     Loaded [  0.00s] packages
11:53:05.308129 [info ]: Finished loading project [  0.01s]
11:53:05.308605 [info ]: Started parsing
11:53:05.339578 [debug]: Finished parsing models/marts/schema.yml [  0.00s]
11:53:05.339869 [debug]: Finished parsing models/sources.yml [  0.00s]
11:53:05.343139 [debug]: Finished parsing models/intermediate/int_kafka_pipeline_runs.sql [  0.00s]
11:53:05.343529 [debug]: Finished parsing models/marts/fct_pipeline_monitoring.sql [  0.00s]
11:53:05.343849 [debug]: Finished parsing models/staging/stg_flow_b_runs.sql [  0.00s]
11:53:05.344199 [debug]: Finished parsing models/staging/stg_kafka_events.sql [  0.00s]
11:53:05.344542 [debug]: Finished parsing models/staging/stg_pipeline_a_runs.sql [  0.00s]
11:53:05.344830 [debug]: Finished parsing models/staging/stg_pipeline_runs.sql [  0.00s]
11:53:05.345511 [debug]: Finished parsing target\inline_ed1db6c6.sql [  0.01s]
11:53:05.500594 [info ]: Finished parsing [  0.19s]
11:53:05.501633 [info ]: Started scheduling
11:53:05.501877 [info ]: Finished scheduling [  0.00s]
11:53:05.507646 [info ]: Started building task graph
11:53:05.507858 [info ]: Finished building task graph [  0.00s]
11:53:05.510564 [info ]: Started rendering (1 nodes)
11:53:05.510675 [info ]: Started model main.inline
11:53:05.510691 [debug]: Started rendering model main.inline
11:53:05.512434 [debug]: Compiled SQL for node model..inline at target\compiled\target\inline_ed1db6c6.sql
11:53:05.512565 [debug]: Finished rendering [  0.00s] model main.inline [success]
11:53:05.512809 [info ]: Finished rendering [  0.00s] (1 nodes, 0 skipped, 0 errors)
11:53:05.513016 [info ]: Started analyzing (1 nodes)
11:53:05.513111 [debug]: Started analyzing model main.inline
11:53:05.519826 [debug]: Finished analyzing [  0.01s] model main.inline [success]
11:53:05.520053 [info ]: Finished analyzing [  0.01s] (1 nodes, 0 skipped, 0 errors)
11:53:05.520297 [info ]: Started running (1 nodes)
11:53:05.520395 [info ]: Started running model main.inline
11:53:05.522007 [debug]: DuckDB driver resolved: duckdb 1.5.4
11:53:05.538438 [error]: [Generic (dbt1000)]: Internal: Binder Error: column "event_type" must appear in the GROUP BY clause or must be part of an aggregate function.
Either add it to the GROUP BY list, or use "ANY_VALUE(event_type)" if the exact value of "event_type" is not important.

LINE 3:   SELECT DISTINCT(execution_id),event_type FROM main_raw.raw_kafka_events GROUP BY executio...
                                        ^ (sqlstate: [0, 0, 0, 0, 0], vendor_code: -2147483648)
11:53:05.538589 [info ]: Finished running [  0.02s] model main.inline [error]
11:53:05.538845 [info ]: Finished running [  0.02s] (1 nodes, 0 skipped, 1 errors)
11:53:05.539105 [info ]:     Failed model main.inline (ephemeral) [1 of 1 in 0.03s]
11:53:05.771820 [info ]: 
==================== Execution Summary =====================
Finished 'show' with 1 error for target 'dev' [475ms]
==================== 2026-09-23T11:53:14.541947Z | 01a0ce1c-e22b-77e2-8600-d72444d7bdd4 ====================
11:53:14.542118 [info ]: dbt 2.0.6
11:53:14.542594 [info ]: Started loading project
11:53:14.545407 [info ]: Loading profiles.yml
11:53:14.548525 [debug]:    Started loading packages
11:53:14.551742 [debug]:     Loaded [  0.00s] packages
11:53:14.553618 [info ]: Finished loading project [  0.01s]
11:53:14.554285 [info ]: Started parsing
11:53:14.586918 [debug]: Finished parsing models/marts/schema.yml [  0.00s]
11:53:14.587302 [debug]: Finished parsing models/sources.yml [  0.00s]
11:53:14.589457 [debug]: Finished parsing target\inline_9c9f4faa.sql [  0.00s]
11:53:14.590320 [debug]: Finished parsing models/intermediate/int_kafka_pipeline_runs.sql [  0.00s]
11:53:14.590782 [debug]: Finished parsing models/marts/fct_pipeline_monitoring.sql [  0.00s]
11:53:14.591136 [debug]: Finished parsing models/staging/stg_flow_b_runs.sql [  0.00s]
11:53:14.591470 [debug]: Finished parsing models/staging/stg_kafka_events.sql [  0.00s]
11:53:14.591821 [debug]: Finished parsing models/staging/stg_pipeline_a_runs.sql [  0.00s]
11:53:14.592065 [debug]: Finished parsing models/staging/stg_pipeline_runs.sql [  0.00s]
11:53:14.741545 [info ]: Finished parsing [  0.19s]
11:53:14.742479 [info ]: Started scheduling
11:53:14.742691 [info ]: Finished scheduling [  0.00s]
11:53:14.748290 [info ]: Started building task graph
11:53:14.748475 [info ]: Finished building task graph [  0.00s]
11:53:14.751289 [info ]: Started rendering (1 nodes)
11:53:14.751402 [info ]: Started model main.inline
11:53:14.751419 [debug]: Started rendering model main.inline
11:53:14.753119 [debug]: Compiled SQL for node model..inline at target\compiled\target\inline_9c9f4faa.sql
11:53:14.753298 [debug]: Finished rendering [  0.00s] model main.inline [success]
11:53:14.753540 [info ]: Finished rendering [  0.00s] (1 nodes, 0 skipped, 0 errors)
11:53:14.753804 [info ]: Started analyzing (1 nodes)
11:53:14.753928 [debug]: Started analyzing model main.inline
11:53:14.759564 [debug]: Finished analyzing [  0.01s] model main.inline [success]
11:53:14.759771 [info ]: Finished analyzing [  0.01s] (1 nodes, 0 skipped, 0 errors)
11:53:14.760011 [info ]: Started running (1 nodes)
11:53:14.760147 [info ]: Started running model main.inline
11:53:14.761575 [debug]: DuckDB driver resolved: duckdb 1.5.4
11:53:14.779557 [error]: [Generic (dbt1000)]: Internal: Binder Error: column "event_type" must appear in the GROUP BY clause or must be part of an aggregate function.
Either add it to the GROUP BY list, or use "ANY_VALUE(event_type)" if the exact value of "event_type" is not important.

LINE 3:   SELECT execution_id,event_type FROM main_raw.raw_kafka_events GROUP BY executio...
                              ^ (sqlstate: [0, 0, 0, 0, 0], vendor_code: -2147483648)
11:53:14.779684 [info ]: Finished running [  0.02s] model main.inline [error]
11:53:14.779875 [info ]: Finished running [  0.02s] (1 nodes, 0 skipped, 1 errors)
11:53:14.780084 [info ]:     Failed model main.inline (ephemeral) [1 of 1 in 0.03s]
11:53:15.043979 [info ]: 
==================== Execution Summary =====================
Finished 'show' with 1 error for target 'dev' [502ms]
==================== 2026-09-23T11:53:18.681258Z | 01a0ce1c-f256-7580-847c-51897847bf2f ====================
11:53:18.681437 [info ]: dbt 2.0.6
11:53:18.681973 [info ]: Started loading project
11:53:18.684806 [info ]: Loading profiles.yml
11:53:18.687848 [debug]:    Started loading packages
11:53:18.691281 [debug]:     Loaded [  0.00s] packages
11:53:18.693147 [info ]: Finished loading project [  0.01s]
11:53:18.693643 [info ]: Started parsing
11:53:18.723704 [debug]: Finished parsing models/marts/schema.yml [  0.00s]
11:53:18.723978 [debug]: Finished parsing models/sources.yml [  0.00s]
11:53:18.725812 [debug]: Finished parsing target\inline_1c940f48.sql [  0.00s]
11:53:18.726726 [debug]: Finished parsing models/intermediate/int_kafka_pipeline_runs.sql [  0.00s]
11:53:18.727104 [debug]: Finished parsing models/marts/fct_pipeline_monitoring.sql [  0.00s]
11:53:18.727476 [debug]: Finished parsing models/staging/stg_flow_b_runs.sql [  0.00s]
11:53:18.727848 [debug]: Finished parsing models/staging/stg_kafka_events.sql [  0.00s]
11:53:18.728175 [debug]: Finished parsing models/staging/stg_pipeline_a_runs.sql [  0.00s]
11:53:18.728427 [debug]: Finished parsing models/staging/stg_pipeline_runs.sql [  0.00s]
11:53:18.858240 [info ]: Finished parsing [  0.16s]
11:53:18.859146 [info ]: Started scheduling
11:53:18.859425 [info ]: Finished scheduling [  0.00s]
11:53:18.865157 [info ]: Started building task graph
11:53:18.865338 [info ]: Finished building task graph [  0.00s]
11:53:18.867999 [info ]: Started rendering (1 nodes)
11:53:18.868103 [info ]: Started model main.inline
11:53:18.868126 [debug]: Started rendering model main.inline
11:53:18.870123 [debug]: Compiled SQL for node model..inline at target\compiled\target\inline_1c940f48.sql
11:53:18.870319 [debug]: Finished rendering [  0.00s] model main.inline [success]
11:53:18.870545 [info ]: Finished rendering [  0.00s] (1 nodes, 0 skipped, 0 errors)
11:53:18.870799 [info ]: Started analyzing (1 nodes)
11:53:18.870898 [debug]: Started analyzing model main.inline
11:53:18.875606 [debug]: Finished analyzing [  0.00s] model main.inline [success]
11:53:18.875792 [info ]: Finished analyzing [  0.00s] (1 nodes, 0 skipped, 0 errors)
11:53:18.875993 [info ]: Started running (1 nodes)
11:53:18.876094 [info ]: Started running model main.inline
11:53:18.877673 [debug]: DuckDB driver resolved: duckdb 1.5.4
11:53:18.894468 [debug]: Query executed on node unknown:

  
  SELECT execution_id,event_type FROM main_raw.raw_kafka_events
  
  limit 10

11:53:18.894984 [info ]: [34m[1mQuery[0m [1mshow_sql_operation_inline[0m
┌──────────────┬─────────────────────────┐
│[1m execution_id [0m┆[1m event_type              [0m│
╞══════════════╪═════════════════════════╡
│ C-3001       ┆ PIPELINE_STARTED        │
│ C-3001       ┆ QC_FINISHED             │
│ C-3001       ┆ PIPELINE_FINISHED       │
│ C-3002       ┆ PIPELINE_STARTED        │
│ C-3002       ┆ ALIGNMENT_STARTED       │
│ C-3002       ┆ PIPELINE_FAILED         │
│ C-3003       ┆ PIPELINE_STARTED        │
│ C-3003       ┆ VARIANT_CALLING_STARTED │
└──────────────┴─────────────────────────┘
8 rows.
11:53:18.895232 [info ]: Finished running [  0.02s] model main.inline [success]
11:53:18.895415 [info ]: Finished running [  0.02s] (1 nodes, 0 skipped, 0 errors)
11:53:18.895603 [info ]:  Succeeded model main.inline (ephemeral) [1 of 1 in 0.03s]
11:53:19.156423 [info ]: 
==================== Execution Summary =====================
Finished 'show' successfully for target 'dev' [475ms]
==================== 2026-09-23T11:53:43.601533Z | 01a0ce1d-53ae-75b2-b82c-0a9f21abcb8f ====================
11:53:43.601709 [info ]: dbt 2.0.6
11:53:43.602183 [info ]: Started loading project
11:53:43.604975 [info ]: Loading profiles.yml
11:53:43.607896 [debug]:    Started loading packages
11:53:43.611061 [debug]:     Loaded [  0.00s] packages
11:53:43.613226 [info ]: Finished loading project [  0.01s]
11:53:43.613777 [info ]: Started parsing
11:53:43.643545 [debug]: Finished parsing models/marts/schema.yml [  0.00s]
11:53:43.643869 [debug]: Finished parsing models/sources.yml [  0.00s]
11:53:43.646627 [debug]: Finished parsing models/intermediate/int_kafka_pipeline_runs.sql [  0.00s]
11:53:43.646628 [debug]: Finished parsing target\inline_a039aad7.sql [  0.00s]
11:53:43.647043 [debug]: Finished parsing models/marts/fct_pipeline_monitoring.sql [  0.00s]
11:53:43.647428 [debug]: Finished parsing models/staging/stg_flow_b_runs.sql [  0.00s]
11:53:43.647817 [debug]: Finished parsing models/staging/stg_kafka_events.sql [  0.00s]
11:53:43.648142 [debug]: Finished parsing models/staging/stg_pipeline_a_runs.sql [  0.00s]
11:53:43.648396 [debug]: Finished parsing models/staging/stg_pipeline_runs.sql [  0.00s]
11:53:43.780663 [info ]: Finished parsing [  0.17s]
11:53:43.781658 [info ]: Started scheduling
11:53:43.782028 [info ]: Finished scheduling [  0.00s]
11:53:43.787797 [info ]: Started building task graph
11:53:43.787993 [info ]: Finished building task graph [  0.00s]
11:53:43.791159 [info ]: Started rendering (1 nodes)
11:53:43.791334 [info ]: Started model main.inline
11:53:43.791355 [debug]: Started rendering model main.inline
11:53:43.793309 [debug]: Compiled SQL for node model..inline at target\compiled\target\inline_a039aad7.sql
11:53:43.793615 [debug]: Finished rendering [  0.00s] model main.inline [success]
11:53:43.793809 [info ]: Finished rendering [  0.00s] (1 nodes, 0 skipped, 0 errors)
11:53:43.794020 [info ]: Started analyzing (1 nodes)
11:53:43.794104 [debug]: Started analyzing model main.inline
11:53:43.799109 [debug]: Finished analyzing [  0.01s] model main.inline [success]
11:53:43.799294 [info ]: Finished analyzing [  0.01s] (1 nodes, 0 skipped, 0 errors)
11:53:43.799496 [info ]: Started running (1 nodes)
11:53:43.799591 [info ]: Started running model main.inline
11:53:43.801093 [debug]: DuckDB driver resolved: duckdb 1.5.4
11:53:43.817849 [debug]: Query executed on node unknown:

  
  SELECT execution_id,event_type FROM main_raw.raw_kafka_events
  
  limit 10

11:53:43.818276 [info ]: [34m[1mQuery[0m [1mshow_sql_operation_inline[0m
┌──────────────┬─────────────────────────┐
│[1m execution_id [0m┆[1m event_type              [0m│
╞══════════════╪═════════════════════════╡
│ C-3001       ┆ PIPELINE_STARTED        │
│ C-3001       ┆ QC_FINISHED             │
│ C-3001       ┆ PIPELINE_FINISHED       │
│ C-3002       ┆ PIPELINE_STARTED        │
│ C-3002       ┆ ALIGNMENT_STARTED       │
│ C-3002       ┆ PIPELINE_FAILED         │
│ C-3003       ┆ PIPELINE_STARTED        │
│ C-3003       ┆ VARIANT_CALLING_STARTED │
└──────────────┴─────────────────────────┘
8 rows.
11:53:43.818519 [info ]: Finished running [  0.02s] model main.inline [success]
11:53:43.818683 [info ]: Finished running [  0.02s] (1 nodes, 0 skipped, 0 errors)
11:53:43.818874 [info ]:  Succeeded model main.inline (ephemeral) [1 of 1 in 0.02s]
11:53:44.087758 [info ]: 
==================== Execution Summary =====================
Finished 'show' successfully for target 'dev' [486ms]
==================== 2026-09-23T11:58:39.594106Z | 01a0ce21-d7e7-72b3-8dd5-c1e725bf9ed5 ====================
11:58:39.594278 [info ]: dbt 2.0.6
11:58:39.594769 [info ]: Started loading project
11:58:39.597582 [info ]: Loading profiles.yml
11:58:39.600410 [debug]:    Started loading packages
11:58:39.603697 [debug]:     Loaded [  0.00s] packages
11:58:39.605620 [info ]: Finished loading project [  0.01s]
11:58:39.606110 [info ]: Started parsing
11:58:39.638928 [debug]: Finished parsing models/marts/schema.yml [  0.00s]
11:58:39.639217 [debug]: Finished parsing models/sources.yml [  0.00s]
11:58:39.642732 [debug]: Finished parsing models/intermediate/int_kafka_pipeline_runs.sql [  0.00s]
11:58:39.643265 [debug]: Finished parsing models/marts/fct_pipeline_monitoring.sql [  0.00s]
11:58:39.643700 [debug]: Finished parsing models/staging/stg_flow_b_runs.sql [  0.00s]
11:58:39.644083 [debug]: Finished parsing models/staging/stg_kafka_events.sql [  0.00s]
11:58:39.644470 [debug]: Finished parsing models/staging/stg_pipeline_a_runs.sql [  0.00s]
11:58:39.644743 [debug]: Finished parsing models/staging/stg_pipeline_runs.sql [  0.00s]
11:58:39.646226 [debug]: Finished parsing target\inline_de025f3b.sql [  0.01s]
11:58:39.806492 [info ]: Finished parsing [  0.20s]
11:58:39.807860 [info ]: Started scheduling
11:58:39.808085 [info ]: Finished scheduling [  0.00s]
11:58:39.813273 [info ]: Started building task graph
11:58:39.813452 [info ]: Finished building task graph [  0.00s]
11:58:39.816490 [info ]: Started rendering (1 nodes)
11:58:39.816603 [info ]: Started model main.inline
11:58:39.816621 [debug]: Started rendering model main.inline
11:58:39.818646 [debug]: Compiled SQL for node model..inline at target\compiled\target\inline_de025f3b.sql
11:58:39.818805 [debug]: Finished rendering [  0.00s] model main.inline [success]
11:58:39.819000 [info ]: Finished rendering [  0.00s] (1 nodes, 0 skipped, 0 errors)
11:58:39.819199 [info ]: Started analyzing (1 nodes)
11:58:39.819289 [debug]: Started analyzing model main.inline
11:58:39.825839 [warn ]: [SyntaxInvalid (dbt0101)]: no viable alternative at input 'MAX( CASE WHEN event_type = 'PIPELINE_FAILED' THEN 1 ELSE 0)'
  --> target/inline_de025f3b.sql:1:80 (target\compiled\target\inline_de025f3b.sql:1:80)
11:58:39.825961 [debug]: Finished analyzing [  0.01s] model main.inline [success]
11:58:39.826158 [info ]: Finished analyzing [  0.01s] (1 nodes, 0 skipped, 0 errors)
11:58:39.826366 [info ]: Started running (1 nodes)
11:58:39.826494 [info ]: Started running model main.inline
11:58:39.827955 [debug]: DuckDB driver resolved: duckdb 1.5.4
11:58:39.845606 [error]: [Generic (dbt1000)]: Internal: Parser Error: syntax error at or near ")"

LINE 3: ...,MAX( CASE WHEN event_type = 'PIPELINE_FAILED' THEN 1 ELSE 0) END AS has_failed , MAX (CASE WHEN event_type = 'PIPELINE...
                                                                       ^ (sqlstate: [0, 0, 0, 0, 0], vendor_code: -2147483648)
11:58:39.845718 [info ]: Finished running [  0.02s] model main.inline [error]
11:58:39.845922 [info ]: Finished running [  0.02s] (1 nodes, 0 skipped, 1 errors)
11:58:39.846141 [info ]:     Failed model main.inline (ephemeral) [1 of 1 in 0.03s]
11:58:40.129564 [info ]: 
==================== Execution Summary =====================
Finished 'show' with 1 warning and 1 error for target 'dev' [535ms]
==================== 2026-09-23T11:58:52.184163Z | 01a0ce22-0915-7ea2-8d3d-8ba8bfdbc65a ====================
11:58:52.184330 [info ]: dbt 2.0.6
11:58:52.184797 [info ]: Started loading project
11:58:52.187645 [info ]: Loading profiles.yml
11:58:52.190409 [debug]:    Started loading packages
11:58:52.193686 [debug]:     Loaded [  0.00s] packages
11:58:52.195687 [info ]: Finished loading project [  0.01s]
11:58:52.196262 [info ]: Started parsing
11:58:52.229893 [debug]: Finished parsing models/marts/schema.yml [  0.00s]
11:58:52.230213 [debug]: Finished parsing models/sources.yml [  0.00s]
11:58:52.233543 [debug]: Finished parsing models/intermediate/int_kafka_pipeline_runs.sql [  0.00s]
11:58:52.233993 [debug]: Finished parsing models/marts/fct_pipeline_monitoring.sql [  0.00s]
11:58:52.234357 [debug]: Finished parsing models/staging/stg_flow_b_runs.sql [  0.00s]
11:58:52.234710 [debug]: Finished parsing models/staging/stg_kafka_events.sql [  0.00s]
11:58:52.235097 [debug]: Finished parsing models/staging/stg_pipeline_a_runs.sql [  0.00s]
11:58:52.235354 [debug]: Finished parsing models/staging/stg_pipeline_runs.sql [  0.00s]
11:58:52.237003 [debug]: Finished parsing target\inline_6cd5caee.sql [  0.01s]
11:58:52.396377 [info ]: Finished parsing [  0.20s]
11:58:52.397235 [info ]: Started scheduling
11:58:52.397461 [info ]: Finished scheduling [  0.00s]
11:58:52.402728 [info ]: Started building task graph
11:58:52.402908 [info ]: Finished building task graph [  0.00s]
11:58:52.405769 [info ]: Started rendering (1 nodes)
11:58:52.405881 [info ]: Started model main.inline
11:58:52.405897 [debug]: Started rendering model main.inline
11:58:52.407543 [debug]: Compiled SQL for node model..inline at target\compiled\target\inline_6cd5caee.sql
11:58:52.407804 [debug]: Finished rendering [  0.00s] model main.inline [success]
11:58:52.407975 [info ]: Finished rendering [  0.00s] (1 nodes, 0 skipped, 0 errors)
11:58:52.408233 [info ]: Started analyzing (1 nodes)
11:58:52.408352 [debug]: Started analyzing model main.inline
11:58:52.414516 [warn ]: [SyntaxInvalid (dbt0101)]: no viable alternative at input 'MAX( CASE WHEN event_type = 'PIPELINE_FAILED' THEN 1 ELSE 0 END AS'
  --> target/inline_6cd5caee.sql:1:85 (target\compiled\target\inline_6cd5caee.sql:1:85)
11:58:52.414632 [debug]: Finished analyzing [  0.01s] model main.inline [success]
11:58:52.414844 [info ]: Finished analyzing [  0.01s] (1 nodes, 0 skipped, 0 errors)
11:58:52.415025 [info ]: Started running (1 nodes)
11:58:52.415149 [info ]: Started running model main.inline
11:58:52.416704 [debug]: DuckDB driver resolved: duckdb 1.5.4
11:58:52.432487 [error]: [Generic (dbt1000)]: Internal: Parser Error: syntax error at or near "AS"

LINE 3: ...( CASE WHEN event_type = 'PIPELINE_FAILED' THEN 1 ELSE 0 END AS has_failed , MAX (CASE WHEN event_type = 'PIPELINE_FINISHED...
                                                                        ^ (sqlstate: [0, 0, 0, 0, 0], vendor_code: -2147483648)
11:58:52.432594 [info ]: Finished running [  0.02s] model main.inline [error]
11:58:52.432838 [info ]: Finished running [  0.02s] (1 nodes, 0 skipped, 1 errors)
11:58:52.433048 [info ]:     Failed model main.inline (ephemeral) [1 of 1 in 0.02s]
11:58:52.649981 [info ]: 
==================== Execution Summary =====================
Finished 'show' with 1 warning and 1 error for target 'dev' [465ms]
==================== 2026-09-23T22:22:39.612191Z | 01a0d05d-21e5-7782-8017-5f61e878159c ====================
22:22:39.612666 [info ]: dbt 2.0.6
22:22:39.615865 [info ]: Started loading project
22:22:39.622764 [info ]: Loading profiles.yml
22:22:39.643732 [debug]:    Started loading packages
22:22:39.651841 [debug]:     Loaded [  0.01s] packages
22:22:39.656235 [info ]: Finished loading project [  0.04s]
22:22:39.669848 [info ]: Started parsing
22:22:39.771891 [debug]: Finished parsing models/marts/schema.yml [  0.02s]
22:22:39.772181 [debug]: Finished parsing target\inline_0e8dbb6a.sql [  0.01s]
22:22:39.797260 [debug]: Finished parsing models/sources.yml [  0.01s]
22:22:39.864684 [debug]: Finished parsing models/intermediate/int_kafka_pipeline_runs.sql [  0.02s]
22:22:39.879511 [debug]: Finished parsing models/marts/fct_pipeline_monitoring.sql [  0.01s]
22:22:39.894424 [debug]: Finished parsing models/staging/stg_flow_b_runs.sql [  0.01s]
22:22:39.910981 [debug]: Finished parsing models/staging/stg_kafka_events.sql [  0.02s]
22:22:39.925654 [debug]: Finished parsing models/staging/stg_pipeline_a_runs.sql [  0.01s]
22:22:39.926501 [debug]: Finished parsing models/staging/stg_pipeline_runs.sql [  0.00s]
22:22:40.263917 [info ]: Finished parsing [  0.59s]
22:22:40.265860 [info ]: Started scheduling
22:22:40.266444 [info ]: Finished scheduling [  0.00s]
22:22:40.297546 [info ]: Started building task graph
22:22:40.297962 [info ]: Finished building task graph [  0.00s]
22:22:40.307631 [info ]: Started rendering (1 nodes)
22:22:40.307983 [info ]: Started model main.inline
22:22:40.308044 [debug]: Started rendering model main.inline
22:22:40.312171 [debug]: Compiled SQL for node model..inline at target\compiled\target\inline_0e8dbb6a.sql
22:22:40.312617 [debug]: Finished rendering [  0.00s] model main.inline [success]
22:22:40.313106 [info ]: Finished rendering [  0.01s] (1 nodes, 0 skipped, 0 errors)
22:22:40.313614 [info ]: Started analyzing (1 nodes)
22:22:40.313924 [debug]: Started analyzing model main.inline
22:22:40.323582 [debug]: Finished analyzing [  0.01s] model main.inline [success]
22:22:40.324027 [info ]: Finished analyzing [  0.01s] (1 nodes, 0 skipped, 0 errors)
22:22:40.324487 [info ]: Started running (1 nodes)
22:22:40.324820 [info ]: Started running model main.inline
22:22:40.327726 [debug]: DuckDB driver resolved: duckdb 1.5.4
22:22:40.645395 [error]: [Generic (dbt1000)]: Internal: Catalog Error: Table with name stg_pipeline_a_runs does not exist!
Did you mean "raw_pipeline_a_runs"?

LINE 3:   SELECT * FROM main_raw.stg_pipeline_a_runs
                        ^ (sqlstate: [0, 0, 0, 0, 0], vendor_code: -2147483648)
22:22:40.645662 [info ]: Finished running [  0.32s] model main.inline [error]
22:22:40.646188 [info ]: Finished running [  0.32s] (1 nodes, 0 skipped, 1 errors)
22:22:40.646783 [info ]:     Failed model main.inline (ephemeral) [1 of 1 in 0.33s]
22:22:40.727306 [info ]: 
==================== Execution Summary =====================
Finished 'show' with 1 error for target 'dev' [1.1s]
==================== 2026-09-23T22:22:58.716688Z | 01a0d05d-6c97-7103-a761-93060b3173da ====================
22:22:58.717068 [info ]: dbt 2.0.6
22:22:58.718344 [info ]: Started loading project
22:22:58.724558 [info ]: Loading profiles.yml
22:22:58.733024 [debug]:    Started loading packages
22:22:58.743809 [debug]:     Loaded [  0.01s] packages
22:22:58.749044 [info ]: Finished loading project [  0.03s]
22:22:58.750462 [info ]: Started parsing
22:22:58.819108 [debug]: Finished parsing models/marts/schema.yml [  0.00s]
22:22:58.819725 [debug]: Finished parsing models/sources.yml [  0.00s]
22:22:58.830378 [debug]: Finished parsing models/intermediate/int_kafka_pipeline_runs.sql [  0.00s]
22:22:58.832087 [debug]: Finished parsing models/marts/fct_pipeline_monitoring.sql [  0.00s]
22:22:58.833105 [debug]: Finished parsing models/staging/stg_flow_b_runs.sql [  0.00s]
22:22:58.833985 [debug]: Finished parsing models/staging/stg_kafka_events.sql [  0.00s]
22:22:58.834822 [debug]: Finished parsing models/staging/stg_pipeline_a_runs.sql [  0.00s]
22:22:58.835521 [debug]: Finished parsing models/staging/stg_pipeline_runs.sql [  0.00s]
22:22:58.840935 [debug]: Finished parsing target\inline_2547cf71.sql [  0.02s]
22:22:59.133447 [info ]: Finished parsing [  0.38s]
22:22:59.135662 [info ]: Started scheduling
22:22:59.136305 [info ]: Finished scheduling [  0.00s]
22:22:59.147951 [info ]: Started building task graph
22:22:59.148550 [info ]: Finished building task graph [  0.00s]
22:22:59.154820 [info ]: Started rendering (1 nodes)
22:22:59.155084 [info ]: Started model main.inline
22:22:59.155126 [debug]: Started rendering model main.inline
22:22:59.159518 [debug]: Compiled SQL for node model..inline at target\compiled\target\inline_2547cf71.sql
22:22:59.160271 [debug]: Finished rendering [  0.01s] model main.inline [success]
22:22:59.161715 [info ]: Finished rendering [  0.01s] (1 nodes, 0 skipped, 0 errors)
22:22:59.162228 [info ]: Started analyzing (1 nodes)
22:22:59.162516 [debug]: Started analyzing model main.inline
22:22:59.187093 [debug]: Finished analyzing [  0.02s] model main.inline [success]
22:22:59.187565 [info ]: Finished analyzing [  0.03s] (1 nodes, 0 skipped, 0 errors)
22:22:59.189062 [info ]: Started running (1 nodes)
22:22:59.190019 [info ]: Started running model main.inline
22:22:59.193925 [debug]: DuckDB driver resolved: duckdb 1.5.4
22:22:59.242799 [error]: [Generic (dbt1000)]: Internal: Binder Error: Catalog "main_raw" does not exist! (sqlstate: [0, 0, 0, 0, 0], vendor_code: -2147483648)
22:22:59.243038 [info ]: Finished running [  0.05s] model main.inline [error]
22:22:59.243539 [info ]: Finished running [  0.05s] (1 nodes, 0 skipped, 1 errors)
22:22:59.244513 [info ]:     Failed model main.inline (ephemeral) [1 of 1 in 0.08s]
22:22:59.329131 [info ]: 
==================== Execution Summary =====================
Finished 'show' with 1 error for target 'dev' [612ms]
==================== 2026-09-23T22:23:23.483037Z | 01a0d05d-cd55-7241-8f7f-cd6cca89cf3d ====================
22:23:23.483379 [info ]: dbt 2.0.6
22:23:23.484503 [info ]: Started loading project
22:23:23.491079 [info ]: Loading profiles.yml
22:23:23.499551 [debug]:    Started loading packages
22:23:23.509672 [debug]:     Loaded [  0.01s] packages
22:23:23.513827 [info ]: Finished loading project [  0.03s]
22:23:23.515084 [info ]: Started parsing
22:23:23.586895 [debug]: Finished parsing models/marts/schema.yml [  0.00s]
22:23:23.587487 [debug]: Finished parsing models/sources.yml [  0.00s]
22:23:23.594818 [debug]: Finished parsing models/intermediate/int_kafka_pipeline_runs.sql [  0.00s]
22:23:23.597382 [debug]: Finished parsing models/marts/fct_pipeline_monitoring.sql [  0.00s]
22:23:23.598636 [debug]: Finished parsing models/staging/stg_flow_b_runs.sql [  0.00s]
22:23:23.599809 [debug]: Finished parsing models/staging/stg_kafka_events.sql [  0.00s]
22:23:23.600803 [debug]: Finished parsing models/staging/stg_pipeline_a_runs.sql [  0.00s]
22:23:23.601918 [debug]: Finished parsing models/staging/stg_pipeline_runs.sql [  0.00s]
22:23:23.601955 [debug]: Finished parsing target\inline_00370e5c.sql [  0.02s]
22:23:23.942456 [info ]: Finished parsing [  0.43s]
22:23:23.945041 [info ]: Started scheduling
22:23:23.946632 [info ]: Finished scheduling [  0.00s]
22:23:23.960040 [info ]: Started building task graph
22:23:23.960614 [info ]: Finished building task graph [  0.00s]
22:23:23.966881 [info ]: Started rendering (1 nodes)
22:23:23.967206 [info ]: Started model main.inline
22:23:23.967294 [debug]: Started rendering model main.inline
22:23:23.971711 [debug]: Compiled SQL for node model..inline at target\compiled\target\inline_00370e5c.sql
22:23:23.972607 [debug]: Finished rendering [  0.01s] model main.inline [success]
22:23:23.974905 [info ]: Finished rendering [  0.01s] (1 nodes, 0 skipped, 0 errors)
22:23:23.975712 [info ]: Started analyzing (1 nodes)
22:23:23.975974 [debug]: Started analyzing model main.inline
22:23:23.985019 [debug]: Finished analyzing [  0.01s] model main.inline [success]
22:23:23.985513 [info ]: Finished analyzing [  0.01s] (1 nodes, 0 skipped, 0 errors)
22:23:23.986001 [info ]: Started running (1 nodes)
22:23:23.986256 [info ]: Started running model main.inline
22:23:23.989439 [debug]: DuckDB driver resolved: duckdb 1.5.4
22:23:24.037904 [debug]: Query executed on node unknown:

  
  SELECT * FROM main_raw.raw_pipeline_a_runs
  
  limit 10

22:23:24.041561 [info ]: [34m[1mQuery[0m [1mshow_sql_operation_inline[0m
┌────────────────┬──────────────┬───────────┬─────────────────────┬─────────────────────┬────────┬──────────────┬───────────┬─────────┬──────────────────────────┐
│[1m execution_uuid [0m┆[1m workflow     [0m┆[1m state     [0m┆[1m start_ts            [0m┆[1m end_ts              [0m┆[1m sample [0m┆[1m credits_used [0m┆[1m row_count [0m┆[1m env     [0m┆[1m err_msg                  [0m│
╞════════════════╪══════════════╪═══════════╪═════════════════════╪═════════════════════╪════════╪══════════════╪═══════════╪═════════╪══════════════════════════╡
│ A-1001         ┆ WGS_GERMLINE ┆ COMPLETED ┆ 2026-09-20T08:00:00 ┆ 2026-09-20T08:42:10 ┆ S001   ┆ 1.84         ┆ 1843321   ┆ prod    ┆                          │
│ A-1002         ┆ WGS_GERMLINE ┆ FAILED    ┆ 2026-09-20T09:10:00 ┆ 2026-09-20T09:24:35 ┆ S002   ┆ 0.71         ┆ 523004    ┆ prod    ┆ Alignment process exited │
│                ┆              ┆           ┆                     ┆                     ┆        ┆              ┆           ┆         ┆ with code 1              │
│ A-1003         ┆ WGS_GERMLINE ┆ RUNNING   ┆ 2026-09-20T10:05:00 ┆                     ┆ S003   ┆ 0.93         ┆ 821550    ┆ prod    ┆                          │
│ A-1004         ┆ RNA_SEQ      ┆ SUCCEEDED ┆ 2026-09-20T11:00:00 ┆ 2026-09-20T11:18:20 ┆ S004   ┆ 0.62         ┆ 934441    ┆ staging ┆                          │
└────────────────┴──────────────┴───────────┴─────────────────────┴─────────────────────┴────────┴──────────────┴───────────┴─────────┴──────────────────────────┘
4 rows.
22:23:24.042597 [info ]: Finished running [  0.06s] model main.inline [success]
22:23:24.043029 [info ]: Finished running [  0.06s] (1 nodes, 0 skipped, 0 errors)
22:23:24.043662 [info ]:  Succeeded model main.inline (ephemeral) [1 of 1 in 0.07s]
22:23:24.166881 [info ]: 
==================== Execution Summary =====================
Finished 'show' successfully for target 'dev' [683ms]
==================== 2026-09-23T22:23:58.983713Z | 01a0d05e-5801-7171-952e-07d497185310 ====================
22:23:58.984117 [info ]: dbt 2.0.6
22:23:58.985249 [info ]: Started loading project
22:23:58.991740 [info ]: Loading profiles.yml
22:23:59.000137 [debug]:    Started loading packages
22:23:59.012530 [debug]:     Loaded [  0.01s] packages
22:23:59.071900 [info ]: Finished loading project [  0.09s]
22:23:59.089725 [info ]: Started parsing
22:23:59.213113 [debug]: Finished parsing models/marts/schema.yml [  0.00s]
22:23:59.213735 [debug]: Finished parsing models/sources.yml [  0.00s]
22:23:59.220842 [debug]: Finished parsing models/intermediate/int_kafka_pipeline_runs.sql [  0.00s]
22:23:59.221788 [debug]: Finished parsing models/marts/fct_pipeline_monitoring.sql [  0.00s]
22:23:59.222582 [debug]: Finished parsing models/staging/stg_flow_b_runs.sql [  0.00s]
22:23:59.223444 [debug]: Finished parsing models/staging/stg_kafka_events.sql [  0.00s]
22:23:59.224252 [debug]: Finished parsing models/staging/stg_pipeline_a_runs.sql [  0.00s]
22:23:59.225041 [debug]: Finished parsing models/staging/stg_pipeline_runs.sql [  0.00s]
22:23:59.231057 [debug]: Finished parsing target\inline_a941baac.sql [  0.02s]
22:23:59.533763 [info ]: Finished parsing [  0.44s]
22:23:59.536083 [info ]: Started scheduling
22:23:59.536664 [info ]: Finished scheduling [  0.00s]
22:23:59.547408 [info ]: Started building task graph
22:23:59.547774 [info ]: Finished building task graph [  0.00s]
22:23:59.555251 [info ]: Started rendering (1 nodes)
22:23:59.556024 [info ]: Started model main.inline
22:23:59.556091 [debug]: Started rendering model main.inline
22:23:59.560670 [debug]: Compiled SQL for node model..inline at target\compiled\target\inline_a941baac.sql
22:23:59.561223 [debug]: Finished rendering [  0.01s] model main.inline [success]
22:23:59.562326 [info ]: Finished rendering [  0.01s] (1 nodes, 0 skipped, 0 errors)
22:23:59.562632 [info ]: Started analyzing (1 nodes)
22:23:59.562846 [debug]: Started analyzing model main.inline
22:23:59.577499 [debug]: Finished analyzing [  0.01s] model main.inline [success]
22:23:59.578026 [info ]: Finished analyzing [  0.02s] (1 nodes, 0 skipped, 0 errors)
22:23:59.578545 [info ]: Started running (1 nodes)
22:23:59.578829 [info ]: Started running model main.inline
22:23:59.582505 [debug]: DuckDB driver resolved: duckdb 1.5.4
22:23:59.653966 [debug]: Query executed on node unknown:

  
  SELECT DISTINCT(execution_uuid) FROM main_raw.raw_pipeline_a_runs
  
  limit 10

22:23:59.655427 [info ]: [34m[1mQuery[0m [1mshow_sql_operation_inline[0m
┌────────────────┐
│[1m execution_uuid [0m│
╞════════════════╡
│ A-1001         │
│ A-1002         │
│ A-1003         │
│ A-1004         │
└────────────────┘
4 rows.
22:23:59.656544 [info ]: Finished running [  0.08s] model main.inline [success]
22:23:59.656901 [info ]: Finished running [  0.08s] (1 nodes, 0 skipped, 0 errors)
22:23:59.657501 [info ]:  Succeeded model main.inline (ephemeral) [1 of 1 in 0.10s]
22:23:59.739049 [info ]: 
==================== Execution Summary =====================
Finished 'show' successfully for target 'dev' [755ms]
==================== 2026-09-23T22:24:25.714080Z | 01a0d05e-c06c-7251-b0f3-3847bffc2e86 ====================
22:24:25.714474 [info ]: dbt 2.0.6
22:24:25.715645 [info ]: Started loading project
22:24:25.722066 [info ]: Loading profiles.yml
22:24:25.730567 [debug]:    Started loading packages
22:24:25.740289 [debug]:     Loaded [  0.01s] packages
22:24:25.744715 [info ]: Finished loading project [  0.03s]
22:24:25.746409 [info ]: Started parsing
22:24:25.821089 [debug]: Finished parsing models/marts/schema.yml [  0.00s]
22:24:25.821779 [debug]: Finished parsing models/sources.yml [  0.00s]
22:24:25.829698 [debug]: Finished parsing models/intermediate/int_kafka_pipeline_runs.sql [  0.00s]
22:24:25.830623 [debug]: Finished parsing models/marts/fct_pipeline_monitoring.sql [  0.00s]
22:24:25.831345 [debug]: Finished parsing models/staging/stg_flow_b_runs.sql [  0.00s]
22:24:25.832041 [debug]: Finished parsing models/staging/stg_kafka_events.sql [  0.00s]
22:24:25.832997 [debug]: Finished parsing models/staging/stg_pipeline_a_runs.sql [  0.00s]
22:24:25.833928 [debug]: Finished parsing models/staging/stg_pipeline_runs.sql [  0.00s]
22:24:25.838544 [debug]: Finished parsing target\inline_d27a4ddd.sql [  0.02s]
22:24:26.221097 [info ]: Finished parsing [  0.47s]
22:24:26.223593 [info ]: Started scheduling
22:24:26.224238 [info ]: Finished scheduling [  0.00s]
22:24:26.236514 [info ]: Started building task graph
22:24:26.237087 [info ]: Finished building task graph [  0.00s]
22:24:26.246957 [info ]: Started rendering (1 nodes)
22:24:26.247447 [info ]: Started model main.inline
22:24:26.247545 [debug]: Started rendering model main.inline
22:24:26.252030 [debug]: Compiled SQL for node model..inline at target\compiled\target\inline_d27a4ddd.sql
22:24:26.252439 [debug]: Finished rendering [  0.00s] model main.inline [success]
22:24:26.252962 [info ]: Finished rendering [  0.01s] (1 nodes, 0 skipped, 0 errors)
22:24:26.253468 [info ]: Started analyzing (1 nodes)
22:24:26.253754 [debug]: Started analyzing model main.inline
22:24:26.275736 [debug]: Finished analyzing [  0.02s] model main.inline [success]
22:24:26.276355 [info ]: Finished analyzing [  0.02s] (1 nodes, 0 skipped, 0 errors)
22:24:26.276902 [info ]: Started running (1 nodes)
22:24:26.277179 [info ]: Started running model main.inline
22:24:26.280997 [debug]: DuckDB driver resolved: duckdb 1.5.4
22:24:26.351504 [error]: [Generic (dbt1000)]: Internal: Binder Error: column "execution_uuid" must appear in the GROUP BY clause or must be part of an aggregate function.
Either add it to the GROUP BY list, or use "ANY_VALUE(execution_uuid)" if the exact value of "execution_uuid" is not important.

LINE 3:   SELECT DISTINCT(execution_uuid),COUNT() FROM main_raw.raw_pipeline_a_runs
                          ^ (sqlstate: [0, 0, 0, 0, 0], vendor_code: -2147483648)
22:24:26.351860 [info ]: Finished running [  0.07s] model main.inline [error]
22:24:26.352434 [info ]: Finished running [  0.08s] (1 nodes, 0 skipped, 1 errors)
22:24:26.353030 [info ]:     Failed model main.inline (ephemeral) [1 of 1 in 0.10s]
22:24:27.425699 [info ]: 
==================== Execution Summary =====================
Finished 'show' with 1 error for target 'dev' [1.7s]
==================== 2026-09-23T22:24:44.416295Z | 01a0d05f-097a-78d2-8d8e-3668565a46ae ====================
22:24:44.416642 [info ]: dbt 2.0.6
22:24:44.417682 [info ]: Started loading project
22:24:44.423441 [info ]: Loading profiles.yml
22:24:44.431623 [debug]:    Started loading packages
22:24:44.442329 [debug]:     Loaded [  0.01s] packages
22:24:44.448310 [info ]: Finished loading project [  0.03s]
22:24:44.450125 [info ]: Started parsing
22:24:44.527881 [debug]: Finished parsing models/marts/schema.yml [  0.00s]
22:24:44.528600 [debug]: Finished parsing models/sources.yml [  0.00s]
22:24:44.545044 [debug]: Finished parsing models/intermediate/int_kafka_pipeline_runs.sql [  0.01s]
22:24:44.546454 [debug]: Finished parsing models/marts/fct_pipeline_monitoring.sql [  0.00s]
22:24:44.547484 [debug]: Finished parsing models/staging/stg_flow_b_runs.sql [  0.00s]
22:24:44.548407 [debug]: Finished parsing models/staging/stg_kafka_events.sql [  0.00s]
22:24:44.549442 [debug]: Finished parsing models/staging/stg_pipeline_a_runs.sql [  0.00s]
22:24:44.550245 [debug]: Finished parsing models/staging/stg_pipeline_runs.sql [  0.00s]
22:24:44.554873 [debug]: Finished parsing target\inline_60eaa0c8.sql [  0.02s]
22:24:44.855068 [info ]: Finished parsing [  0.40s]
22:24:44.857319 [info ]: Started scheduling
22:24:44.858038 [info ]: Finished scheduling [  0.00s]
22:24:44.876543 [info ]: Started building task graph
22:24:44.877047 [info ]: Finished building task graph [  0.00s]
22:24:44.883710 [info ]: Started rendering (1 nodes)
22:24:44.883994 [info ]: Started model main.inline
22:24:44.884029 [debug]: Started rendering model main.inline
22:24:44.887950 [debug]: Compiled SQL for node model..inline at target\compiled\target\inline_60eaa0c8.sql
22:24:44.890336 [debug]: Finished rendering [  0.01s] model main.inline [success]
22:24:44.890765 [info ]: Finished rendering [  0.01s] (1 nodes, 0 skipped, 0 errors)
22:24:44.891275 [info ]: Started analyzing (1 nodes)
22:24:44.891508 [debug]: Started analyzing model main.inline
22:24:44.904104 [debug]: Finished analyzing [  0.01s] model main.inline [success]
22:24:44.904501 [info ]: Finished analyzing [  0.01s] (1 nodes, 0 skipped, 0 errors)
22:24:44.905289 [info ]: Started running (1 nodes)
22:24:44.905710 [info ]: Started running model main.inline
22:24:44.909005 [debug]: DuckDB driver resolved: duckdb 1.5.4
22:24:44.968282 [debug]: Query executed on node unknown:

  
  SELECT COUNT(execution_uuid) FROM main_raw.raw_pipeline_a_runs
  
  limit 10

22:24:44.969336 [info ]: [34m[1mQuery[0m [1mshow_sql_operation_inline[0m
┌───────────────────────┐
│[1m count(execution_uuid) [0m│
╞═══════════════════════╡
│ 4                     │
└───────────────────────┘
1 rows.
22:24:44.970179 [info ]: Finished running [  0.06s] model main.inline [success]
22:24:44.970599 [info ]: Finished running [  0.07s] (1 nodes, 0 skipped, 0 errors)
22:24:44.971143 [info ]:  Succeeded model main.inline (ephemeral) [1 of 1 in 0.08s]
22:24:45.045614 [info ]: 
==================== Execution Summary =====================
Finished 'show' successfully for target 'dev' [629ms]
==================== 2026-09-23T22:25:18.814952Z | 01a0d05f-8fd9-75c3-a2aa-f9aaaa296dd6 ====================
22:25:18.815356 [info ]: dbt 2.0.6
22:25:18.816526 [info ]: Started loading project
22:25:18.823237 [info ]: Loading profiles.yml
22:25:18.832538 [debug]:    Started loading packages
22:25:18.843119 [debug]:     Loaded [  0.01s] packages
22:25:18.859841 [info ]: Finished loading project [  0.04s]
22:25:18.861641 [info ]: Started parsing
22:25:18.945243 [debug]: Finished parsing models/marts/schema.yml [  0.00s]
22:25:18.945845 [debug]: Finished parsing models/sources.yml [  0.00s]
22:25:18.954575 [debug]: Finished parsing models/intermediate/int_kafka_pipeline_runs.sql [  0.00s]
22:25:18.955783 [debug]: Finished parsing models/marts/fct_pipeline_monitoring.sql [  0.00s]
22:25:18.956756 [debug]: Finished parsing models/staging/stg_flow_b_runs.sql [  0.00s]
22:25:18.957669 [debug]: Finished parsing models/staging/stg_kafka_events.sql [  0.00s]
22:25:18.958613 [debug]: Finished parsing models/staging/stg_pipeline_a_runs.sql [  0.00s]
22:25:18.959310 [debug]: Finished parsing models/staging/stg_pipeline_runs.sql [  0.00s]
22:25:18.961959 [debug]: Finished parsing target\inline_277d65c6.sql [  0.02s]
22:25:19.289873 [info ]: Finished parsing [  0.43s]
22:25:19.292396 [info ]: Started scheduling
22:25:19.293088 [info ]: Finished scheduling [  0.00s]
22:25:19.304648 [info ]: Started building task graph
22:25:19.305078 [info ]: Finished building task graph [  0.00s]
22:25:19.312643 [info ]: Started rendering (1 nodes)
22:25:19.312903 [info ]: Started model main.inline
22:25:19.312939 [debug]: Started rendering model main.inline
22:25:19.318569 [debug]: Compiled SQL for node model..inline at target\compiled\target\inline_277d65c6.sql
22:25:19.319080 [debug]: Finished rendering [  0.01s] model main.inline [success]
22:25:19.319616 [info ]: Finished rendering [  0.01s] (1 nodes, 0 skipped, 0 errors)
22:25:19.320080 [info ]: Started analyzing (1 nodes)
22:25:19.320337 [debug]: Started analyzing model main.inline
22:25:19.336037 [debug]: Finished analyzing [  0.02s] model main.inline [success]
22:25:19.336882 [info ]: Finished analyzing [  0.02s] (1 nodes, 0 skipped, 0 errors)
22:25:19.337286 [info ]: Started running (1 nodes)
22:25:19.337598 [info ]: Started running model main.inline
22:25:19.342074 [debug]: DuckDB driver resolved: duckdb 1.5.4
22:25:19.405804 [debug]: Query executed on node unknown:

  
  SELECT COUNT(execution_uuid) AS total_rows, execution_uuid FROM main_raw.raw_pipeline_a_runs GROUP BY execution_uuid
  
  limit 10

22:25:19.406956 [info ]: [34m[1mQuery[0m [1mshow_sql_operation_inline[0m
┌────────────┬────────────────┐
│[1m total_rows [0m┆[1m execution_uuid [0m│
╞════════════╪════════════════╡
│ 1          ┆ A-1001         │
│ 1          ┆ A-1002         │
│ 1          ┆ A-1003         │
│ 1          ┆ A-1004         │
└────────────┴────────────────┘
4 rows.
22:25:19.407880 [info ]: Finished running [  0.07s] model main.inline [success]
22:25:19.408345 [info ]: Finished running [  0.07s] (1 nodes, 0 skipped, 0 errors)
22:25:19.408986 [info ]:  Succeeded model main.inline (ephemeral) [1 of 1 in 0.09s]
22:25:19.481346 [info ]: 
==================== Execution Summary =====================
Finished 'show' successfully for target 'dev' [666ms]
==================== 2026-09-23T22:25:37.077468Z | 01a0d05f-d72f-71a3-b8fb-09630c462ec7 ====================
22:25:37.077833 [info ]: dbt 2.0.6
22:25:37.079266 [info ]: Started loading project
22:25:37.085871 [info ]: Loading profiles.yml
22:25:37.092814 [debug]:    Started loading packages
22:25:37.103767 [debug]:     Loaded [  0.01s] packages
22:25:37.109851 [info ]: Finished loading project [  0.03s]
22:25:37.111260 [info ]: Started parsing
22:25:37.253756 [debug]: Finished parsing models/marts/schema.yml [  0.00s]
22:25:37.254435 [debug]: Finished parsing models/sources.yml [  0.00s]
22:25:37.283687 [debug]: Finished parsing target\inline_01e9f5e1.sql [  0.03s]
22:25:37.283746 [debug]: Finished parsing models/intermediate/int_kafka_pipeline_runs.sql [  0.02s]
22:25:37.285209 [debug]: Finished parsing models/marts/fct_pipeline_monitoring.sql [  0.00s]
22:25:37.286224 [debug]: Finished parsing models/staging/stg_flow_b_runs.sql [  0.00s]
22:25:37.287169 [debug]: Finished parsing models/staging/stg_kafka_events.sql [  0.00s]
22:25:37.288273 [debug]: Finished parsing models/staging/stg_pipeline_a_runs.sql [  0.00s]
22:25:37.289068 [debug]: Finished parsing models/staging/stg_pipeline_runs.sql [  0.00s]
22:25:37.637781 [info ]: Finished parsing [  0.53s]
22:25:37.640469 [info ]: Started scheduling
22:25:37.641008 [info ]: Finished scheduling [  0.00s]
22:25:37.652161 [info ]: Started building task graph
22:25:37.652729 [info ]: Finished building task graph [  0.00s]
22:25:37.661690 [info ]: Started rendering (1 nodes)
22:25:37.662072 [info ]: Started model main.inline
22:25:37.662108 [debug]: Started rendering model main.inline
22:25:37.666087 [debug]: Compiled SQL for node model..inline at target\compiled\target\inline_01e9f5e1.sql
22:25:37.666484 [debug]: Finished rendering [  0.00s] model main.inline [success]
22:25:37.667131 [info ]: Finished rendering [  0.01s] (1 nodes, 0 skipped, 0 errors)
22:25:37.667556 [info ]: Started analyzing (1 nodes)
22:25:37.667762 [debug]: Started analyzing model main.inline
22:25:37.682425 [debug]: Finished analyzing [  0.01s] model main.inline [success]
22:25:37.682918 [info ]: Finished analyzing [  0.02s] (1 nodes, 0 skipped, 0 errors)
22:25:37.683393 [info ]: Started running (1 nodes)
22:25:37.683738 [info ]: Started running model main.inline
22:25:37.687012 [debug]: DuckDB driver resolved: duckdb 1.5.4
22:25:37.725165 [error]: [Generic (dbt1000)]: Internal: Binder Error: column "execution_uuid" must appear in the GROUP BY clause or must be part of an aggregate function.
Either add it to the GROUP BY list, or use "ANY_VALUE(execution_uuid)" if the exact value of "execution_uuid" is not important.

LINE 3:   SELECT COUNT(execution_uuid) AS total_rows, execution_uuid FROM main_raw.raw_pipeline_a_runs
                                                      ^ (sqlstate: [0, 0, 0, 0, 0], vendor_code: -2147483648)
22:25:37.725401 [info ]: Finished running [  0.04s] model main.inline [error]
22:25:37.725845 [info ]: Finished running [  0.04s] (1 nodes, 0 skipped, 1 errors)
22:25:37.726249 [info ]:     Failed model main.inline (ephemeral) [1 of 1 in 0.06s]
22:25:37.802314 [info ]: 
==================== Execution Summary =====================
Finished 'show' with 1 error for target 'dev' [724ms]
==================== 2026-09-23T22:27:36.765277Z | 01a0d061-aab8-7262-b6ec-420b8e6c6b34 ====================
22:27:36.765620 [info ]: dbt 2.0.6
22:27:36.766706 [info ]: Started loading project
22:27:36.772903 [info ]: Loading profiles.yml
22:27:36.780721 [debug]:    Started loading packages
22:27:36.790718 [debug]:     Loaded [  0.01s] packages
22:27:36.795663 [info ]: Finished loading project [  0.03s]
22:27:36.797047 [info ]: Started parsing
22:27:36.882608 [debug]: Finished parsing models/marts/schema.yml [  0.00s]
22:27:36.883274 [debug]: Finished parsing models/sources.yml [  0.00s]
22:27:36.899440 [debug]: Finished parsing models/intermediate/int_kafka_pipeline_runs.sql [  0.01s]
22:27:36.901066 [debug]: Finished parsing models/marts/fct_pipeline_monitoring.sql [  0.00s]
22:27:36.902067 [debug]: Finished parsing models/staging/stg_flow_b_runs.sql [  0.00s]
22:27:36.902973 [debug]: Finished parsing models/staging/stg_kafka_events.sql [  0.00s]
22:27:36.903801 [debug]: Finished parsing target\inline_6fca7be8.sql [  0.02s]
22:27:36.903966 [debug]: Finished parsing models/staging/stg_pipeline_a_runs.sql [  0.00s]
22:27:36.904929 [debug]: Finished parsing models/staging/stg_pipeline_runs.sql [  0.00s]
22:27:37.220643 [info ]: Finished parsing [  0.42s]
22:27:37.223679 [info ]: Started scheduling
22:27:37.224283 [info ]: Finished scheduling [  0.00s]
22:27:37.236018 [info ]: Started building task graph
22:27:37.236497 [info ]: Finished building task graph [  0.00s]
22:27:37.246267 [info ]: Started rendering (1 nodes)
22:27:37.246634 [info ]: Started model main.inline
22:27:37.246677 [debug]: Started rendering model main.inline
22:27:37.250955 [debug]: Compiled SQL for node model..inline at target\compiled\target\inline_6fca7be8.sql
22:27:37.251634 [debug]: Finished rendering [  0.00s] model main.inline [success]
22:27:37.254309 [info ]: Finished rendering [  0.01s] (1 nodes, 0 skipped, 0 errors)
22:27:37.256684 [info ]: Started analyzing (1 nodes)
22:27:37.257094 [debug]: Started analyzing model main.inline
22:27:37.277107 [debug]: Finished analyzing [  0.02s] model main.inline [success]
22:27:37.277595 [info ]: Finished analyzing [  0.02s] (1 nodes, 0 skipped, 0 errors)
22:27:37.278227 [info ]: Started running (1 nodes)
22:27:37.278532 [info ]: Started running model main.inline
22:27:37.282593 [debug]: DuckDB driver resolved: duckdb 1.5.4
22:27:37.350612 [debug]: Query executed on node unknown:

  
  SELECT COUNT(execution_uuid) AS total_rows, COUNT(DISTINCT(execution_uuid)) AS unique_execution_ids  FROM main_raw.raw_pipeline_a_runs
  
  limit 10

22:27:37.352080 [info ]: [34m[1mQuery[0m [1mshow_sql_operation_inline[0m
┌────────────┬──────────────────────┐
│[1m total_rows [0m┆[1m unique_execution_ids [0m│
╞════════════╪══════════════════════╡
│ 4          ┆ 4                    │
└────────────┴──────────────────────┘
1 rows.
22:27:37.352519 [info ]: Finished running [  0.07s] model main.inline [success]
22:27:37.352881 [info ]: Finished running [  0.07s] (1 nodes, 0 skipped, 0 errors)
22:27:37.353282 [info ]:  Succeeded model main.inline (ephemeral) [1 of 1 in 0.10s]
22:27:37.464071 [info ]: 
==================== Execution Summary =====================
Finished 'show' successfully for target 'dev' [698ms]
==================== 2026-09-23T22:28:53.092482Z | 01a0d062-d4de-72d2-8362-758d423e2bf6 ====================
22:28:53.092839 [info ]: dbt 2.0.6
22:28:53.093961 [info ]: Started loading project
22:28:53.100943 [info ]: Loading profiles.yml
22:28:53.111660 [debug]:    Started loading packages
22:28:53.120688 [debug]:     Loaded [  0.01s] packages
22:28:53.127214 [info ]: Finished loading project [  0.03s]
22:28:53.128873 [info ]: Started parsing
22:28:53.207866 [debug]: Finished parsing models/marts/schema.yml [  0.01s]
22:28:53.208542 [debug]: Finished parsing models/sources.yml [  0.00s]
22:28:53.216073 [debug]: Finished parsing models/intermediate/int_kafka_pipeline_runs.sql [  0.00s]
22:28:53.217271 [debug]: Finished parsing models/marts/fct_pipeline_monitoring.sql [  0.00s]
22:28:53.218165 [debug]: Finished parsing models/staging/stg_flow_b_runs.sql [  0.00s]
22:28:53.219013 [debug]: Finished parsing models/staging/stg_kafka_events.sql [  0.00s]
22:28:53.219957 [debug]: Finished parsing models/staging/stg_pipeline_a_runs.sql [  0.00s]
22:28:53.220864 [debug]: Finished parsing models/staging/stg_pipeline_runs.sql [  0.00s]
22:28:53.222978 [debug]: Finished parsing target\inline_bfd6c342.sql [  0.02s]
22:28:53.528905 [info ]: Finished parsing [  0.40s]
22:28:53.531089 [info ]: Started scheduling
22:28:53.531594 [info ]: Finished scheduling [  0.00s]
22:28:53.544154 [info ]: Started building task graph
22:28:53.544592 [info ]: Finished building task graph [  0.00s]
22:28:53.551417 [info ]: Started rendering (1 nodes)
22:28:53.551694 [info ]: Started model main.inline
22:28:53.551731 [debug]: Started rendering model main.inline
22:28:53.555658 [debug]: Compiled SQL for node model..inline at target\compiled\target\inline_bfd6c342.sql
22:28:53.556082 [debug]: Finished rendering [  0.00s] model main.inline [success]
22:28:53.556788 [info ]: Finished rendering [  0.01s] (1 nodes, 0 skipped, 0 errors)
22:28:53.558125 [info ]: Started analyzing (1 nodes)
22:28:53.558412 [debug]: Started analyzing model main.inline
22:28:53.581021 [warn ]: [SyntaxInvalid (dbt0101)]: no viable alternative at input 'CASE WHEN unique_execution_ids !=0 then 1 else 0 AS'
  --> target/inline_bfd6c342.sql:1:151 (target\compiled\target\inline_bfd6c342.sql:1:151)
22:28:53.581265 [debug]: Finished analyzing [  0.02s] model main.inline [success]
22:28:53.581809 [info ]: Finished analyzing [  0.02s] (1 nodes, 0 skipped, 0 errors)
22:28:53.582438 [info ]: Started running (1 nodes)
22:28:53.582695 [info ]: Started running model main.inline
22:28:53.585673 [debug]: DuckDB driver resolved: duckdb 1.5.4
22:28:53.628949 [error]: [Generic (dbt1000)]: Internal: Parser Error: syntax error at or near "AS"

LINE 3: ...tion_ids, CASE WHEN unique_execution_ids !=0 then 1 else 0 AS null_execution_ids   FROM main_raw.raw_pipeline_a_runs
                                                                      ^ (sqlstate: [0, 0, 0, 0, 0], vendor_code: -2147483648)
22:28:53.629177 [info ]: Finished running [  0.05s] model main.inline [error]
22:28:53.629813 [info ]: Finished running [  0.05s] (1 nodes, 0 skipped, 1 errors)
22:28:53.630305 [info ]:     Failed model main.inline (ephemeral) [1 of 1 in 0.07s]
22:28:53.734240 [info ]: 
==================== Execution Summary =====================
Finished 'show' with 1 warning and 1 error for target 'dev' [641ms]
==================== 2026-09-23T22:31:57.158840Z | 01a0d065-a3e0-79f1-a178-f142e8bf87ac ====================
22:31:57.159266 [info ]: dbt 2.0.6
22:31:57.160490 [info ]: Started loading project
22:31:57.166702 [info ]: Loading profiles.yml
22:31:57.175042 [debug]:    Started loading packages
22:31:57.183764 [debug]:     Loaded [  0.01s] packages
22:31:57.188078 [info ]: Finished loading project [  0.03s]
22:31:57.189487 [info ]: Started parsing
22:31:57.264390 [debug]: Finished parsing models/marts/schema.yml [  0.00s]
22:31:57.265168 [debug]: Finished parsing models/sources.yml [  0.00s]
22:31:57.273122 [debug]: Finished parsing models/intermediate/int_kafka_pipeline_runs.sql [  0.00s]
22:31:57.276111 [debug]: Finished parsing models/marts/fct_pipeline_monitoring.sql [  0.00s]
22:31:57.277436 [debug]: Finished parsing models/staging/stg_flow_b_runs.sql [  0.00s]
22:31:57.278481 [debug]: Finished parsing models/staging/stg_kafka_events.sql [  0.00s]
22:31:57.279382 [debug]: Finished parsing models/staging/stg_pipeline_a_runs.sql [  0.00s]
22:31:57.280229 [debug]: Finished parsing models/staging/stg_pipeline_runs.sql [  0.00s]
22:31:57.285609 [debug]: Finished parsing target\inline_6fc982e9.sql [  0.02s]
22:31:57.585336 [info ]: Finished parsing [  0.40s]
22:31:57.587877 [info ]: Started scheduling
22:31:57.588306 [info ]: Finished scheduling [  0.00s]
22:31:57.600316 [info ]: Started building task graph
22:31:57.600820 [info ]: Finished building task graph [  0.00s]
22:31:57.608511 [info ]: Started rendering (1 nodes)
22:31:57.608851 [info ]: Started model main.inline
22:31:57.608908 [debug]: Started rendering model main.inline
22:31:57.613288 [debug]: Compiled SQL for node model..inline at target\compiled\target\inline_6fc982e9.sql
22:31:57.614017 [debug]: Finished rendering [  0.01s] model main.inline [success]
22:31:57.614499 [info ]: Finished rendering [  0.01s] (1 nodes, 0 skipped, 0 errors)
22:31:57.614986 [info ]: Started analyzing (1 nodes)
22:31:57.615145 [debug]: Started analyzing model main.inline
22:31:57.658706 [debug]: Finished analyzing [  0.04s] model main.inline [success]
22:31:57.659219 [info ]: Finished analyzing [  0.04s] (1 nodes, 0 skipped, 0 errors)
22:31:57.659896 [info ]: Started running (1 nodes)
22:31:57.660138 [info ]: Started running model main.inline
22:31:57.663181 [debug]: DuckDB driver resolved: duckdb 1.5.4
22:31:57.712998 [debug]: Query executed on node unknown:

  
  SELECT COUNT(execution_uuid) AS total_rows, COUNT(DISTINCT(execution_uuid)) AS unique_execution_ids, (CASE WHEN COUNT(*) IS NULL THEN 1 ELSE 0 END) AS null_count FROM main_raw.raw_pipeline_a_runs
  
  limit 10

22:31:57.714614 [info ]: [34m[1mQuery[0m [1mshow_sql_operation_inline[0m
┌────────────┬──────────────────────┬────────────┐
│[1m total_rows [0m┆[1m unique_execution_ids [0m┆[1m null_count [0m│
╞════════════╪══════════════════════╪════════════╡
│ 4          ┆ 4                    ┆ 0          │
└────────────┴──────────────────────┴────────────┘
1 rows.
22:31:57.715147 [info ]: Finished running [  0.06s] model main.inline [success]
22:31:57.715616 [info ]: Finished running [  0.06s] (1 nodes, 0 skipped, 0 errors)
22:31:57.716298 [info ]:  Succeeded model main.inline (ephemeral) [1 of 1 in 0.10s]
22:31:57.791284 [info ]: 
==================== Execution Summary =====================
Finished 'show' successfully for target 'dev' [632ms]
==================== 2026-09-23T22:32:17.143020Z | 01a0d065-f1f1-70a2-a740-92729b67d4bc ====================
22:32:17.143401 [info ]: dbt 2.0.6
22:32:17.144527 [info ]: Started loading project
22:32:17.151123 [info ]: Loading profiles.yml
22:32:17.160500 [debug]:    Started loading packages
22:32:17.168821 [debug]:     Loaded [  0.01s] packages
22:32:17.175720 [info ]: Finished loading project [  0.03s]
22:32:17.178379 [info ]: Started parsing
22:32:17.260154 [debug]: Finished parsing models/marts/schema.yml [  0.00s]
22:32:17.266723 [debug]: Finished parsing models/sources.yml [  0.01s]
22:32:17.278111 [debug]: Finished parsing models/intermediate/int_kafka_pipeline_runs.sql [  0.00s]
22:32:17.279367 [debug]: Finished parsing models/marts/fct_pipeline_monitoring.sql [  0.00s]
22:32:17.280224 [debug]: Finished parsing models/staging/stg_flow_b_runs.sql [  0.00s]
22:32:17.281051 [debug]: Finished parsing models/staging/stg_kafka_events.sql [  0.00s]
22:32:17.281901 [debug]: Finished parsing models/staging/stg_pipeline_a_runs.sql [  0.00s]
22:32:17.282602 [debug]: Finished parsing models/staging/stg_pipeline_runs.sql [  0.00s]
22:32:17.283865 [debug]: Finished parsing target\inline_4598eac2.sql [  0.02s]
22:32:17.589720 [info ]: Finished parsing [  0.41s]
22:32:17.592087 [info ]: Started scheduling
22:32:17.592656 [info ]: Finished scheduling [  0.00s]
22:32:17.604555 [info ]: Started building task graph
22:32:17.605049 [info ]: Finished building task graph [  0.00s]
22:32:17.614111 [info ]: Started rendering (1 nodes)
22:32:17.614493 [info ]: Started model main.inline
22:32:17.614538 [debug]: Started rendering model main.inline
22:32:17.620709 [debug]: Compiled SQL for node model..inline at target\compiled\target\inline_4598eac2.sql
22:32:17.621739 [debug]: Finished rendering [  0.01s] model main.inline [success]
22:32:17.622108 [info ]: Finished rendering [  0.01s] (1 nodes, 0 skipped, 0 errors)
22:32:17.622384 [info ]: Started analyzing (1 nodes)
22:32:17.622545 [debug]: Started analyzing model main.inline
22:32:17.649712 [debug]: Finished analyzing [  0.03s] model main.inline [success]
22:32:17.650165 [info ]: Finished analyzing [  0.03s] (1 nodes, 0 skipped, 0 errors)
22:32:17.650525 [info ]: Started running (1 nodes)
22:32:17.650772 [info ]: Started running model main.inline
22:32:17.653731 [debug]: DuckDB driver resolved: duckdb 1.5.4
22:32:17.696308 [debug]: Query executed on node unknown:

  
  SELECT COUNT(execution_uuid) AS total_rows, COUNT(DISTINCT(execution_uuid)) AS unique_execution_ids, (CASE WHEN COUNT(*) IS NULL THEN 1 ELSE 0 END) AS null_execution_ids FROM main_raw.raw_pipeline_a_runs
  
  limit 10

22:32:17.697674 [info ]: [34m[1mQuery[0m [1mshow_sql_operation_inline[0m
┌────────────┬──────────────────────┬────────────────────┐
│[1m total_rows [0m┆[1m unique_execution_ids [0m┆[1m null_execution_ids [0m│
╞════════════╪══════════════════════╪════════════════════╡
│ 4          ┆ 4                    ┆ 0                  │
└────────────┴──────────────────────┴────────────────────┘
1 rows.
22:32:17.698456 [info ]: Finished running [  0.05s] model main.inline [success]
22:32:17.698928 [info ]: Finished running [  0.05s] (1 nodes, 0 skipped, 0 errors)
22:32:17.699540 [info ]:  Succeeded model main.inline (ephemeral) [1 of 1 in 0.08s]
22:32:17.775538 [info ]: 
==================== Execution Summary =====================
Finished 'show' successfully for target 'dev' [632ms]
==================== 2026-09-23T22:36:07.522019Z | 01a0d069-75db-7140-928e-f60868d9492c ====================
22:36:07.522397 [info ]: dbt 2.0.6
22:36:07.523526 [info ]: Started loading project
22:36:07.530384 [info ]: Loading profiles.yml
22:36:07.537771 [debug]:    Started loading packages
22:36:07.548002 [debug]:     Loaded [  0.01s] packages
22:36:07.552699 [info ]: Finished loading project [  0.03s]
22:36:07.554167 [info ]: Started parsing
22:36:07.629927 [debug]: Finished parsing models/marts/schema.yml [  0.00s]
22:36:07.630507 [debug]: Finished parsing models/sources.yml [  0.00s]
22:36:07.637555 [debug]: Finished parsing models/intermediate/int_kafka_pipeline_runs.sql [  0.00s]
22:36:07.641636 [debug]: Finished parsing models/marts/fct_pipeline_monitoring.sql [  0.00s]
22:36:07.642705 [debug]: Finished parsing models/staging/stg_flow_b_runs.sql [  0.00s]
22:36:07.643654 [debug]: Finished parsing models/staging/stg_kafka_events.sql [  0.00s]
22:36:07.644700 [debug]: Finished parsing models/staging/stg_pipeline_a_runs.sql [  0.00s]
22:36:07.644910 [debug]: Finished parsing target\inline_d74328c5.sql [  0.02s]
22:36:07.645469 [debug]: Finished parsing models/staging/stg_pipeline_runs.sql [  0.00s]
22:36:07.978337 [info ]: Finished parsing [  0.42s]
22:36:07.980378 [info ]: Started scheduling
22:36:07.980871 [info ]: Finished scheduling [  0.00s]
22:36:07.992133 [info ]: Started building task graph
22:36:07.992593 [info ]: Finished building task graph [  0.00s]
22:36:07.999785 [info ]: Started rendering (1 nodes)
22:36:08.000116 [info ]: Started model main.inline
22:36:08.000176 [debug]: Started rendering model main.inline
22:36:08.004200 [debug]: Compiled SQL for node model..inline at target\compiled\target\inline_d74328c5.sql
22:36:08.004529 [debug]: Finished rendering [  0.00s] model main.inline [success]
22:36:08.005030 [info ]: Finished rendering [  0.01s] (1 nodes, 0 skipped, 0 errors)
22:36:08.005578 [info ]: Started analyzing (1 nodes)
22:36:08.005795 [debug]: Started analyzing model main.inline
22:36:08.032362 [debug]: Finished analyzing [  0.03s] model main.inline [success]
22:36:08.032888 [info ]: Finished analyzing [  0.03s] (1 nodes, 0 skipped, 0 errors)
22:36:08.033450 [info ]: Started running (1 nodes)
22:36:08.033662 [info ]: Started running model main.inline
22:36:08.036719 [debug]: DuckDB driver resolved: duckdb 1.5.4
22:36:08.096876 [debug]: Query executed on node unknown:

  
  SELECT COUNT(*) AS total_rows, COUNT(DISTINCT(execution_uuid)) AS unique_execution_ids, SUM ( CASE WHEN execution_uuid IS NULL THEN 1 ELSE 0 END) AS null_execution_ids FROM main_raw.raw_pipeline_a_runs
  
  limit 10

22:36:08.099585 [info ]: [34m[1mQuery[0m [1mshow_sql_operation_inline[0m
┌────────────┬──────────────────────┬────────────────────┐
│[1m total_rows [0m┆[1m unique_execution_ids [0m┆[1m null_execution_ids [0m│
╞════════════╪══════════════════════╪════════════════════╡
│ 4          ┆ 4                    ┆ 0                  │
└────────────┴──────────────────────┴────────────────────┘
1 rows.
22:36:08.100808 [info ]: Finished running [  0.07s] model main.inline [success]
22:36:08.101242 [info ]: Finished running [  0.07s] (1 nodes, 0 skipped, 0 errors)
22:36:08.101798 [info ]:  Succeeded model main.inline (ephemeral) [1 of 1 in 0.10s]
22:36:08.180490 [info ]: 
==================== Execution Summary =====================
Finished 'show' successfully for target 'dev' [658ms]
==================== 2026-09-23T22:37:12.834574Z | 01a0d06a-74fc-76c2-ae90-6e674781431d ====================
22:37:12.834976 [info ]: dbt 2.0.6
22:37:12.836088 [info ]: Started loading project
22:37:12.842216 [info ]: Loading profiles.yml
22:37:12.849904 [debug]:    Started loading packages
22:37:12.859502 [debug]:     Loaded [  0.01s] packages
22:37:12.863323 [info ]: Finished loading project [  0.03s]
22:37:12.864612 [info ]: Started parsing
22:37:12.940203 [debug]: Finished parsing models/marts/schema.yml [  0.00s]
22:37:12.940862 [debug]: Finished parsing models/sources.yml [  0.00s]
22:37:12.950713 [debug]: Finished parsing models/intermediate/int_kafka_pipeline_runs.sql [  0.00s]
22:37:12.952057 [debug]: Finished parsing models/marts/fct_pipeline_monitoring.sql [  0.00s]
22:37:12.952934 [debug]: Finished parsing models/staging/stg_flow_b_runs.sql [  0.00s]
22:37:12.953858 [debug]: Finished parsing models/staging/stg_kafka_events.sql [  0.00s]
22:37:12.954558 [debug]: Finished parsing target\inline_238edeb0.sql [  0.01s]
22:37:12.954725 [debug]: Finished parsing models/staging/stg_pipeline_a_runs.sql [  0.00s]
22:37:12.955351 [debug]: Finished parsing models/staging/stg_pipeline_runs.sql [  0.00s]
22:37:13.320688 [info ]: Finished parsing [  0.46s]
22:37:13.322789 [info ]: Started scheduling
22:37:13.323309 [info ]: Finished scheduling [  0.00s]
22:37:13.335323 [info ]: Started building task graph
22:37:13.336204 [info ]: Finished building task graph [  0.00s]
22:37:13.343701 [info ]: Started rendering (1 nodes)
22:37:13.344467 [info ]: Started model main.inline
22:37:13.344508 [debug]: Started rendering model main.inline
22:37:13.348744 [debug]: Compiled SQL for node model..inline at target\compiled\target\inline_238edeb0.sql
22:37:13.349140 [debug]: Finished rendering [  0.00s] model main.inline [success]
22:37:13.349625 [info ]: Finished rendering [  0.01s] (1 nodes, 0 skipped, 0 errors)
22:37:13.350075 [info ]: Started analyzing (1 nodes)
22:37:13.350304 [debug]: Started analyzing model main.inline
22:37:13.362619 [debug]: Finished analyzing [  0.01s] model main.inline [success]
22:37:13.363311 [info ]: Finished analyzing [  0.01s] (1 nodes, 0 skipped, 0 errors)
22:37:13.363823 [info ]: Started running (1 nodes)
22:37:13.364018 [info ]: Started running model main.inline
22:37:13.367913 [debug]: DuckDB driver resolved: duckdb 1.5.4
22:37:13.411012 [debug]: Query executed on node unknown:

  
  SELECT DISTINCT(state) FROM main_raw.raw_pipeline_a_runs
  
  limit 10

22:37:13.412009 [info ]: [34m[1mQuery[0m [1mshow_sql_operation_inline[0m
┌───────────┐
│[1m state     [0m│
╞═══════════╡
│ RUNNING   │
│ COMPLETED │
│ SUCCEEDED │
│ FAILED    │
└───────────┘
4 rows.
22:37:13.413048 [info ]: Finished running [  0.05s] model main.inline [success]
22:37:13.413385 [info ]: Finished running [  0.05s] (1 nodes, 0 skipped, 0 errors)
22:37:13.413942 [info ]:  Succeeded model main.inline (ephemeral) [1 of 1 in 0.07s]
22:37:13.489685 [info ]: 
==================== Execution Summary =====================
Finished 'show' successfully for target 'dev' [655ms]
==================== 2026-09-23T22:40:59.996687Z | 01a0d06d-ec56-7571-9eee-0f78f424fed9 ====================
22:40:59.997025 [info ]: dbt 2.0.6
22:40:59.998135 [info ]: Started loading project
22:41:00.005996 [info ]: Loading profiles.yml
22:41:00.020001 [debug]:    Started loading packages
22:41:00.030684 [debug]:     Loaded [  0.01s] packages
22:41:00.037550 [info ]: Finished loading project [  0.04s]
22:41:00.039082 [info ]: Started parsing
22:41:00.129284 [debug]: Finished parsing models/marts/schema.yml [  0.00s]
22:41:00.129933 [debug]: Finished parsing models/sources.yml [  0.00s]
22:41:00.137457 [debug]: Finished parsing models/intermediate/int_kafka_pipeline_runs.sql [  0.00s]
22:41:00.138508 [debug]: Finished parsing models/marts/fct_pipeline_monitoring.sql [  0.00s]
22:41:00.139581 [debug]: Finished parsing models/staging/stg_flow_b_runs.sql [  0.00s]
22:41:00.140453 [debug]: Finished parsing models/staging/stg_kafka_events.sql [  0.00s]
22:41:00.141338 [debug]: Finished parsing models/staging/stg_pipeline_a_runs.sql [  0.00s]
22:41:00.142085 [debug]: Finished parsing models/staging/stg_pipeline_runs.sql [  0.00s]
22:41:00.144179 [debug]: Finished parsing target\inline_211e15c0.sql [  0.01s]
22:41:00.511413 [info ]: Finished parsing [  0.47s]
22:41:00.514072 [info ]: Started scheduling
22:41:00.514735 [info ]: Finished scheduling [  0.00s]
22:41:00.526629 [info ]: Started building task graph
22:41:00.527554 [info ]: Finished building task graph [  0.00s]
22:41:00.534247 [info ]: Started rendering (1 nodes)
22:41:00.534651 [info ]: Started model main.inline
22:41:00.534687 [debug]: Started rendering model main.inline
22:41:00.538584 [debug]: Compiled SQL for node model..inline at target\compiled\target\inline_211e15c0.sql
22:41:00.538930 [debug]: Finished rendering [  0.00s] model main.inline [success]
22:41:00.539398 [info ]: Finished rendering [  0.01s] (1 nodes, 0 skipped, 0 errors)
22:41:00.539836 [info ]: Started analyzing (1 nodes)
22:41:00.540112 [debug]: Started analyzing model main.inline
22:41:00.559905 [debug]: Finished analyzing [  0.02s] model main.inline [success]
22:41:00.560595 [info ]: Finished analyzing [  0.02s] (1 nodes, 0 skipped, 0 errors)
22:41:00.561359 [info ]: Started running (1 nodes)
22:41:00.561637 [info ]: Started running model main.inline
22:41:00.564922 [debug]: DuckDB driver resolved: duckdb 1.5.4
22:41:00.615535 [error]: [Generic (dbt1000)]: Internal: Binder Error: Referenced column "DONE" not found in FROM clause!
Candidate bindings: "credits_used"

LINE 3: ..., ( CASE WHEN state  = 'COMPLETED' or STATE = 'SUCCEEDED' THEN DONE ELSE 'RUNNING' END ) AS state from main_raw.raw_pipeli...
                                                                          ^ (sqlstate: [0, 0, 0, 0, 0], vendor_code: -2147483648)
22:41:00.615837 [info ]: Finished running [  0.05s] model main.inline [error]
22:41:00.616328 [info ]: Finished running [  0.05s] (1 nodes, 0 skipped, 1 errors)
22:41:00.616668 [info ]:     Failed model main.inline (ephemeral) [1 of 1 in 0.08s]
22:41:00.684633 [info ]: 
==================== Execution Summary =====================
Finished 'show' with 1 error for target 'dev' [687ms]
==================== 2026-09-23T22:41:40.232909Z | 01a0d06e-8982-7dd2-9c2a-ac5f4c0eb363 ====================
22:41:40.233318 [info ]: dbt 2.0.6
22:41:40.234500 [info ]: Started loading project
22:41:40.240816 [info ]: Loading profiles.yml
22:41:40.248084 [debug]:    Started loading packages
22:41:40.256384 [debug]:     Loaded [  0.01s] packages
22:41:40.262141 [info ]: Finished loading project [  0.03s]
22:41:40.263486 [info ]: Started parsing
22:41:40.335622 [debug]: Finished parsing models/marts/schema.yml [  0.00s]
22:41:40.336208 [debug]: Finished parsing models/sources.yml [  0.00s]
22:41:40.345152 [debug]: Finished parsing models/intermediate/int_kafka_pipeline_runs.sql [  0.00s]
22:41:40.346675 [debug]: Finished parsing models/marts/fct_pipeline_monitoring.sql [  0.00s]
22:41:40.347939 [debug]: Finished parsing models/staging/stg_flow_b_runs.sql [  0.00s]
22:41:40.348925 [debug]: Finished parsing models/staging/stg_kafka_events.sql [  0.00s]
22:41:40.379262 [debug]: Finished parsing target\inline_8004ecef.sql [  0.04s]
22:41:40.381868 [debug]: Finished parsing models/staging/stg_pipeline_a_runs.sql [  0.03s]
22:41:40.388665 [debug]: Finished parsing models/staging/stg_pipeline_runs.sql [  0.01s]
22:41:40.743040 [info ]: Finished parsing [  0.48s]
22:41:40.745527 [info ]: Started scheduling
22:41:40.746082 [info ]: Finished scheduling [  0.00s]
22:41:40.758499 [info ]: Started building task graph
22:41:40.759108 [info ]: Finished building task graph [  0.00s]
22:41:40.769706 [info ]: Started rendering (1 nodes)
22:41:40.770798 [info ]: Started model main.inline
22:41:40.770928 [debug]: Started rendering model main.inline
22:41:40.775372 [debug]: Compiled SQL for node model..inline at target\compiled\target\inline_8004ecef.sql
22:41:40.776083 [debug]: Finished rendering [  0.01s] model main.inline [success]
22:41:40.776561 [info ]: Finished rendering [  0.01s] (1 nodes, 0 skipped, 0 errors)
22:41:40.776968 [info ]: Started analyzing (1 nodes)
22:41:40.777174 [debug]: Started analyzing model main.inline
22:41:40.797688 [debug]: Finished analyzing [  0.02s] model main.inline [success]
22:41:40.798209 [info ]: Finished analyzing [  0.02s] (1 nodes, 0 skipped, 0 errors)
22:41:40.798899 [info ]: Started running (1 nodes)
22:41:40.799208 [info ]: Started running model main.inline
22:41:40.802448 [debug]: DuckDB driver resolved: duckdb 1.5.4
22:41:40.874557 [debug]: Query executed on node unknown:

  
  SELECT execution_uuid, ( CASE WHEN state  = 'COMPLETED' or STATE = 'SUCCEEDED' THEN state = 'DONE' ELSE 'RUNNING' END ) AS state from main_raw.raw_pipeline_a_runs
  
  limit 10

22:41:40.874917 [error]: [Generic (dbt1000)]: InvalidArguments: Conversion Error: Could not convert string 'RUNNING' to BOOL

LINE 3: ... = 'COMPLETED' or STATE = 'SUCCEEDED' THEN state = 'DONE' ELSE 'RUNNING' END ) AS state from main_raw.raw_pipeline_a_runs
                                                                          ^ (sqlstate: [0, 0, 0, 0, 0], vendor_code: -2147483648)
22:41:40.875205 [info ]: Finished running [  0.08s] model main.inline [error]
22:41:40.875793 [info ]: Finished running [  0.08s] (1 nodes, 0 skipped, 1 errors)
22:41:40.876247 [info ]:     Failed model main.inline (ephemeral) [1 of 1 in 0.10s]
22:41:40.951573 [info ]: 
==================== Execution Summary =====================
Finished 'show' with 1 error for target 'dev' [718ms]
==================== 2026-09-23T22:42:14.188418Z | 01a0d06f-0e26-76a1-bfce-157d56a9d159 ====================
22:42:14.188789 [info ]: dbt 2.0.6
22:42:14.190109 [info ]: Started loading project
22:42:14.196542 [info ]: Loading profiles.yml
22:42:14.207632 [debug]:    Started loading packages
22:42:14.219525 [debug]:     Loaded [  0.01s] packages
22:42:14.223775 [info ]: Finished loading project [  0.03s]
22:42:14.225989 [info ]: Started parsing
22:42:14.299370 [debug]: Finished parsing models/marts/schema.yml [  0.00s]
22:42:14.300019 [debug]: Finished parsing models/sources.yml [  0.00s]
22:42:14.309353 [debug]: Finished parsing models/intermediate/int_kafka_pipeline_runs.sql [  0.00s]
22:42:14.311049 [debug]: Finished parsing models/marts/fct_pipeline_monitoring.sql [  0.00s]
22:42:14.312026 [debug]: Finished parsing models/staging/stg_flow_b_runs.sql [  0.00s]
22:42:14.312789 [debug]: Finished parsing models/staging/stg_kafka_events.sql [  0.00s]
22:42:14.313599 [debug]: Finished parsing models/staging/stg_pipeline_a_runs.sql [  0.00s]
22:42:14.314206 [debug]: Finished parsing models/staging/stg_pipeline_runs.sql [  0.00s]
22:42:14.315819 [debug]: Finished parsing target\inline_05420e63.sql [  0.02s]
22:42:14.614697 [info ]: Finished parsing [  0.39s]
22:42:14.616731 [info ]: Started scheduling
22:42:14.617303 [info ]: Finished scheduling [  0.00s]
22:42:14.628972 [info ]: Started building task graph
22:42:14.629479 [info ]: Finished building task graph [  0.00s]
22:42:14.636731 [info ]: Started rendering (1 nodes)
22:42:14.637112 [info ]: Started model main.inline
22:42:14.638563 [debug]: Started rendering model main.inline
22:42:14.658403 [debug]: Compiled SQL for node model..inline at target\compiled\target\inline_05420e63.sql
22:42:14.658935 [debug]: Finished rendering [  0.02s] model main.inline [success]
22:42:14.659498 [info ]: Finished rendering [  0.02s] (1 nodes, 0 skipped, 0 errors)
22:42:14.660102 [info ]: Started analyzing (1 nodes)
22:42:14.660347 [debug]: Started analyzing model main.inline
22:42:14.675142 [debug]: Finished analyzing [  0.01s] model main.inline [success]
22:42:14.676916 [info ]: Finished analyzing [  0.02s] (1 nodes, 0 skipped, 0 errors)
22:42:14.677338 [info ]: Started running (1 nodes)
22:42:14.677645 [info ]: Started running model main.inline
22:42:14.680859 [debug]: DuckDB driver resolved: duckdb 1.5.4
22:42:14.725007 [debug]: Query executed on node unknown:

  
  SELECT execution_uuid, state FROM main_raw.raw_pipeline_a_runs
  
  limit 10

22:42:14.726436 [info ]: [34m[1mQuery[0m [1mshow_sql_operation_inline[0m
┌────────────────┬───────────┐
│[1m execution_uuid [0m┆[1m state     [0m│
╞════════════════╪═══════════╡
│ A-1001         ┆ COMPLETED │
│ A-1002         ┆ FAILED    │
│ A-1003         ┆ RUNNING   │
│ A-1004         ┆ SUCCEEDED │
└────────────────┴───────────┘
4 rows.
22:42:14.726916 [info ]: Finished running [  0.05s] model main.inline [success]
22:42:14.727312 [info ]: Finished running [  0.05s] (1 nodes, 0 skipped, 0 errors)
22:42:14.727693 [info ]:  Succeeded model main.inline (ephemeral) [1 of 1 in 0.08s]
22:42:14.806217 [info ]: 
==================== Execution Summary =====================
Finished 'show' successfully for target 'dev' [617ms]
==================== 2026-09-23T22:43:20.239202Z | 01a0d070-1029-7c73-94cf-7dff4b1a78d3 ====================
22:43:20.239598 [info ]: dbt 2.0.6
22:43:20.240662 [info ]: Started loading project
22:43:20.246859 [info ]: Loading profiles.yml
22:43:20.255021 [debug]:    Started loading packages
22:43:20.265339 [debug]:     Loaded [  0.01s] packages
22:43:20.270050 [info ]: Finished loading project [  0.03s]
22:43:20.271519 [info ]: Started parsing
22:43:20.347647 [debug]: Finished parsing models/marts/schema.yml [  0.00s]
22:43:20.348204 [debug]: Finished parsing models/sources.yml [  0.00s]
22:43:20.356534 [debug]: Finished parsing models/intermediate/int_kafka_pipeline_runs.sql [  0.00s]
22:43:20.357891 [debug]: Finished parsing models/marts/fct_pipeline_monitoring.sql [  0.00s]
22:43:20.358765 [debug]: Finished parsing models/staging/stg_flow_b_runs.sql [  0.00s]
22:43:20.359839 [debug]: Finished parsing models/staging/stg_kafka_events.sql [  0.00s]
22:43:20.360894 [debug]: Finished parsing models/staging/stg_pipeline_a_runs.sql [  0.00s]
22:43:20.361579 [debug]: Finished parsing models/staging/stg_pipeline_runs.sql [  0.00s]
22:43:20.363684 [debug]: Finished parsing target\inline_832b9009.sql [  0.02s]
22:43:20.747226 [info ]: Finished parsing [  0.48s]
22:43:20.749357 [info ]: Started scheduling
22:43:20.750050 [info ]: Finished scheduling [  0.00s]
22:43:20.761070 [info ]: Started building task graph
22:43:20.761817 [info ]: Finished building task graph [  0.00s]
22:43:20.768429 [info ]: Started rendering (1 nodes)
22:43:20.768809 [info ]: Started model main.inline
22:43:20.768848 [debug]: Started rendering model main.inline
22:43:20.773514 [debug]: Compiled SQL for node model..inline at target\compiled\target\inline_832b9009.sql
22:43:20.773828 [debug]: Finished rendering [  0.00s] model main.inline [success]
22:43:20.774265 [info ]: Finished rendering [  0.01s] (1 nodes, 0 skipped, 0 errors)
22:43:20.774805 [info ]: Started analyzing (1 nodes)
22:43:20.775018 [debug]: Started analyzing model main.inline
22:43:20.787877 [warn ]: [SyntaxInvalid (dbt0101)]: no viable alternative at input '(CASE WHEN state = 'COMPLETED' THEN SET state'
  --> target/inline_832b9009.sql:1:64 (target\compiled\target\inline_832b9009.sql:1:64)
22:43:20.788102 [debug]: Finished analyzing [  0.01s] model main.inline [success]
22:43:20.788706 [info ]: Finished analyzing [  0.01s] (1 nodes, 0 skipped, 0 errors)
22:43:20.789297 [info ]: Started running (1 nodes)
22:43:20.789602 [info ]: Started running model main.inline
22:43:20.793106 [debug]: DuckDB driver resolved: duckdb 1.5.4
22:43:20.832182 [error]: [Generic (dbt1000)]: Internal: Parser Error: syntax error at or near "state"

LINE 3: ... execution_uuid, (CASE WHEN state = 'COMPLETED' THEN SET state = 'FINISHED' END ) as state FROM main_raw.raw_pipelin...
                                                                    ^ (sqlstate: [0, 0, 0, 0, 0], vendor_code: -2147483648)
22:43:20.832452 [info ]: Finished running [  0.04s] model main.inline [error]
22:43:20.833257 [info ]: Finished running [  0.04s] (1 nodes, 0 skipped, 1 errors)
22:43:20.833980 [info ]:     Failed model main.inline (ephemeral) [1 of 1 in 0.06s]
22:43:20.907210 [info ]: 
==================== Execution Summary =====================
Finished 'show' with 1 warning and 1 error for target 'dev' [668ms]
==================== 2026-09-23T22:46:07.702443Z | 01a0d072-9e50-7702-adfa-62a0e4edb595 ====================
22:46:07.702792 [info ]: dbt 2.0.6
22:46:07.704149 [info ]: Started loading project
22:46:07.711348 [info ]: Loading profiles.yml
22:46:07.719552 [debug]:    Started loading packages
22:46:07.729453 [debug]:     Loaded [  0.01s] packages
22:46:07.733368 [info ]: Finished loading project [  0.03s]
22:46:07.734697 [info ]: Started parsing
22:46:07.809850 [debug]: Finished parsing models/marts/schema.yml [  0.00s]
22:46:07.810484 [debug]: Finished parsing models/sources.yml [  0.00s]
22:46:07.828716 [debug]: Finished parsing models/intermediate/int_kafka_pipeline_runs.sql [  0.00s]
22:46:07.830053 [debug]: Finished parsing models/marts/fct_pipeline_monitoring.sql [  0.00s]
22:46:07.831149 [debug]: Finished parsing models/staging/stg_flow_b_runs.sql [  0.00s]
22:46:07.832162 [debug]: Finished parsing models/staging/stg_kafka_events.sql [  0.00s]
22:46:07.833437 [debug]: Finished parsing models/staging/stg_pipeline_a_runs.sql [  0.00s]
22:46:07.834271 [debug]: Finished parsing models/staging/stg_pipeline_runs.sql [  0.00s]
22:46:07.837288 [debug]: Finished parsing target\inline_1e8069ea.sql [  0.03s]
22:46:08.142754 [info ]: Finished parsing [  0.41s]
22:46:08.144625 [info ]: Started scheduling
22:46:08.145108 [info ]: Finished scheduling [  0.00s]
22:46:08.155204 [info ]: Started building task graph
22:46:08.155654 [info ]: Finished building task graph [  0.00s]
22:46:08.162246 [info ]: Started rendering (1 nodes)
22:46:08.162641 [info ]: Started model main.inline
22:46:08.162694 [debug]: Started rendering model main.inline
22:46:08.167486 [debug]: Compiled SQL for node model..inline at target\compiled\target\inline_1e8069ea.sql
22:46:08.168022 [debug]: Finished rendering [  0.01s] model main.inline [success]
22:46:08.169759 [info ]: Finished rendering [  0.01s] (1 nodes, 0 skipped, 0 errors)
22:46:08.170454 [info ]: Started analyzing (1 nodes)
22:46:08.170632 [debug]: Started analyzing model main.inline
22:46:08.181902 [warn ]: [SyntaxInvalid (dbt0101)]: no viable alternative at input 'normalized_state AS ( CASE'
  --> target/inline_1e8069ea.sql:1:28 (target\compiled\target\inline_1e8069ea.sql:1:28)
22:46:08.182149 [debug]: Finished analyzing [  0.01s] model main.inline [success]
22:46:08.182666 [info ]: Finished analyzing [  0.01s] (1 nodes, 0 skipped, 0 errors)
22:46:08.183153 [info ]: Started running (1 nodes)
22:46:08.183386 [info ]: Started running model main.inline
22:46:08.186390 [debug]: DuckDB driver resolved: duckdb 1.5.4
22:46:08.229759 [error]: [Generic (dbt1000)]: Internal: Parser Error: syntax error at or near "CASE"

LINE 3:   WITH normalized_state AS ( CASE WHEN state = 'SUCCEEDED' then 'FINISHED' END) SELECT...
                                     ^ (sqlstate: [0, 0, 0, 0, 0], vendor_code: -2147483648)
22:46:08.230015 [info ]: Finished running [  0.05s] model main.inline [error]
22:46:08.230492 [info ]: Finished running [  0.05s] (1 nodes, 0 skipped, 1 errors)
22:46:08.230956 [info ]:     Failed model main.inline (ephemeral) [1 of 1 in 0.06s]
22:46:08.303833 [info ]: 
==================== Execution Summary =====================
Finished 'show' with 1 warning and 1 error for target 'dev' [601ms]
==================== 2026-09-23T22:46:25.767503Z | 01a0d072-e4e1-72a0-8308-df17c62b6da7 ====================
22:46:25.767924 [info ]: dbt 2.0.6
22:46:25.769235 [info ]: Started loading project
22:46:25.775918 [info ]: Loading profiles.yml
22:46:25.783623 [debug]:    Started loading packages
22:46:25.793561 [debug]:     Loaded [  0.01s] packages
22:46:25.797856 [info ]: Finished loading project [  0.03s]
22:46:25.798925 [info ]: Started parsing
22:46:25.872403 [debug]: Finished parsing models/marts/schema.yml [  0.00s]
22:46:25.873029 [debug]: Finished parsing models/sources.yml [  0.00s]
22:46:25.882620 [debug]: Finished parsing models/intermediate/int_kafka_pipeline_runs.sql [  0.00s]
22:46:25.888313 [debug]: Finished parsing target\inline_fa0423dc.sql [  0.02s]
22:46:25.888530 [debug]: Finished parsing models/marts/fct_pipeline_monitoring.sql [  0.01s]
22:46:25.889903 [debug]: Finished parsing models/staging/stg_flow_b_runs.sql [  0.00s]
22:46:25.891690 [debug]: Finished parsing models/staging/stg_kafka_events.sql [  0.00s]
22:46:25.893557 [debug]: Finished parsing models/staging/stg_pipeline_a_runs.sql [  0.00s]
22:46:25.894387 [debug]: Finished parsing models/staging/stg_pipeline_runs.sql [  0.00s]
22:46:26.212866 [info ]: Finished parsing [  0.41s]
22:46:26.214867 [info ]: Started scheduling
22:46:26.215383 [info ]: Finished scheduling [  0.00s]
22:46:26.227412 [info ]: Started building task graph
22:46:26.227885 [info ]: Finished building task graph [  0.00s]
22:46:26.236220 [info ]: Started rendering (1 nodes)
22:46:26.236903 [info ]: Started model main.inline
22:46:26.236947 [debug]: Started rendering model main.inline
22:46:26.253715 [debug]: Compiled SQL for node model..inline at target\compiled\target\inline_fa0423dc.sql
22:46:26.254252 [debug]: Finished rendering [  0.02s] model main.inline [success]
22:46:26.254832 [info ]: Finished rendering [  0.02s] (1 nodes, 0 skipped, 0 errors)
22:46:26.255464 [info ]: Started analyzing (1 nodes)
22:46:26.255710 [debug]: Started analyzing model main.inline
22:46:26.263918 [warn ]: [SyntaxInvalid (dbt0101)]: no viable alternative at input 'normalized_state AS ( CASE'
  --> target/inline_fa0423dc.sql:1:28 (target\compiled\target\inline_fa0423dc.sql:1:28)
22:46:26.264102 [debug]: Finished analyzing [  0.01s] model main.inline [success]
22:46:26.264588 [info ]: Finished analyzing [  0.01s] (1 nodes, 0 skipped, 0 errors)
22:46:26.265015 [info ]: Started running (1 nodes)
22:46:26.265279 [info ]: Started running model main.inline
22:46:26.268501 [debug]: DuckDB driver resolved: duckdb 1.5.4
22:46:26.311553 [error]: [Generic (dbt1000)]: Internal: Parser Error: syntax error at or near "CASE"

LINE 3:   WITH normalized_state AS ( CASE WHEN state = 'SUCCEEDED' then 'FINISHED' END FROM main...
                                     ^ (sqlstate: [0, 0, 0, 0, 0], vendor_code: -2147483648)
22:46:26.311812 [info ]: Finished running [  0.05s] model main.inline [error]
22:46:26.312361 [info ]: Finished running [  0.05s] (1 nodes, 0 skipped, 1 errors)
22:46:26.312725 [info ]:     Failed model main.inline (ephemeral) [1 of 1 in 0.07s]
22:46:26.385816 [info ]: 
==================== Execution Summary =====================
Finished 'show' with 1 warning and 1 error for target 'dev' [618ms]
==================== 2026-09-23T22:49:06.667269Z | 01a0d075-5964-7400-9f92-4ba42c9f0812 ====================
22:49:06.667694 [info ]: dbt 2.0.6
22:49:06.668981 [info ]: Started loading project
22:49:06.675914 [info ]: Loading profiles.yml
22:49:06.684336 [debug]:    Started loading packages
22:49:06.695367 [debug]:     Loaded [  0.01s] packages
22:49:06.700220 [info ]: Finished loading project [  0.03s]
22:49:06.702091 [info ]: Started parsing
22:49:06.789269 [debug]: Finished parsing models/marts/schema.yml [  0.00s]
22:49:06.790129 [debug]: Finished parsing models/sources.yml [  0.00s]
22:49:06.799891 [debug]: Finished parsing models/intermediate/int_kafka_pipeline_runs.sql [  0.00s]
22:49:06.801214 [debug]: Finished parsing models/marts/fct_pipeline_monitoring.sql [  0.00s]
22:49:06.802078 [debug]: Finished parsing models/staging/stg_flow_b_runs.sql [  0.00s]
22:49:06.802965 [debug]: Finished parsing models/staging/stg_kafka_events.sql [  0.00s]
22:49:06.803833 [debug]: Finished parsing models/staging/stg_pipeline_a_runs.sql [  0.00s]
22:49:06.804664 [debug]: Finished parsing models/staging/stg_pipeline_runs.sql [  0.00s]
22:49:06.808189 [debug]: Finished parsing target\inline_3d08bac9.sql [  0.03s]
22:49:07.121953 [info ]: Finished parsing [  0.42s]
22:49:07.124339 [info ]: Started scheduling
22:49:07.124818 [info ]: Finished scheduling [  0.00s]
22:49:07.160252 [info ]: Started building task graph
22:49:07.160882 [info ]: Finished building task graph [  0.00s]
22:49:07.171146 [info ]: Started rendering (1 nodes)
22:49:07.171567 [info ]: Started model main.inline
22:49:07.171604 [debug]: Started rendering model main.inline
22:49:07.176682 [debug]: Compiled SQL for node model..inline at target\compiled\target\inline_3d08bac9.sql
22:49:07.177111 [debug]: Finished rendering [  0.01s] model main.inline [success]
22:49:07.177691 [info ]: Finished rendering [  0.01s] (1 nodes, 0 skipped, 0 errors)
22:49:07.178095 [info ]: Started analyzing (1 nodes)
22:49:07.178392 [debug]: Started analyzing model main.inline
22:49:07.198987 [debug]: Finished analyzing [  0.02s] model main.inline [success]
22:49:07.199489 [info ]: Finished analyzing [  0.02s] (1 nodes, 0 skipped, 0 errors)
22:49:07.199992 [info ]: Started running (1 nodes)
22:49:07.200231 [info ]: Started running model main.inline
22:49:07.203347 [debug]: DuckDB driver resolved: duckdb 1.5.4
22:49:07.248235 [debug]: Query executed on node unknown:

  
  SELECT execution_uuid, ( CASE WHEN state = 'SUCCEEDED' or state = 'COMPLETED' then 'DONE' ELSE state END) AS normalized_state FROM main_raw.raw_pipeline_a_runs
  
  limit 10

22:49:07.249277 [info ]: [34m[1mQuery[0m [1mshow_sql_operation_inline[0m
┌────────────────┬──────────────────┐
│[1m execution_uuid [0m┆[1m normalized_state [0m│
╞════════════════╪══════════════════╡
│ A-1001         ┆ DONE             │
│ A-1002         ┆ FAILED           │
│ A-1003         ┆ RUNNING          │
│ A-1004         ┆ DONE             │
└────────────────┴──────────────────┘
4 rows.
22:49:07.250250 [info ]: Finished running [  0.05s] model main.inline [success]
22:49:07.250629 [info ]: Finished running [  0.05s] (1 nodes, 0 skipped, 0 errors)
22:49:07.251203 [info ]:  Succeeded model main.inline (ephemeral) [1 of 1 in 0.07s]
22:49:07.330564 [info ]: 
==================== Execution Summary =====================
Finished 'show' successfully for target 'dev' [663ms]
==================== 2026-09-23T22:49:35.140386Z | 01a0d075-c89e-7830-ac16-a19b46e69874 ====================
22:49:35.140833 [info ]: dbt 2.0.6
22:49:35.142040 [info ]: Started loading project
22:49:35.148487 [info ]: Loading profiles.yml
22:49:35.157770 [debug]:    Started loading packages
22:49:35.165686 [debug]:     Loaded [  0.01s] packages
22:49:35.169272 [info ]: Finished loading project [  0.03s]
22:49:35.170530 [info ]: Started parsing
22:49:35.245733 [debug]: Finished parsing models/marts/schema.yml [  0.00s]
22:49:35.246408 [debug]: Finished parsing models/sources.yml [  0.00s]
22:49:35.253853 [debug]: Finished parsing models/intermediate/int_kafka_pipeline_runs.sql [  0.00s]
22:49:35.255107 [debug]: Finished parsing models/marts/fct_pipeline_monitoring.sql [  0.00s]
22:49:35.256181 [debug]: Finished parsing models/staging/stg_flow_b_runs.sql [  0.00s]
22:49:35.257539 [debug]: Finished parsing models/staging/stg_kafka_events.sql [  0.00s]
22:49:35.258530 [debug]: Finished parsing models/staging/stg_pipeline_a_runs.sql [  0.00s]
22:49:35.259318 [debug]: Finished parsing models/staging/stg_pipeline_runs.sql [  0.00s]
22:49:35.260286 [debug]: Finished parsing target\inline_ed5a73ac.sql [  0.01s]
22:49:35.554592 [info ]: Finished parsing [  0.38s]
22:49:35.556909 [info ]: Started scheduling
22:49:35.557554 [info ]: Finished scheduling [  0.00s]
22:49:35.567921 [info ]: Started building task graph
22:49:35.568349 [info ]: Finished building task graph [  0.00s]
22:49:35.574583 [info ]: Started rendering (1 nodes)
22:49:35.574839 [info ]: Started model main.inline
22:49:35.574873 [debug]: Started rendering model main.inline
22:49:35.578605 [debug]: Compiled SQL for node model..inline at target\compiled\target\inline_ed5a73ac.sql
22:49:35.579342 [debug]: Finished rendering [  0.00s] model main.inline [success]
22:49:35.582076 [info ]: Finished rendering [  0.01s] (1 nodes, 0 skipped, 0 errors)
22:49:35.582357 [info ]: Started analyzing (1 nodes)
22:49:35.582719 [debug]: Started analyzing model main.inline
22:49:35.609131 [debug]: Finished analyzing [  0.03s] model main.inline [success]
22:49:35.610838 [info ]: Finished analyzing [  0.03s] (1 nodes, 0 skipped, 0 errors)
22:49:35.611359 [info ]: Started running (1 nodes)
22:49:35.611642 [info ]: Started running model main.inline
22:49:35.615303 [debug]: DuckDB driver resolved: duckdb 1.5.4
22:49:35.687175 [debug]: Query executed on node unknown:

  
  SELECT execution_uuid,state AS current_state,( CASE WHEN state = 'SUCCEEDED' or state = 'COMPLETED' then 'DONE' ELSE state END) AS normalized_state FROM main_raw.raw_pipeline_a_runs
  
  limit 10

22:49:35.746724 [info ]: [34m[1mQuery[0m [1mshow_sql_operation_inline[0m
┌────────────────┬───────────────┬──────────────────┐
│[1m execution_uuid [0m┆[1m current_state [0m┆[1m normalized_state [0m│
╞════════════════╪═══════════════╪══════════════════╡
│ A-1001         ┆ COMPLETED     ┆ DONE             │
│ A-1002         ┆ FAILED        ┆ FAILED           │
│ A-1003         ┆ RUNNING       ┆ RUNNING          │
│ A-1004         ┆ SUCCEEDED     ┆ DONE             │
└────────────────┴───────────────┴──────────────────┘
4 rows.
22:49:35.747697 [info ]: Finished running [  0.14s] model main.inline [success]
22:49:35.747994 [info ]: Finished running [  0.14s] (1 nodes, 0 skipped, 0 errors)
22:49:35.748287 [info ]:  Succeeded model main.inline (ephemeral) [1 of 1 in 0.17s]
22:49:35.839110 [info ]: 
==================== Execution Summary =====================
Finished 'show' successfully for target 'dev' [698ms]
==================== 2026-09-23T22:52:02.396399Z | 01a0d078-07d6-77d1-a7fc-a2aa389e29fd ====================
22:52:02.396756 [info ]: dbt 2.0.6
22:52:02.397986 [info ]: Started loading project
22:52:02.404378 [info ]: Loading profiles.yml
22:52:02.412169 [debug]:    Started loading packages
22:52:02.421421 [debug]:     Loaded [  0.01s] packages
22:52:02.426470 [info ]: Finished loading project [  0.03s]
22:52:02.427940 [info ]: Started parsing
22:52:02.547741 [debug]: Finished parsing models/marts/schema.yml [  0.00s]
22:52:02.548463 [debug]: Finished parsing models/sources.yml [  0.00s]
22:52:02.578711 [debug]: Finished parsing models/intermediate/int_kafka_pipeline_runs.sql [  0.00s]
22:52:02.580207 [debug]: Finished parsing models/marts/fct_pipeline_monitoring.sql [  0.00s]
22:52:02.581263 [debug]: Finished parsing models/staging/stg_flow_b_runs.sql [  0.00s]
22:52:02.582148 [debug]: Finished parsing models/staging/stg_kafka_events.sql [  0.00s]
22:52:02.583060 [debug]: Finished parsing models/staging/stg_pipeline_a_runs.sql [  0.00s]
22:52:02.583719 [debug]: Finished parsing models/staging/stg_pipeline_runs.sql [  0.00s]
22:52:02.592394 [debug]: Finished parsing target\inline_38d774e1.sql [  0.04s]
22:52:02.905633 [info ]: Finished parsing [  0.48s]
22:52:02.907792 [info ]: Started scheduling
22:52:02.908539 [info ]: Finished scheduling [  0.00s]
22:52:02.919628 [info ]: Started building task graph
22:52:02.920115 [info ]: Finished building task graph [  0.00s]
22:52:02.927413 [info ]: Started rendering (1 nodes)
22:52:02.927746 [info ]: Started model main.inline
22:52:02.927813 [debug]: Started rendering model main.inline
22:52:02.932020 [debug]: Compiled SQL for node model..inline at target\compiled\target\inline_38d774e1.sql
22:52:02.932733 [debug]: Finished rendering [  0.00s] model main.inline [success]
22:52:02.933491 [info ]: Finished rendering [  0.01s] (1 nodes, 0 skipped, 0 errors)
22:52:02.934176 [info ]: Started analyzing (1 nodes)
22:52:02.934545 [debug]: Started analyzing model main.inline
22:52:02.946288 [debug]: Finished analyzing [  0.01s] model main.inline [success]
22:52:02.946767 [info ]: Finished analyzing [  0.01s] (1 nodes, 0 skipped, 0 errors)
22:52:02.947264 [info ]: Started running (1 nodes)
22:52:02.947477 [info ]: Started running model main.inline
22:52:02.950781 [debug]: DuckDB driver resolved: duckdb 1.5.4
22:52:02.997347 [error]: [Generic (dbt1000)]: Internal: Catalog Error: Table with name pipeline_a_runs does not exist!
Did you mean "raw_pipeline_a_runs"?

LINE 3:   SELECT * FROM main_raw.pipeline_a_runs
                        ^ (sqlstate: [0, 0, 0, 0, 0], vendor_code: -2147483648)
22:52:02.997643 [info ]: Finished running [  0.05s] model main.inline [error]
22:52:02.998401 [info ]: Finished running [  0.05s] (1 nodes, 0 skipped, 1 errors)
22:52:02.998754 [info ]:     Failed model main.inline (ephemeral) [1 of 1 in 0.07s]
22:52:03.076973 [info ]: 
==================== Execution Summary =====================
Finished 'show' with 1 error for target 'dev' [680ms]
==================== 2026-09-23T22:52:11.354989Z | 01a0d078-2ad4-75f2-8d7c-1e3f58e76c14 ====================
22:52:11.355625 [info ]: dbt 2.0.6
22:52:11.357131 [info ]: Started loading project
22:52:11.363660 [info ]: Loading profiles.yml
22:52:11.371457 [debug]:    Started loading packages
22:52:11.380561 [debug]:     Loaded [  0.01s] packages
22:52:11.385398 [info ]: Finished loading project [  0.03s]
22:52:11.386952 [info ]: Started parsing
22:52:11.469915 [debug]: Finished parsing models/marts/schema.yml [  0.00s]
22:52:11.470570 [debug]: Finished parsing models/sources.yml [  0.00s]
22:52:11.474654 [debug]: Finished parsing target\inline_9eea63a0.sql [  0.00s]
22:52:11.479467 [debug]: Finished parsing models/intermediate/int_kafka_pipeline_runs.sql [  0.00s]
22:52:11.480740 [debug]: Finished parsing models/marts/fct_pipeline_monitoring.sql [  0.00s]
22:52:11.481557 [debug]: Finished parsing models/staging/stg_flow_b_runs.sql [  0.00s]
22:52:11.482250 [debug]: Finished parsing models/staging/stg_kafka_events.sql [  0.00s]
22:52:11.482933 [debug]: Finished parsing models/staging/stg_pipeline_a_runs.sql [  0.00s]
22:52:11.483558 [debug]: Finished parsing models/staging/stg_pipeline_runs.sql [  0.00s]
22:52:11.791327 [info ]: Finished parsing [  0.40s]
22:52:11.793140 [info ]: Started scheduling
22:52:11.793656 [info ]: Finished scheduling [  0.00s]
22:52:11.803846 [info ]: Started building task graph
22:52:11.804689 [info ]: Finished building task graph [  0.00s]
22:52:11.812122 [info ]: Started rendering (1 nodes)
22:52:11.812787 [info ]: Started model main.inline
22:52:11.812824 [debug]: Started rendering model main.inline
22:52:11.817052 [debug]: Compiled SQL for node model..inline at target\compiled\target\inline_9eea63a0.sql
22:52:11.817558 [debug]: Finished rendering [  0.00s] model main.inline [success]
22:52:11.818603 [info ]: Finished rendering [  0.01s] (1 nodes, 0 skipped, 0 errors)
22:52:11.819036 [info ]: Started analyzing (1 nodes)
22:52:11.819321 [debug]: Started analyzing model main.inline
22:52:11.829470 [debug]: Finished analyzing [  0.01s] model main.inline [success]
22:52:11.830345 [info ]: Finished analyzing [  0.01s] (1 nodes, 0 skipped, 0 errors)
22:52:11.831075 [info ]: Started running (1 nodes)
22:52:11.831381 [info ]: Started running model main.inline
22:52:11.834655 [debug]: DuckDB driver resolved: duckdb 1.5.4
22:52:11.876853 [debug]: Query executed on node unknown:

  
  SELECT * FROM main_raw.raw_pipeline_a_runs
  
  limit 10

22:52:11.878203 [info ]: [34m[1mQuery[0m [1mshow_sql_operation_inline[0m
┌────────────────┬──────────────┬───────────┬─────────────────────┬─────────────────────┬────────┬──────────────┬───────────┬─────────┬──────────────────────────┐
│[1m execution_uuid [0m┆[1m workflow     [0m┆[1m state     [0m┆[1m start_ts            [0m┆[1m end_ts              [0m┆[1m sample [0m┆[1m credits_used [0m┆[1m row_count [0m┆[1m env     [0m┆[1m err_msg                  [0m│
╞════════════════╪══════════════╪═══════════╪═════════════════════╪═════════════════════╪════════╪══════════════╪═══════════╪═════════╪══════════════════════════╡
│ A-1001         ┆ WGS_GERMLINE ┆ COMPLETED ┆ 2026-09-20T08:00:00 ┆ 2026-09-20T08:42:10 ┆ S001   ┆ 1.84         ┆ 1843321   ┆ prod    ┆                          │
│ A-1002         ┆ WGS_GERMLINE ┆ FAILED    ┆ 2026-09-20T09:10:00 ┆ 2026-09-20T09:24:35 ┆ S002   ┆ 0.71         ┆ 523004    ┆ prod    ┆ Alignment process exited │
│                ┆              ┆           ┆                     ┆                     ┆        ┆              ┆           ┆         ┆ with code 1              │
│ A-1003         ┆ WGS_GERMLINE ┆ RUNNING   ┆ 2026-09-20T10:05:00 ┆                     ┆ S003   ┆ 0.93         ┆ 821550    ┆ prod    ┆                          │
│ A-1004         ┆ RNA_SEQ      ┆ SUCCEEDED ┆ 2026-09-20T11:00:00 ┆ 2026-09-20T11:18:20 ┆ S004   ┆ 0.62         ┆ 934441    ┆ staging ┆                          │
└────────────────┴──────────────┴───────────┴─────────────────────┴─────────────────────┴────────┴──────────────┴───────────┴─────────┴──────────────────────────┘
4 rows.
22:52:11.878781 [info ]: Finished running [  0.05s] model main.inline [success]
22:52:11.879125 [info ]: Finished running [  0.05s] (1 nodes, 0 skipped, 0 errors)
22:52:11.879477 [info ]:  Succeeded model main.inline (ephemeral) [1 of 1 in 0.06s]
22:52:11.951043 [info ]: 
==================== Execution Summary =====================
Finished 'show' successfully for target 'dev' [596ms]
==================== 2026-09-23T22:54:36.904239Z | 01a0d07a-6362-77d1-b8e0-2e0db749cbb7 ====================
22:54:36.904596 [info ]: dbt 2.0.6
22:54:36.905706 [info ]: Started loading project
22:54:36.911959 [info ]: Loading profiles.yml
22:54:36.919469 [debug]:    Started loading packages
22:54:36.929127 [debug]:     Loaded [  0.01s] packages
22:54:36.933674 [info ]: Finished loading project [  0.03s]
22:54:36.935195 [info ]: Started parsing
22:54:37.010381 [debug]: Finished parsing models/marts/schema.yml [  0.00s]
22:54:37.011021 [debug]: Finished parsing models/sources.yml [  0.00s]
22:54:37.018312 [debug]: Finished parsing models/intermediate/int_kafka_pipeline_runs.sql [  0.00s]
22:54:37.019561 [debug]: Finished parsing models/marts/fct_pipeline_monitoring.sql [  0.00s]
22:54:37.020567 [debug]: Finished parsing models/staging/stg_flow_b_runs.sql [  0.00s]
22:54:37.021495 [debug]: Finished parsing models/staging/stg_kafka_events.sql [  0.00s]
22:54:37.022500 [debug]: Finished parsing models/staging/stg_pipeline_a_runs.sql [  0.00s]
22:54:37.023190 [debug]: Finished parsing models/staging/stg_pipeline_runs.sql [  0.00s]
22:54:37.026925 [debug]: Finished parsing target\inline_f64bf020.sql [  0.02s]
22:54:37.414329 [info ]: Finished parsing [  0.48s]
22:54:37.416704 [info ]: Started scheduling
22:54:37.417262 [info ]: Finished scheduling [  0.00s]
22:54:37.429707 [info ]: Started building task graph
22:54:37.430808 [info ]: Finished building task graph [  0.00s]
22:54:37.437693 [info ]: Started rendering (1 nodes)
22:54:37.438004 [info ]: Started model main.inline
22:54:37.438041 [debug]: Started rendering model main.inline
22:54:37.442042 [debug]: Compiled SQL for node model..inline at target\compiled\target\inline_f64bf020.sql
22:54:37.442853 [debug]: Finished rendering [  0.00s] model main.inline [success]
22:54:37.443448 [info ]: Finished rendering [  0.01s] (1 nodes, 0 skipped, 0 errors)
22:54:37.443905 [info ]: Started analyzing (1 nodes)
22:54:37.444110 [debug]: Started analyzing model main.inline
22:54:37.475206 [debug]: Finished analyzing [  0.03s] model main.inline [success]
22:54:37.475785 [info ]: Finished analyzing [  0.03s] (1 nodes, 0 skipped, 0 errors)
22:54:37.476667 [info ]: Started running (1 nodes)
22:54:37.476959 [info ]: Started running model main.inline
22:54:37.480113 [debug]: DuckDB driver resolved: duckdb 1.5.4
22:54:37.520751 [error]: [Generic (dbt1000)]: Internal: Binder Error: WHERE clause cannot contain aggregates!

LINE 3:   SELECT * FROM main_raw.raw_pipeline_a_runs WHERE COUNT(*)-COUNT(executiono) > 0
                                                           ^ (sqlstate: [0, 0, 0, 0, 0], vendor_code: -2147483648)
22:54:37.520980 [info ]: Finished running [  0.04s] model main.inline [error]
22:54:37.521490 [info ]: Finished running [  0.04s] (1 nodes, 0 skipped, 1 errors)
22:54:37.522117 [info ]:     Failed model main.inline (ephemeral) [1 of 1 in 0.08s]
22:54:37.596467 [info ]: 
==================== Execution Summary =====================
Finished 'show' with 1 error for target 'dev' [692ms]
==================== 2026-09-23T22:54:52.360234Z | 01a0d07a-9fc2-7ac0-ba6b-71ee1a8689fd ====================
22:54:52.360613 [info ]: dbt 2.0.6
22:54:52.361784 [info ]: Started loading project
22:54:52.368344 [info ]: Loading profiles.yml
22:54:52.376351 [debug]:    Started loading packages
22:54:52.385727 [debug]:     Loaded [  0.01s] packages
22:54:52.391194 [info ]: Finished loading project [  0.03s]
22:54:52.393272 [info ]: Started parsing
22:54:52.491751 [debug]: Finished parsing models/marts/schema.yml [  0.00s]
22:54:52.492399 [debug]: Finished parsing models/sources.yml [  0.00s]
22:54:52.499339 [debug]: Finished parsing models/intermediate/int_kafka_pipeline_runs.sql [  0.00s]
22:54:52.500376 [debug]: Finished parsing models/marts/fct_pipeline_monitoring.sql [  0.00s]
22:54:52.501498 [debug]: Finished parsing models/staging/stg_flow_b_runs.sql [  0.00s]
22:54:52.502701 [debug]: Finished parsing models/staging/stg_kafka_events.sql [  0.00s]
22:54:52.503711 [debug]: Finished parsing models/staging/stg_pipeline_a_runs.sql [  0.00s]
22:54:52.504596 [debug]: Finished parsing models/staging/stg_pipeline_runs.sql [  0.00s]
22:54:52.507120 [debug]: Finished parsing target\inline_e1708199.sql [  0.01s]
22:54:52.899007 [info ]: Finished parsing [  0.51s]
22:54:52.901093 [info ]: Started scheduling
22:54:52.901588 [info ]: Finished scheduling [  0.00s]
22:54:52.912354 [info ]: Started building task graph
22:54:52.912816 [info ]: Finished building task graph [  0.00s]
22:54:52.919563 [info ]: Started rendering (1 nodes)
22:54:52.919878 [info ]: Started model main.inline
22:54:52.919915 [debug]: Started rendering model main.inline
22:54:52.924540 [debug]: Compiled SQL for node model..inline at target\compiled\target\inline_e1708199.sql
22:54:52.925011 [debug]: Finished rendering [  0.01s] model main.inline [success]
22:54:52.925535 [info ]: Finished rendering [  0.01s] (1 nodes, 0 skipped, 0 errors)
22:54:52.941320 [info ]: Started analyzing (1 nodes)
22:54:52.941730 [debug]: Started analyzing model main.inline
22:54:52.960601 [debug]: Finished analyzing [  0.02s] model main.inline [success]
22:54:52.961182 [info ]: Finished analyzing [  0.02s] (1 nodes, 0 skipped, 0 errors)
22:54:52.962006 [info ]: Started running (1 nodes)
22:54:52.962276 [info ]: Started running model main.inline
22:54:52.965601 [debug]: DuckDB driver resolved: duckdb 1.5.4
22:54:53.008522 [error]: [Generic (dbt1000)]: Internal: Binder Error: WHERE clause cannot contain aggregates!

LINE 3:   SELECT * FROM main_raw.raw_pipeline_a_runs WHERE COUNT(*)-COUNT(executiono) > 0 GROUP BY execution_uuid
                                                           ^ (sqlstate: [0, 0, 0, 0, 0], vendor_code: -2147483648)
22:54:53.008785 [info ]: Finished running [  0.05s] model main.inline [error]
22:54:53.009263 [info ]: Finished running [  0.05s] (1 nodes, 0 skipped, 1 errors)
22:54:53.009607 [info ]:     Failed model main.inline (ephemeral) [1 of 1 in 0.07s]
22:54:53.084523 [info ]: 
==================== Execution Summary =====================
Finished 'show' with 1 error for target 'dev' [724ms]
==================== 2026-09-23T22:55:54.452438Z | 01a0d07b-924e-7130-8855-ee0c09cd9f16 ====================
22:55:54.452808 [info ]: dbt 2.0.6
22:55:54.453964 [info ]: Started loading project
22:55:54.460109 [info ]: Loading profiles.yml
22:55:54.468736 [debug]:    Started loading packages
22:55:54.478328 [debug]:     Loaded [  0.01s] packages
22:55:54.482459 [info ]: Finished loading project [  0.03s]
22:55:54.483887 [info ]: Started parsing
22:55:54.555460 [debug]: Finished parsing models/marts/schema.yml [  0.00s]
22:55:54.556215 [debug]: Finished parsing models/sources.yml [  0.00s]
22:55:54.564147 [debug]: Finished parsing models/intermediate/int_kafka_pipeline_runs.sql [  0.00s]
22:55:54.565271 [debug]: Finished parsing models/marts/fct_pipeline_monitoring.sql [  0.00s]
22:55:54.566125 [debug]: Finished parsing models/staging/stg_flow_b_runs.sql [  0.00s]
22:55:54.567024 [debug]: Finished parsing models/staging/stg_kafka_events.sql [  0.00s]
22:55:54.567977 [debug]: Finished parsing models/staging/stg_pipeline_a_runs.sql [  0.00s]
22:55:54.568740 [debug]: Finished parsing models/staging/stg_pipeline_runs.sql [  0.00s]
22:55:54.572784 [debug]: Finished parsing target\inline_b3e1f775.sql [  0.01s]
22:55:54.934935 [info ]: Finished parsing [  0.45s]
22:55:54.936955 [info ]: Started scheduling
22:55:54.937501 [info ]: Finished scheduling [  0.00s]
22:55:54.949836 [info ]: Started building task graph
22:55:54.950318 [info ]: Finished building task graph [  0.00s]
22:55:54.957170 [info ]: Started rendering (1 nodes)
22:55:54.957491 [info ]: Started model main.inline
22:55:54.957521 [debug]: Started rendering model main.inline
22:55:54.961718 [debug]: Compiled SQL for node model..inline at target\compiled\target\inline_b3e1f775.sql
22:55:54.962043 [debug]: Finished rendering [  0.00s] model main.inline [success]
22:55:54.962515 [info ]: Finished rendering [  0.01s] (1 nodes, 0 skipped, 0 errors)
22:55:54.963076 [info ]: Started analyzing (1 nodes)
22:55:54.963271 [debug]: Started analyzing model main.inline
22:55:54.982419 [debug]: Finished analyzing [  0.02s] model main.inline [success]
22:55:54.983404 [info ]: Finished analyzing [  0.02s] (1 nodes, 0 skipped, 0 errors)
22:55:54.984034 [info ]: Started running (1 nodes)
22:55:54.984323 [info ]: Started running model main.inline
22:55:54.987477 [debug]: DuckDB driver resolved: duckdb 1.5.4
22:55:55.040488 [debug]: Query executed on node unknown:

  
  SELECT SUM( CASE WHEN execution_uuid IS NULL THEN 1 ELSE 0 END) FROM main_raw.raw_pipeline_a_runs
  
  limit 10

22:55:55.041468 [info ]: [34m[1mQuery[0m [1mshow_sql_operation_inline[0m
┌────────────────────────────────────────────────────────────────┐
│[1m sum(CASE  WHEN ((execution_uuid IS NULL)) THEN (1) ELSE 0 END) [0m│
╞════════════════════════════════════════════════════════════════╡
│ 0                                                              │
└────────────────────────────────────────────────────────────────┘
1 rows.
22:55:55.042360 [info ]: Finished running [  0.06s] model main.inline [success]
22:55:55.042813 [info ]: Finished running [  0.06s] (1 nodes, 0 skipped, 0 errors)
22:55:55.043402 [info ]:  Succeeded model main.inline (ephemeral) [1 of 1 in 0.08s]
22:55:55.114646 [info ]: 
==================== Execution Summary =====================
Finished 'show' successfully for target 'dev' [662ms]
==================== 2026-09-23T22:56:07.495553Z | 01a0d07b-c541-7013-9787-dde613f2bc18 ====================
22:56:07.495903 [info ]: dbt 2.0.6
22:56:07.496883 [info ]: Started loading project
22:56:07.502786 [info ]: Loading profiles.yml
22:56:07.510568 [debug]:    Started loading packages
22:56:07.518118 [debug]:     Loaded [  0.01s] packages
22:56:07.521418 [info ]: Finished loading project [  0.02s]
22:56:07.522758 [info ]: Started parsing
22:56:07.616774 [debug]: Finished parsing models/marts/schema.yml [  0.00s]
22:56:07.617526 [debug]: Finished parsing models/sources.yml [  0.00s]
22:56:07.626954 [debug]: Finished parsing models/intermediate/int_kafka_pipeline_runs.sql [  0.00s]
22:56:07.628184 [debug]: Finished parsing models/marts/fct_pipeline_monitoring.sql [  0.00s]
22:56:07.629072 [debug]: Finished parsing models/staging/stg_flow_b_runs.sql [  0.00s]
22:56:07.629833 [debug]: Finished parsing models/staging/stg_kafka_events.sql [  0.00s]
22:56:07.630637 [debug]: Finished parsing models/staging/stg_pipeline_a_runs.sql [  0.00s]
22:56:07.630898 [debug]: Finished parsing target\inline_2039ea9b.sql [  0.01s]
22:56:07.631401 [debug]: Finished parsing models/staging/stg_pipeline_runs.sql [  0.00s]
22:56:07.995393 [info ]: Finished parsing [  0.47s]
22:56:07.997517 [info ]: Started scheduling
22:56:07.998128 [info ]: Finished scheduling [  0.00s]
22:56:08.008619 [info ]: Started building task graph
22:56:08.009465 [info ]: Finished building task graph [  0.00s]
22:56:08.015736 [info ]: Started rendering (1 nodes)
22:56:08.015976 [info ]: Started model main.inline
22:56:08.016009 [debug]: Started rendering model main.inline
22:56:08.020631 [debug]: Compiled SQL for node model..inline at target\compiled\target\inline_2039ea9b.sql
22:56:08.021133 [debug]: Finished rendering [  0.01s] model main.inline [success]
22:56:08.021760 [info ]: Finished rendering [  0.01s] (1 nodes, 0 skipped, 0 errors)
22:56:08.022259 [info ]: Started analyzing (1 nodes)
22:56:08.022580 [debug]: Started analyzing model main.inline
22:56:08.055548 [warn ]: [SyntaxInvalid (dbt0101)]: mismatched input 'main_raw' expecting one of <EOF>, ';'
  --> target/inline_2039ea9b.sql:1:93 (target\compiled\target\inline_2039ea9b.sql:1:93)
22:56:08.055746 [debug]: Finished analyzing [  0.03s] model main.inline [success]
22:56:08.056183 [info ]: Finished analyzing [  0.03s] (1 nodes, 0 skipped, 0 errors)
22:56:08.056819 [info ]: Started running (1 nodes)
22:56:08.057036 [info ]: Started running model main.inline
22:56:08.060613 [debug]: DuckDB driver resolved: duckdb 1.5.4
22:56:08.102142 [error]: [Generic (dbt1000)]: Internal: Parser Error: syntax error at or near "main_raw"

LINE 3: ... IS NULL THEN 1 ELSE 0 END) as execution_uuid_nullsFROM main_raw.raw_pipeline_a_runs
                                                                   ^ (sqlstate: [0, 0, 0, 0, 0], vendor_code: -2147483648)
22:56:08.102359 [info ]: Finished running [  0.05s] model main.inline [error]
22:56:08.102844 [info ]: Finished running [  0.05s] (1 nodes, 0 skipped, 1 errors)
22:56:08.103441 [info ]:     Failed model main.inline (ephemeral) [1 of 1 in 0.08s]
22:56:08.176014 [info ]: 
==================== Execution Summary =====================
Finished 'show' with 1 warning and 1 error for target 'dev' [680ms]
==================== 2026-09-23T22:56:11.985003Z | 01a0d07b-d6cb-73b1-8982-6945791d5c71 ====================
22:56:11.985378 [info ]: dbt 2.0.6
22:56:11.986605 [info ]: Started loading project
22:56:11.992707 [info ]: Loading profiles.yml
22:56:12.001546 [debug]:    Started loading packages
22:56:12.011696 [debug]:     Loaded [  0.01s] packages
22:56:12.016573 [info ]: Finished loading project [  0.03s]
22:56:12.017991 [info ]: Started parsing
22:56:12.088299 [debug]: Finished parsing models/marts/schema.yml [  0.00s]
22:56:12.088931 [debug]: Finished parsing models/sources.yml [  0.00s]
22:56:12.100175 [debug]: Finished parsing models/intermediate/int_kafka_pipeline_runs.sql [  0.00s]
22:56:12.101475 [debug]: Finished parsing models/marts/fct_pipeline_monitoring.sql [  0.00s]
22:56:12.102374 [debug]: Finished parsing models/staging/stg_flow_b_runs.sql [  0.00s]
22:56:12.102768 [debug]: Finished parsing target\inline_8ce5988b.sql [  0.01s]
22:56:12.103220 [debug]: Finished parsing models/staging/stg_kafka_events.sql [  0.00s]
22:56:12.104102 [debug]: Finished parsing models/staging/stg_pipeline_a_runs.sql [  0.00s]
22:56:12.104843 [debug]: Finished parsing models/staging/stg_pipeline_runs.sql [  0.00s]
22:56:12.414872 [info ]: Finished parsing [  0.40s]
22:56:12.417580 [info ]: Started scheduling
22:56:12.418241 [info ]: Finished scheduling [  0.00s]
22:56:12.432485 [info ]: Started building task graph
22:56:12.433008 [info ]: Finished building task graph [  0.00s]
22:56:12.444694 [info ]: Started rendering (1 nodes)
22:56:12.445064 [info ]: Started model main.inline
22:56:12.445098 [debug]: Started rendering model main.inline
22:56:12.448967 [debug]: Compiled SQL for node model..inline at target\compiled\target\inline_8ce5988b.sql
22:56:12.449632 [debug]: Finished rendering [  0.00s] model main.inline [success]
22:56:12.450060 [info ]: Finished rendering [  0.01s] (1 nodes, 0 skipped, 0 errors)
22:56:12.450486 [info ]: Started analyzing (1 nodes)
22:56:12.450701 [debug]: Started analyzing model main.inline
22:56:12.469917 [debug]: Finished analyzing [  0.02s] model main.inline [success]
22:56:12.470511 [info ]: Finished analyzing [  0.02s] (1 nodes, 0 skipped, 0 errors)
22:56:12.471073 [info ]: Started running (1 nodes)
22:56:12.471313 [info ]: Started running model main.inline
22:56:12.474795 [debug]: DuckDB driver resolved: duckdb 1.5.4
22:56:12.518674 [debug]: Query executed on node unknown:

  
  SELECT SUM( CASE WHEN execution_uuid IS NULL THEN 1 ELSE 0 END) as execution_uuid_nulls FROM main_raw.raw_pipeline_a_runs
  
  limit 10

22:56:12.519584 [info ]: [34m[1mQuery[0m [1mshow_sql_operation_inline[0m
┌──────────────────────┐
│[1m execution_uuid_nulls [0m│
╞══════════════════════╡
│ 0                    │
└──────────────────────┘
1 rows.
22:56:12.520136 [info ]: Finished running [  0.05s] model main.inline [success]
22:56:12.520516 [info ]: Finished running [  0.05s] (1 nodes, 0 skipped, 0 errors)
22:56:12.520899 [info ]:  Succeeded model main.inline (ephemeral) [1 of 1 in 0.07s]
22:56:12.588862 [info ]: 
==================== Execution Summary =====================
Finished 'show' successfully for target 'dev' [603ms]
==================== 2026-09-23T22:57:20.681006Z | 01a0d07c-e322-7712-902c-a13f2e2fcca9 ====================
22:57:20.681380 [info ]: dbt 2.0.6
22:57:20.682576 [info ]: Started loading project
22:57:20.688937 [info ]: Loading profiles.yml
22:57:20.698168 [debug]:    Started loading packages
22:57:20.706074 [debug]:     Loaded [  0.01s] packages
22:57:20.710982 [info ]: Finished loading project [  0.03s]
22:57:20.712302 [info ]: Started parsing
22:57:20.790143 [debug]: Finished parsing models/marts/schema.yml [  0.00s]
22:57:20.790870 [debug]: Finished parsing models/sources.yml [  0.00s]
22:57:20.798881 [debug]: Finished parsing models/intermediate/int_kafka_pipeline_runs.sql [  0.00s]
22:57:20.800230 [debug]: Finished parsing models/marts/fct_pipeline_monitoring.sql [  0.00s]
22:57:20.801301 [debug]: Finished parsing models/staging/stg_flow_b_runs.sql [  0.00s]
22:57:20.802310 [debug]: Finished parsing models/staging/stg_kafka_events.sql [  0.00s]
22:57:20.803178 [debug]: Finished parsing models/staging/stg_pipeline_a_runs.sql [  0.00s]
22:57:20.803867 [debug]: Finished parsing models/staging/stg_pipeline_runs.sql [  0.00s]
22:57:20.808827 [debug]: Finished parsing target\inline_2bb92202.sql [  0.02s]
22:57:21.192460 [info ]: Finished parsing [  0.48s]
22:57:21.194593 [info ]: Started scheduling
22:57:21.195121 [info ]: Finished scheduling [  0.00s]
22:57:21.205687 [info ]: Started building task graph
22:57:21.206302 [info ]: Finished building task graph [  0.00s]
22:57:21.213564 [info ]: Started rendering (1 nodes)
22:57:21.213984 [info ]: Started model main.inline
22:57:21.214039 [debug]: Started rendering model main.inline
22:57:21.218457 [debug]: Compiled SQL for node model..inline at target\compiled\target\inline_2bb92202.sql
22:57:21.218908 [debug]: Finished rendering [  0.00s] model main.inline [success]
22:57:21.219418 [info ]: Finished rendering [  0.01s] (1 nodes, 0 skipped, 0 errors)
22:57:21.219911 [info ]: Started analyzing (1 nodes)
22:57:21.220127 [debug]: Started analyzing model main.inline
22:57:21.241368 [debug]: Finished analyzing [  0.02s] model main.inline [success]
22:57:21.242093 [info ]: Finished analyzing [  0.02s] (1 nodes, 0 skipped, 0 errors)
22:57:21.243011 [info ]: Started running (1 nodes)
22:57:21.243262 [info ]: Started running model main.inline
22:57:21.246701 [debug]: DuckDB driver resolved: duckdb 1.5.4
22:57:21.290126 [debug]: Query executed on node unknown:

  
  SELECT
    SUM(CASE WHEN execution_uuid IS NULL THEN 1 ELSE 0 END) AS execution_uuid_nulls,
    SUM(CASE WHEN state IS NULL THEN 1 ELSE 0 END) AS state_nulls,
    SUM(CASE WHEN start_ts IS NULL THEN 1 ELSE 0 END) AS start_ts_nulls,
    SUM(CASE WHEN end_ts IS NULL THEN 1 ELSE 0 END) AS end_ts_nulls
FROM main_raw.raw_pipeline_a_runs
  
  limit 10

22:57:21.291504 [info ]: [34m[1mQuery[0m [1mshow_sql_operation_inline[0m
┌──────────────────────┬─────────────┬────────────────┬──────────────┐
│[1m execution_uuid_nulls [0m┆[1m state_nulls [0m┆[1m start_ts_nulls [0m┆[1m end_ts_nulls [0m│
╞══════════════════════╪═════════════╪════════════════╪══════════════╡
│ 0                    ┆ 0           ┆ 0              ┆ 1            │
└──────────────────────┴─────────────┴────────────────┴──────────────┘
1 rows.
22:57:21.292219 [info ]: Finished running [  0.05s] model main.inline [success]
22:57:21.292990 [info ]: Finished running [  0.05s] (1 nodes, 0 skipped, 0 errors)
22:57:21.293499 [info ]:  Succeeded model main.inline (ephemeral) [1 of 1 in 0.07s]
22:57:21.368317 [info ]: 
==================== Execution Summary =====================
Finished 'show' successfully for target 'dev' [687ms]
==================== 2026-09-23T23:04:21.294623Z | 01a0d083-4e2b-7de3-bc90-5e3f3deb4dfd ====================
23:04:21.294795 [info ]: dbt 2.0.6
23:04:21.295269 [info ]: Started loading project
23:04:21.298112 [info ]: Loading profiles.yml
23:04:21.300961 [debug]:    Started loading packages
23:04:21.304414 [debug]:     Loaded [  0.00s] packages
23:04:21.306404 [info ]: Finished loading project [  0.01s]
23:04:21.307040 [info ]: Started parsing
23:04:21.338012 [debug]: Finished parsing models/marts/schema.yml [  0.00s]
23:04:21.338330 [debug]: Finished parsing models/sources.yml [  0.00s]
23:04:21.341859 [debug]: Finished parsing models/intermediate/int_kafka_pipeline_runs.sql [  0.00s]
23:04:21.342451 [debug]: Finished parsing models/marts/fct_pipeline_monitoring.sql [  0.00s]
23:04:21.342825 [debug]: Finished parsing models/staging/stg_flow_b_runs.sql [  0.00s]
23:04:21.343177 [debug]: Finished parsing models/staging/stg_kafka_events.sql [  0.00s]
23:04:21.343545 [debug]: Finished parsing models/staging/stg_pipeline_a_runs.sql [  0.00s]
23:04:21.343810 [debug]: Finished parsing models/staging/stg_pipeline_runs.sql [  0.00s]
23:04:21.345852 [debug]: Finished parsing target\inline_e17edbfe.sql [  0.01s]
23:04:21.473935 [info ]: Finished parsing [  0.17s]
23:04:21.474916 [info ]: Started scheduling
23:04:21.475217 [info ]: Finished scheduling [  0.00s]
23:04:21.481290 [info ]: Started building task graph
23:04:21.481511 [info ]: Finished building task graph [  0.00s]
23:04:21.484819 [info ]: Started rendering (1 nodes)
23:04:21.484944 [info ]: Started model main.inline
23:04:21.484966 [debug]: Started rendering model main.inline
23:04:21.487074 [debug]: Compiled SQL for node model..inline at target\compiled\target\inline_e17edbfe.sql
23:04:21.487378 [debug]: Finished rendering [  0.00s] model main.inline [success]
23:04:21.487600 [info ]: Finished rendering [  0.00s] (1 nodes, 0 skipped, 0 errors)
23:04:21.487787 [info ]: Started analyzing (1 nodes)
23:04:21.487878 [debug]: Started analyzing model main.inline
23:04:21.492624 [debug]: Finished analyzing [  0.00s] model main.inline [success]
23:04:21.492818 [info ]: Finished analyzing [  0.01s] (1 nodes, 0 skipped, 0 errors)
23:04:21.493005 [info ]: Started running (1 nodes)
23:04:21.493091 [info ]: Started running model main.inline
23:04:21.494606 [debug]: DuckDB driver resolved: duckdb 1.5.4
23:04:21.512856 [error]: [Generic (dbt1000)]: Internal: Binder Error: Referenced column "status" not found in FROM clause!
Candidate bindings: "state", "start_ts", "end_ts", "sample"

LINE 3:   SELECT status FROM main_raw.raw_pipeline_a_runs
                 ^ (sqlstate: [0, 0, 0, 0, 0], vendor_code: -2147483648)
23:04:21.512977 [info ]: Finished running [  0.02s] model main.inline [error]
23:04:21.513179 [info ]: Finished running [  0.02s] (1 nodes, 0 skipped, 1 errors)
23:04:21.513388 [info ]:     Failed model main.inline (ephemeral) [1 of 1 in 0.03s]
23:04:21.842169 [info ]: 
==================== Execution Summary =====================
Finished 'show' with 1 error for target 'dev' [547ms]
==================== 2026-09-23T23:04:26.229340Z | 01a0d083-6172-7b12-a9ad-533e66248de4 ====================
23:04:26.229501 [info ]: dbt 2.0.6
23:04:26.229953 [info ]: Started loading project
23:04:26.232629 [info ]: Loading profiles.yml
23:04:26.235617 [debug]:    Started loading packages
23:04:26.239652 [debug]:     Loaded [  0.00s] packages
23:04:26.241910 [info ]: Finished loading project [  0.01s]
23:04:26.242488 [info ]: Started parsing
23:04:26.273039 [debug]: Finished parsing models/marts/schema.yml [  0.00s]
23:04:26.273301 [debug]: Finished parsing models/sources.yml [  0.00s]
23:04:26.276652 [debug]: Finished parsing models/intermediate/int_kafka_pipeline_runs.sql [  0.00s]
23:04:26.277117 [debug]: Finished parsing models/marts/fct_pipeline_monitoring.sql [  0.00s]
23:04:26.277440 [debug]: Finished parsing models/staging/stg_flow_b_runs.sql [  0.00s]
23:04:26.277740 [debug]: Finished parsing models/staging/stg_kafka_events.sql [  0.00s]
23:04:26.278055 [debug]: Finished parsing models/staging/stg_pipeline_a_runs.sql [  0.00s]
23:04:26.278318 [debug]: Finished parsing models/staging/stg_pipeline_runs.sql [  0.00s]
23:04:26.285148 [debug]: Finished parsing target\inline_b2fc879f.sql [  0.01s]
23:04:26.412742 [info ]: Finished parsing [  0.17s]
23:04:26.413734 [info ]: Started scheduling
23:04:26.413984 [info ]: Finished scheduling [  0.00s]
23:04:26.418957 [info ]: Started building task graph
23:04:26.419132 [info ]: Finished building task graph [  0.00s]
23:04:26.421988 [info ]: Started rendering (1 nodes)
23:04:26.422095 [info ]: Started model main.inline
23:04:26.422116 [debug]: Started rendering model main.inline
23:04:26.423978 [debug]: Compiled SQL for node model..inline at target\compiled\target\inline_b2fc879f.sql
23:04:26.424131 [debug]: Finished rendering [  0.00s] model main.inline [success]
23:04:26.424355 [info ]: Finished rendering [  0.00s] (1 nodes, 0 skipped, 0 errors)
23:04:26.424582 [info ]: Started analyzing (1 nodes)
23:04:26.424679 [debug]: Started analyzing model main.inline
23:04:26.429218 [debug]: Finished analyzing [  0.00s] model main.inline [success]
23:04:26.429414 [info ]: Finished analyzing [  0.00s] (1 nodes, 0 skipped, 0 errors)
23:04:26.429637 [info ]: Started running (1 nodes)
23:04:26.429721 [info ]: Started running model main.inline
23:04:26.431227 [debug]: DuckDB driver resolved: duckdb 1.5.4
23:04:26.449086 [debug]: Query executed on node unknown:

  
  SELECT state FROM main_raw.raw_pipeline_a_runs
  
  limit 10

23:04:26.449459 [info ]: [34m[1mQuery[0m [1mshow_sql_operation_inline[0m
┌───────────┐
│[1m state     [0m│
╞═══════════╡
│ COMPLETED │
│ FAILED    │
│ RUNNING   │
│ SUCCEEDED │
└───────────┘
4 rows.
23:04:26.449664 [info ]: Finished running [  0.02s] model main.inline [success]
23:04:26.449820 [info ]: Finished running [  0.02s] (1 nodes, 0 skipped, 0 errors)
23:04:26.449996 [info ]:  Succeeded model main.inline (ephemeral) [1 of 1 in 0.03s]
23:04:26.712663 [info ]: 
==================== Execution Summary =====================
Finished 'show' successfully for target 'dev' [483ms]
==================== 2026-09-23T23:04:39.106013Z | 01a0d083-93bf-7c23-87e5-8cb73b1780b1 ====================
23:04:39.106185 [info ]: dbt 2.0.6
23:04:39.106657 [info ]: Started loading project
23:04:39.109569 [info ]: Loading profiles.yml
23:04:39.112523 [debug]:    Started loading packages
23:04:39.115967 [debug]:     Loaded [  0.00s] packages
23:04:39.117953 [info ]: Finished loading project [  0.01s]
23:04:39.118489 [info ]: Started parsing
23:04:39.151334 [debug]: Finished parsing models/marts/schema.yml [  0.00s]
23:04:39.151620 [debug]: Finished parsing models/sources.yml [  0.00s]
23:04:39.154633 [debug]: Finished parsing models/intermediate/int_kafka_pipeline_runs.sql [  0.00s]
23:04:39.155088 [debug]: Finished parsing models/marts/fct_pipeline_monitoring.sql [  0.00s]
23:04:39.155473 [debug]: Finished parsing models/staging/stg_flow_b_runs.sql [  0.00s]
23:04:39.155846 [debug]: Finished parsing models/staging/stg_kafka_events.sql [  0.00s]
23:04:39.156204 [debug]: Finished parsing models/staging/stg_pipeline_a_runs.sql [  0.00s]
23:04:39.156459 [debug]: Finished parsing models/staging/stg_pipeline_runs.sql [  0.00s]
23:04:39.157600 [debug]: Finished parsing target\inline_bb05dbf6.sql [  0.01s]
23:04:39.288060 [info ]: Finished parsing [  0.17s]
23:04:39.288935 [info ]: Started scheduling
23:04:39.289140 [info ]: Finished scheduling [  0.00s]
23:04:39.294401 [info ]: Started building task graph
23:04:39.294591 [info ]: Finished building task graph [  0.00s]
23:04:39.297489 [info ]: Started rendering (1 nodes)
23:04:39.297592 [info ]: Started model main.inline
23:04:39.297609 [debug]: Started rendering model main.inline
23:04:39.299300 [debug]: Compiled SQL for node model..inline at target\compiled\target\inline_bb05dbf6.sql
23:04:39.299525 [debug]: Finished rendering [  0.00s] model main.inline [success]
23:04:39.299782 [info ]: Finished rendering [  0.00s] (1 nodes, 0 skipped, 0 errors)
23:04:39.300004 [info ]: Started analyzing (1 nodes)
23:04:39.300094 [debug]: Started analyzing model main.inline
23:04:39.304830 [debug]: Finished analyzing [  0.00s] model main.inline [success]
23:04:39.305036 [info ]: Finished analyzing [  0.01s] (1 nodes, 0 skipped, 0 errors)
23:04:39.305307 [info ]: Started running (1 nodes)
23:04:39.305409 [info ]: Started running model main.inline
23:04:39.307025 [debug]: DuckDB driver resolved: duckdb 1.5.4
23:04:39.324924 [error]: [Generic (dbt1000)]: Internal: Binder Error: Referenced column "state" not found in FROM clause!
Candidate bindings: "initiated_at", "sample_identifier"

LINE 3:   SELECT state FROM main_raw.raw_flow_b_runs
                 ^ (sqlstate: [0, 0, 0, 0, 0], vendor_code: -2147483648)
23:04:39.325046 [info ]: Finished running [  0.02s] model main.inline [error]
23:04:39.325277 [info ]: Finished running [  0.02s] (1 nodes, 0 skipped, 1 errors)
23:04:39.325471 [info ]:     Failed model main.inline (ephemeral) [1 of 1 in 0.02s]
23:04:39.586176 [info ]: 
==================== Execution Summary =====================
Finished 'show' with 1 error for target 'dev' [480ms]
==================== 2026-09-23T23:04:50.958056Z | 01a0d083-c20b-7de3-8ab7-6e8c1a5515a5 ====================
23:04:50.958218 [info ]: dbt 2.0.6
23:04:50.958674 [info ]: Started loading project
23:04:50.961488 [info ]: Loading profiles.yml
23:04:50.964409 [debug]:    Started loading packages
23:04:50.967741 [debug]:     Loaded [  0.00s] packages
23:04:50.969724 [info ]: Finished loading project [  0.01s]
23:04:50.970259 [info ]: Started parsing
23:04:51.003898 [debug]: Finished parsing models/marts/schema.yml [  0.00s]
23:04:51.004180 [debug]: Finished parsing models/sources.yml [  0.00s]
23:04:51.007846 [debug]: Finished parsing models/intermediate/int_kafka_pipeline_runs.sql [  0.00s]
23:04:51.008337 [debug]: Finished parsing models/marts/fct_pipeline_monitoring.sql [  0.00s]
23:04:51.008701 [debug]: Finished parsing models/staging/stg_flow_b_runs.sql [  0.00s]
23:04:51.009044 [debug]: Finished parsing models/staging/stg_kafka_events.sql [  0.00s]
23:04:51.009396 [debug]: Finished parsing models/staging/stg_pipeline_a_runs.sql [  0.00s]
23:04:51.009714 [debug]: Finished parsing models/staging/stg_pipeline_runs.sql [  0.00s]
23:04:51.010513 [debug]: Finished parsing target\inline_132cec35.sql [  0.01s]
23:04:51.172359 [info ]: Finished parsing [  0.20s]
23:04:51.173376 [info ]: Started scheduling
23:04:51.173646 [info ]: Finished scheduling [  0.00s]
23:04:51.179007 [info ]: Started building task graph
23:04:51.179198 [info ]: Finished building task graph [  0.00s]
23:04:51.182337 [info ]: Started rendering (1 nodes)
23:04:51.182469 [info ]: Started model main.inline
23:04:51.182487 [debug]: Started rendering model main.inline
23:04:51.184256 [debug]: Compiled SQL for node model..inline at target\compiled\target\inline_132cec35.sql
23:04:51.184437 [debug]: Finished rendering [  0.00s] model main.inline [success]
23:04:51.184640 [info ]: Finished rendering [  0.00s] (1 nodes, 0 skipped, 0 errors)
23:04:51.184825 [info ]: Started analyzing (1 nodes)
23:04:51.184917 [debug]: Started analyzing model main.inline
23:04:51.188753 [debug]: Finished analyzing [  0.00s] model main.inline [success]
23:04:51.188956 [info ]: Finished analyzing [  0.00s] (1 nodes, 0 skipped, 0 errors)
23:04:51.189156 [info ]: Started running (1 nodes)
23:04:51.189254 [info ]: Started running model main.inline
23:04:51.190815 [debug]: DuckDB driver resolved: duckdb 1.5.4
23:04:51.211151 [debug]: Query executed on node unknown:

  
  SELECT * FROM main_raw.raw_flow_b_runs
  
  limit 10

23:04:51.211585 [info ]: [34m[1mQuery[0m [1mshow_sql_operation_inline[0m
┌─────────┬────────────────────┬─────────────────────┬─────────────────────┬───────────────────┬─────────┬─────────────┐
│[1m flow_id [0m┆[1m flow_name          [0m┆[1m initiated_at        [0m┆[1m completed_at        [0m┆[1m sample_identifier [0m┆[1m records [0m┆[1m environment [0m│
╞═════════╪════════════════════╪═════════════════════╪═════════════════════╪═══════════════════╪═════════╪═════════════╡
│ B-2001  ┆ VARIANT_ANNOTATION ┆ 2026-09-20T07:45:00 ┆ 2026-09-20T07:53:12 ┆ S011              ┆ 125440  ┆ prod        │
│ B-2002  ┆ VARIANT_ANNOTATION ┆ 2026-09-20T08:15:00 ┆ 2026-09-20T08:21:30 ┆ S012              ┆ 129010  ┆ prod        │
│ B-2003  ┆ QC_REPORT          ┆ 2026-09-20T09:00:00 ┆ 2026-09-20T09:02:05 ┆ S013              ┆ 44      ┆ staging     │
└─────────┴────────────────────┴─────────────────────┴─────────────────────┴───────────────────┴─────────┴─────────────┘
3 rows.
23:04:51.211826 [info ]: Finished running [  0.02s] model main.inline [success]
23:04:51.212009 [info ]: Finished running [  0.02s] (1 nodes, 0 skipped, 0 errors)
23:04:51.212226 [info ]:  Succeeded model main.inline (ephemeral) [1 of 1 in 0.03s]
23:04:51.439170 [info ]: 
==================== Execution Summary =====================
Finished 'show' successfully for target 'dev' [481ms]
==================== 2026-09-24T09:48:36.571507Z | 01a0d2d1-2334-7b21-937d-9618b6885d54 ====================
09:48:36.579259 [info ]: dbt 2.0.6
09:48:36.592892 [info ]: Started loading project
09:48:36.648511 [info ]: Loading profiles.yml
09:48:36.791590 [debug]:    Started loading packages
09:48:36.843662 [debug]:     Loaded [  0.05s] packages
09:48:36.870878 [info ]: Finished loading project [  0.28s]
09:48:36.893088 [info ]: Started parsing
09:48:37.088403 [debug]: Finished parsing models/marts/schema.yml [  0.03s]
09:48:37.090774 [debug]: Finished parsing models/sources.yml [  0.00s]
09:48:37.104868 [debug]: Finished parsing target\inline_592e4745.sql [  0.04s]
09:48:37.179566 [debug]: Finished parsing models/intermediate/int_kafka_pipeline_runs.sql [  0.02s]
09:48:37.199144 [debug]: Finished parsing models/marts/fct_pipeline_monitoring.sql [  0.02s]
09:48:37.215163 [debug]: Finished parsing models/staging/stg_flow_b_runs.sql [  0.02s]
09:48:37.228736 [debug]: Finished parsing models/staging/stg_kafka_events.sql [  0.01s]
09:48:37.244882 [debug]: Finished parsing models/staging/stg_pipeline_a_runs.sql [  0.02s]
09:48:37.253101 [debug]: Finished parsing models/staging/stg_pipeline_runs.sql [  0.01s]
09:48:37.639040 [info ]: Finished parsing [  0.75s]
09:48:37.651073 [info ]: Started scheduling
09:48:37.658999 [info ]: Finished scheduling [  0.01s]
09:48:37.737160 [info ]: Started building task graph
09:48:37.742561 [info ]: Finished building task graph [  0.01s]
09:48:37.817723 [info ]: Started rendering (1 nodes)
09:48:37.818435 [info ]: Started model main.inline
09:48:37.818918 [debug]: Started rendering model main.inline
09:48:37.832591 [debug]: Compiled SQL for node model..inline at target\compiled\target\inline_592e4745.sql
09:48:37.835741 [debug]: Finished rendering [  0.02s] model main.inline [success]
09:48:37.836186 [info ]: Finished rendering [  0.02s] (1 nodes, 0 skipped, 0 errors)
09:48:37.838287 [info ]: Started analyzing (1 nodes)
09:48:37.838535 [debug]: Started analyzing model main.inline
09:48:37.883028 [debug]: Finished analyzing [  0.04s] model main.inline [success]
09:48:37.883598 [info ]: Finished analyzing [  0.05s] (1 nodes, 0 skipped, 0 errors)
09:48:37.884171 [info ]: Started running (1 nodes)
09:48:37.884419 [info ]: Started running model main.inline
09:48:37.892282 [debug]: DuckDB driver resolved: duckdb 1.5.4
09:48:38.282915 [debug]: Query executed on node unknown:

  
  SELECT * FROM main_raw.raw_pipeline_a_runs
  
  limit 10

09:48:38.291174 [info ]: [34m[1mQuery[0m [1mshow_sql_operation_inline[0m
┌────────────────┬──────────────┬───────────┬─────────────────────┬─────────────────────┬────────┬──────────────┬───────────┬─────────┬──────────────────────────┐
│[1m execution_uuid [0m┆[1m workflow     [0m┆[1m state     [0m┆[1m start_ts            [0m┆[1m end_ts              [0m┆[1m sample [0m┆[1m credits_used [0m┆[1m row_count [0m┆[1m env     [0m┆[1m err_msg                  [0m│
╞════════════════╪══════════════╪═══════════╪═════════════════════╪═════════════════════╪════════╪══════════════╪═══════════╪═════════╪══════════════════════════╡
│ A-1001         ┆ WGS_GERMLINE ┆ COMPLETED ┆ 2026-09-20T08:00:00 ┆ 2026-09-20T08:42:10 ┆ S001   ┆ 1.84         ┆ 1843321   ┆ prod    ┆                          │
│ A-1002         ┆ WGS_GERMLINE ┆ FAILED    ┆ 2026-09-20T09:10:00 ┆ 2026-09-20T09:24:35 ┆ S002   ┆ 0.71         ┆ 523004    ┆ prod    ┆ Alignment process exited │
│                ┆              ┆           ┆                     ┆                     ┆        ┆              ┆           ┆         ┆ with code 1              │
│ A-1003         ┆ WGS_GERMLINE ┆ RUNNING   ┆ 2026-09-20T10:05:00 ┆                     ┆ S003   ┆ 0.93         ┆ 821550    ┆ prod    ┆                          │
│ A-1004         ┆ RNA_SEQ      ┆ SUCCEEDED ┆ 2026-09-20T11:00:00 ┆ 2026-09-20T11:18:20 ┆ S004   ┆ 0.62         ┆ 934441    ┆ staging ┆                          │
└────────────────┴──────────────┴───────────┴─────────────────────┴─────────────────────┴────────┴──────────────┴───────────┴─────────┴──────────────────────────┘
4 rows.
09:48:38.293245 [info ]: Finished running [  0.41s] model main.inline [success]
09:48:38.293620 [info ]: Finished running [  0.41s] (1 nodes, 0 skipped, 0 errors)
09:48:38.294216 [info ]:  Succeeded model main.inline (ephemeral) [1 of 1 in 0.47s]
09:48:38.396052 [info ]: 
==================== Execution Summary =====================
Finished 'show' successfully for target 'dev' [1.8s]
==================== 2026-09-24T09:49:18.421021Z | 01a0d2d1-c6ce-7b41-b7ad-9ab474813b93 ====================
09:49:18.421433 [info ]: dbt 2.0.6
09:49:18.422512 [info ]: Started loading project
09:49:18.429156 [info ]: Loading profiles.yml
09:49:18.435863 [debug]:    Started loading packages
09:49:18.444851 [debug]:     Loaded [  0.01s] packages
09:49:18.450006 [info ]: Finished loading project [  0.03s]
09:49:18.451273 [info ]: Started parsing
09:49:18.532191 [debug]: Finished parsing models/marts/schema.yml [  0.00s]
09:49:18.532823 [debug]: Finished parsing models/sources.yml [  0.00s]
09:49:18.544828 [debug]: Finished parsing models/intermediate/int_kafka_pipeline_runs.sql [  0.00s]
09:49:18.546430 [debug]: Finished parsing models/marts/fct_pipeline_monitoring.sql [  0.00s]
09:49:18.547467 [debug]: Finished parsing models/staging/stg_flow_b_runs.sql [  0.00s]
09:49:18.548294 [debug]: Finished parsing models/staging/stg_kafka_events.sql [  0.00s]
09:49:18.549061 [debug]: Finished parsing models/staging/stg_pipeline_a_runs.sql [  0.00s]
09:49:18.550390 [debug]: Finished parsing models/staging/stg_pipeline_runs.sql [  0.00s]
09:49:18.554284 [debug]: Finished parsing target\inline_4c3898f3.sql [  0.02s]
09:49:18.903904 [info ]: Finished parsing [  0.45s]
09:49:18.906497 [info ]: Started scheduling
09:49:18.907034 [info ]: Finished scheduling [  0.00s]
09:49:18.920841 [info ]: Started building task graph
09:49:18.921347 [info ]: Finished building task graph [  0.00s]
09:49:18.930985 [info ]: Started rendering (1 nodes)
09:49:18.931500 [info ]: Started model main.inline
09:49:18.931550 [debug]: Started rendering model main.inline
09:49:18.935353 [debug]: Compiled SQL for node model..inline at target\compiled\target\inline_4c3898f3.sql
09:49:18.936024 [debug]: Finished rendering [  0.00s] model main.inline [success]
09:49:18.938429 [info ]: Finished rendering [  0.01s] (1 nodes, 0 skipped, 0 errors)
09:49:18.940883 [info ]: Started analyzing (1 nodes)
09:49:18.941170 [debug]: Started analyzing model main.inline
09:49:18.950406 [debug]: Finished analyzing [  0.01s] model main.inline [success]
09:49:18.951010 [info ]: Finished analyzing [  0.01s] (1 nodes, 0 skipped, 0 errors)
09:49:18.951486 [info ]: Started running (1 nodes)
09:49:18.951922 [info ]: Started running model main.inline
09:49:18.954959 [debug]: DuckDB driver resolved: duckdb 1.5.4
09:49:18.999189 [debug]: Query executed on node unknown:

  
  SELECT * FROM main_raw.raw_flow_b_runs
  
  limit 10

09:49:19.000447 [info ]: [34m[1mQuery[0m [1mshow_sql_operation_inline[0m
┌─────────┬────────────────────┬─────────────────────┬─────────────────────┬───────────────────┬─────────┬─────────────┐
│[1m flow_id [0m┆[1m flow_name          [0m┆[1m initiated_at        [0m┆[1m completed_at        [0m┆[1m sample_identifier [0m┆[1m records [0m┆[1m environment [0m│
╞═════════╪════════════════════╪═════════════════════╪═════════════════════╪═══════════════════╪═════════╪═════════════╡
│ B-2001  ┆ VARIANT_ANNOTATION ┆ 2026-09-20T07:45:00 ┆ 2026-09-20T07:53:12 ┆ S011              ┆ 125440  ┆ prod        │
│ B-2002  ┆ VARIANT_ANNOTATION ┆ 2026-09-20T08:15:00 ┆ 2026-09-20T08:21:30 ┆ S012              ┆ 129010  ┆ prod        │
│ B-2003  ┆ QC_REPORT          ┆ 2026-09-20T09:00:00 ┆ 2026-09-20T09:02:05 ┆ S013              ┆ 44      ┆ staging     │
└─────────┴────────────────────┴─────────────────────┴─────────────────────┴───────────────────┴─────────┴─────────────┘
3 rows.
09:49:19.001761 [info ]: Finished running [  0.05s] model main.inline [success]
09:49:19.002260 [info ]: Finished running [  0.05s] (1 nodes, 0 skipped, 0 errors)
09:49:19.002954 [info ]:  Succeeded model main.inline (ephemeral) [1 of 1 in 0.06s]
09:49:19.141117 [info ]: 
==================== Execution Summary =====================
Finished 'show' successfully for target 'dev' [720ms]
==================== 2026-09-24T10:02:21.842664Z | 01a0d2dd-bb0c-7823-a2ab-40e0725cca75 ====================
10:02:21.843090 [info ]: dbt 2.0.6
10:02:21.844277 [info ]: Started loading project
10:02:21.851364 [info ]: Loading profiles.yml
10:02:21.859694 [debug]:    Started loading packages
10:02:21.873364 [debug]:     Loaded [  0.01s] packages
10:02:21.878301 [info ]: Finished loading project [  0.03s]
10:02:21.880374 [info ]: Started parsing
10:02:21.962397 [debug]: Finished parsing models/marts/schema.yml [  0.00s]
10:02:21.965541 [debug]: Finished parsing models/sources.yml [  0.00s]
10:02:21.974068 [debug]: Finished parsing models/intermediate/int_kafka_pipeline_runs.sql [  0.00s]
10:02:21.975066 [debug]: Finished parsing models/marts/fct_pipeline_monitoring.sql [  0.00s]
10:02:21.975867 [debug]: Finished parsing models/staging/stg_flow_b_runs.sql [  0.00s]
10:02:21.976599 [debug]: Finished parsing models/staging/stg_kafka_events.sql [  0.00s]
10:02:21.977382 [debug]: Finished parsing models/staging/stg_pipeline_a_runs.sql [  0.00s]
10:02:21.978903 [debug]: Finished parsing models/staging/stg_pipeline_runs.sql [  0.00s]
10:02:21.982726 [debug]: Finished parsing target\inline_bfce76b8.sql [  0.02s]
10:02:22.326943 [info ]: Finished parsing [  0.45s]
10:02:22.329328 [info ]: Started scheduling
10:02:22.330212 [info ]: Finished scheduling [  0.00s]
10:02:22.340474 [info ]: Started building task graph
10:02:22.340971 [info ]: Finished building task graph [  0.00s]
10:02:22.350068 [info ]: Started rendering (1 nodes)
10:02:22.350670 [info ]: Started model main.inline
10:02:22.350712 [debug]: Started rendering model main.inline
10:02:22.355295 [debug]: Compiled SQL for node model..inline at target\compiled\target\inline_bfce76b8.sql
10:02:22.356075 [debug]: Finished rendering [  0.01s] model main.inline [success]
10:02:22.356511 [info ]: Finished rendering [  0.01s] (1 nodes, 0 skipped, 0 errors)
10:02:22.357007 [info ]: Started analyzing (1 nodes)
10:02:22.357270 [debug]: Started analyzing model main.inline
10:02:22.385363 [debug]: Finished analyzing [  0.03s] model main.inline [success]
10:02:22.385894 [info ]: Finished analyzing [  0.03s] (1 nodes, 0 skipped, 0 errors)
10:02:22.386572 [info ]: Started running (1 nodes)
10:02:22.386848 [info ]: Started running model main.inline
10:02:22.389481 [debug]: DuckDB driver resolved: duckdb 1.5.4
10:02:22.440035 [debug]: Query executed on node unknown:

  
  SELECT DISTINCT(environment) FROM main_raw.raw_flow_b_runs
  
  limit 10

10:02:22.441013 [info ]: [34m[1mQuery[0m [1mshow_sql_operation_inline[0m
┌─────────────┐
│[1m environment [0m│
╞═════════════╡
│ prod        │
│ staging     │
└─────────────┘
2 rows.
10:02:22.441725 [info ]: Finished running [  0.05s] model main.inline [success]
10:02:22.442121 [info ]: Finished running [  0.06s] (1 nodes, 0 skipped, 0 errors)
10:02:22.442645 [info ]:  Succeeded model main.inline (ephemeral) [1 of 1 in 0.09s]
10:02:22.511923 [info ]: 
==================== Execution Summary =====================
Finished 'show' successfully for target 'dev' [669ms]
==================== 2026-09-24T10:02:44.639485Z | 01a0d2de-1419-7502-a24d-240622f960e0 ====================
10:02:44.639826 [info ]: dbt 2.0.6
10:02:44.640976 [info ]: Started loading project
10:02:44.646851 [info ]: Loading profiles.yml
10:02:44.653050 [debug]:    Started loading packages
10:02:44.659961 [debug]:     Loaded [  0.01s] packages
10:02:44.665267 [info ]: Finished loading project [  0.02s]
10:02:44.666431 [info ]: Started parsing
10:02:44.750033 [debug]: Finished parsing models/marts/schema.yml [  0.00s]
10:02:44.750556 [debug]: Finished parsing models/sources.yml [  0.00s]
10:02:44.757525 [debug]: Finished parsing models/intermediate/int_kafka_pipeline_runs.sql [  0.00s]
10:02:44.758606 [debug]: Finished parsing models/marts/fct_pipeline_monitoring.sql [  0.00s]
10:02:44.759411 [debug]: Finished parsing models/staging/stg_flow_b_runs.sql [  0.00s]
10:02:44.760401 [debug]: Finished parsing models/staging/stg_kafka_events.sql [  0.00s]
10:02:44.761432 [debug]: Finished parsing models/staging/stg_pipeline_a_runs.sql [  0.00s]
10:02:44.762277 [debug]: Finished parsing target\inline_b8b8e77d.sql [  0.01s]
10:02:44.763287 [debug]: Finished parsing models/staging/stg_pipeline_runs.sql [  0.00s]
10:02:45.083755 [info ]: Finished parsing [  0.42s]
10:02:45.085714 [info ]: Started scheduling
10:02:45.086414 [info ]: Finished scheduling [  0.00s]
10:02:45.098414 [info ]: Started building task graph
10:02:45.098888 [info ]: Finished building task graph [  0.00s]
10:02:45.105914 [info ]: Started rendering (1 nodes)
10:02:45.106321 [info ]: Started model main.inline
10:02:45.106349 [debug]: Started rendering model main.inline
10:02:45.109534 [debug]: Compiled SQL for node model..inline at target\compiled\target\inline_b8b8e77d.sql
10:02:45.109867 [debug]: Finished rendering [  0.00s] model main.inline [success]
10:02:45.110315 [info ]: Finished rendering [  0.00s] (1 nodes, 0 skipped, 0 errors)
10:02:45.110947 [info ]: Started analyzing (1 nodes)
10:02:45.111529 [debug]: Started analyzing model main.inline
10:02:45.123167 [debug]: Finished analyzing [  0.01s] model main.inline [success]
10:02:45.123603 [info ]: Finished analyzing [  0.01s] (1 nodes, 0 skipped, 0 errors)
10:02:45.124043 [info ]: Started running (1 nodes)
10:02:45.124251 [info ]: Started running model main.inline
10:02:45.126818 [debug]: DuckDB driver resolved: duckdb 1.5.4
10:02:45.192922 [error]: [Generic (dbt1000)]: Internal: Binder Error: Referenced column "environment" not found in FROM clause!
Candidate bindings: "env", "row_count", "err_msg", "execution_uuid", "end_ts"

LINE 3:   SELECT DISTINCT(environment) FROM main_raw.raw_pipeline_a_runs
                          ^ (sqlstate: [0, 0, 0, 0, 0], vendor_code: -2147483648)
10:02:45.193734 [info ]: Finished running [  0.07s] model main.inline [error]
10:02:45.194226 [info ]: Finished running [  0.07s] (1 nodes, 0 skipped, 1 errors)
10:02:45.194825 [info ]:     Failed model main.inline (ephemeral) [1 of 1 in 0.08s]
10:02:45.270546 [info ]: 
==================== Execution Summary =====================
Finished 'show' with 1 error for target 'dev' [631ms]
==================== 2026-09-24T10:03:02.890464Z | 01a0d2de-5b65-72e1-8744-84e61fc2c7b7 ====================
10:03:02.890839 [info ]: dbt 2.0.6
10:03:02.892038 [info ]: Started loading project
10:03:02.898667 [info ]: Loading profiles.yml
10:03:02.909259 [debug]:    Started loading packages
10:03:02.917818 [debug]:     Loaded [  0.01s] packages
10:03:02.922108 [info ]: Finished loading project [  0.03s]
10:03:02.923597 [info ]: Started parsing
10:03:03.008788 [debug]: Finished parsing models/marts/schema.yml [  0.00s]
10:03:03.009459 [debug]: Finished parsing models/sources.yml [  0.00s]
10:03:03.017957 [debug]: Finished parsing models/intermediate/int_kafka_pipeline_runs.sql [  0.00s]
10:03:03.019078 [debug]: Finished parsing models/marts/fct_pipeline_monitoring.sql [  0.00s]
10:03:03.020081 [debug]: Finished parsing models/staging/stg_flow_b_runs.sql [  0.00s]
10:03:03.020921 [debug]: Finished parsing models/staging/stg_kafka_events.sql [  0.00s]
10:03:03.023948 [debug]: Finished parsing models/staging/stg_pipeline_a_runs.sql [  0.00s]
10:03:03.025478 [debug]: Finished parsing models/staging/stg_pipeline_runs.sql [  0.00s]
10:03:03.040133 [debug]: Finished parsing target\inline_3e702d87.sql [  0.03s]
10:03:03.373245 [info ]: Finished parsing [  0.45s]
10:03:03.375215 [info ]: Started scheduling
10:03:03.375808 [info ]: Finished scheduling [  0.00s]
10:03:03.385948 [info ]: Started building task graph
10:03:03.386544 [info ]: Finished building task graph [  0.00s]
10:03:03.392711 [info ]: Started rendering (1 nodes)
10:03:03.393010 [info ]: Started model main.inline
10:03:03.393086 [debug]: Started rendering model main.inline
10:03:03.397821 [debug]: Compiled SQL for node model..inline at target\compiled\target\inline_3e702d87.sql
10:03:03.398228 [debug]: Finished rendering [  0.01s] model main.inline [success]
10:03:03.398894 [info ]: Finished rendering [  0.01s] (1 nodes, 0 skipped, 0 errors)
10:03:03.399574 [info ]: Started analyzing (1 nodes)
10:03:03.399818 [debug]: Started analyzing model main.inline
10:03:03.414799 [debug]: Finished analyzing [  0.01s] model main.inline [success]
10:03:03.415196 [info ]: Finished analyzing [  0.02s] (1 nodes, 0 skipped, 0 errors)
10:03:03.415831 [info ]: Started running (1 nodes)
10:03:03.416066 [info ]: Started running model main.inline
10:03:03.418637 [debug]: DuckDB driver resolved: duckdb 1.5.4
10:03:03.463876 [debug]: Query executed on node unknown:

  
  SELECT DISTINCT(env) FROM main_raw.raw_pipeline_a_runs
  
  limit 10

10:03:03.464898 [info ]: [34m[1mQuery[0m [1mshow_sql_operation_inline[0m
┌─────────┐
│[1m env     [0m│
╞═════════╡
│ prod    │
│ staging │
└─────────┘
2 rows.
10:03:03.465804 [info ]: Finished running [  0.05s] model main.inline [success]
10:03:03.466183 [info ]: Finished running [  0.05s] (1 nodes, 0 skipped, 0 errors)
10:03:03.466725 [info ]:  Succeeded model main.inline (ephemeral) [1 of 1 in 0.07s]
10:03:03.533427 [info ]: 
==================== Execution Summary =====================
Finished 'show' successfully for target 'dev' [642ms]
==================== 2026-09-24T10:16:33.882943Z | 01a0d2ea-bb54-76c0-bed9-881bc2b72bd0 ====================
10:16:33.883327 [info ]: dbt 2.0.6
10:16:33.884596 [info ]: Started loading project
10:16:33.891148 [info ]: Loading profiles.yml
10:16:33.899654 [debug]:    Started loading packages
10:16:33.910798 [debug]:     Loaded [  0.01s] packages
10:16:33.917040 [info ]: Finished loading project [  0.03s]
10:16:33.918565 [info ]: Started parsing
10:16:33.996982 [debug]: Finished parsing models/marts/schema.yml [  0.00s]
10:16:33.997908 [debug]: Finished parsing models/sources.yml [  0.00s]
10:16:34.007690 [debug]: Finished parsing models/intermediate/int_kafka_pipeline_runs.sql [  0.00s]
10:16:34.009124 [debug]: Finished parsing models/marts/fct_pipeline_monitoring.sql [  0.00s]
10:16:34.010040 [debug]: Finished parsing models/staging/stg_flow_b_runs.sql [  0.00s]
10:16:34.011018 [debug]: Finished parsing models/staging/stg_kafka_events.sql [  0.00s]
10:16:34.012002 [debug]: Finished parsing models/staging/stg_pipeline_a_runs.sql [  0.00s]
10:16:34.013620 [debug]: Finished parsing models/staging/stg_pipeline_runs.sql [  0.00s]
10:16:34.017139 [debug]: Finished parsing target\inline_6d6f3ced.sql [  0.02s]
10:16:34.354467 [info ]: Finished parsing [  0.44s]
10:16:34.356947 [info ]: Started scheduling
10:16:34.357466 [info ]: Finished scheduling [  0.00s]
10:16:34.372021 [info ]: Started building task graph
10:16:34.372524 [info ]: Finished building task graph [  0.00s]
10:16:34.380236 [info ]: Started rendering (1 nodes)
10:16:34.380596 [info ]: Started model main.inline
10:16:34.380661 [debug]: Started rendering model main.inline
10:16:34.385582 [debug]: Compiled SQL for node model..inline at target\compiled\target\inline_6d6f3ced.sql
10:16:34.386065 [debug]: Finished rendering [  0.01s] model main.inline [success]
10:16:34.387066 [info ]: Finished rendering [  0.01s] (1 nodes, 0 skipped, 0 errors)
10:16:34.388689 [info ]: Started analyzing (1 nodes)
10:16:34.388996 [debug]: Started analyzing model main.inline
10:16:34.400202 [debug]: Finished analyzing [  0.01s] model main.inline [success]
10:16:34.403678 [info ]: Finished analyzing [  0.01s] (1 nodes, 0 skipped, 0 errors)
10:16:34.404094 [info ]: Started running (1 nodes)
10:16:34.404347 [info ]: Started running model main.inline
10:16:34.407274 [debug]: DuckDB driver resolved: duckdb 1.5.4
10:16:34.461598 [error]: [Generic (dbt1000)]: Internal: Catalog Error: Table with name run_a does not exist!
Did you mean "duckdb_tables"?

LINE 3:   SELECT * FROM run_a
                        ^ (sqlstate: [0, 0, 0, 0, 0], vendor_code: -2147483648)
10:16:34.461931 [info ]: Finished running [  0.06s] model main.inline [error]
10:16:34.462609 [info ]: Finished running [  0.06s] (1 nodes, 0 skipped, 1 errors)
10:16:34.463352 [info ]:     Failed model main.inline (ephemeral) [1 of 1 in 0.07s]
10:16:34.546914 [info ]: 
==================== Execution Summary =====================
Finished 'show' with 1 error for target 'dev' [663ms]
==================== 2026-09-24T10:17:03.549766Z | 01a0d2eb-2f37-7863-b296-cbba0da0b891 ====================
10:17:03.550192 [info ]: dbt 2.0.6
10:17:03.551255 [info ]: Started loading project
10:17:03.557554 [info ]: Loading profiles.yml
10:17:03.565674 [debug]:    Started loading packages
10:17:03.575927 [debug]:     Loaded [  0.01s] packages
10:17:03.582582 [info ]: Finished loading project [  0.03s]
10:17:03.584295 [info ]: Started parsing
10:17:03.667185 [debug]: Finished parsing models/marts/schema.yml [  0.00s]
10:17:03.668055 [debug]: Finished parsing models/sources.yml [  0.00s]
10:17:03.677492 [debug]: Finished parsing models/intermediate/int_kafka_pipeline_runs.sql [  0.00s]
10:17:03.679385 [debug]: Finished parsing models/marts/fct_pipeline_monitoring.sql [  0.00s]
10:17:03.680775 [debug]: Finished parsing models/staging/stg_flow_b_runs.sql [  0.00s]
10:17:03.681709 [debug]: Finished parsing models/staging/stg_kafka_events.sql [  0.00s]
10:17:03.682629 [debug]: Finished parsing models/staging/stg_pipeline_a_runs.sql [  0.00s]
10:17:03.684292 [debug]: Finished parsing models/staging/stg_pipeline_runs.sql [  0.00s]
10:17:03.685861 [debug]: Finished parsing target\inline_2962bb36.sql [  0.02s]
10:17:03.988543 [info ]: Finished parsing [  0.40s]
10:17:03.992087 [info ]: Started scheduling
10:17:03.992810 [info ]: Finished scheduling [  0.00s]
10:17:04.007777 [info ]: Started building task graph
10:17:04.008414 [info ]: Finished building task graph [  0.00s]
10:17:04.022108 [info ]: Started rendering (1 nodes)
10:17:04.022506 [info ]: Started model main.inline
10:17:04.022561 [debug]: Started rendering model main.inline
10:17:04.026591 [debug]: Compiled SQL for node model..inline at target\compiled\target\inline_2962bb36.sql
10:17:04.026880 [debug]: Finished rendering [  0.00s] model main.inline [success]
10:17:04.027406 [info ]: Finished rendering [  0.01s] (1 nodes, 0 skipped, 0 errors)
10:17:04.027967 [info ]: Started analyzing (1 nodes)
10:17:04.028202 [debug]: Started analyzing model main.inline
10:17:04.057573 [warn ]: [SyntaxInvalid (dbt0101)]: mismatched input '\s' expecting one of <EOF>, ';'
  --> target/inline_2962bb36.sql:1:21 (target\compiled\target\inline_2962bb36.sql:1:21)
10:17:04.058100 [debug]: Finished analyzing [  0.03s] model main.inline [success]
10:17:04.058485 [info ]: Finished analyzing [  0.03s] (1 nodes, 0 skipped, 0 errors)
10:17:04.058963 [info ]: Started running (1 nodes)
10:17:04.059146 [info ]: Started running model main.inline
10:17:04.063153 [debug]: DuckDB driver resolved: duckdb 1.5.4
10:17:04.115076 [error]: [Generic (dbt1000)]: Internal: Parser Error: syntax error at or near "\"

LINE 3:   SELECT * FROM models\staging\stg_pipeline_runs.sql
                              ^ (sqlstate: [0, 0, 0, 0, 0], vendor_code: -2147483648)
10:17:04.115401 [info ]: Finished running [  0.06s] model main.inline [error]
10:17:04.116344 [info ]: Finished running [  0.06s] (1 nodes, 0 skipped, 1 errors)
10:17:04.116984 [info ]:     Failed model main.inline (ephemeral) [1 of 1 in 0.09s]
10:17:04.202226 [info ]: 
==================== Execution Summary =====================
Finished 'show' with 1 warning and 1 error for target 'dev' [652ms]
==================== 2026-09-24T10:17:55.140677Z | 01a0d2eb-f822-73d2-b4ba-6d92497c38f3 ====================
10:17:55.141047 [info ]: dbt 2.0.6
10:17:55.142302 [info ]: Started loading project
10:17:55.148555 [info ]: Loading profiles.yml
10:17:55.156830 [debug]:    Started loading packages
10:17:55.168031 [debug]:     Loaded [  0.01s] packages
10:17:55.170276 [info ]: Finished loading project [  0.03s]
10:17:55.171913 [info ]: Started parsing
10:17:55.251227 [debug]: Finished parsing models/marts/schema.yml [  0.00s]
10:17:55.251850 [debug]: Finished parsing models/sources.yml [  0.00s]
10:17:55.259289 [debug]: Finished parsing models/intermediate/int_kafka_pipeline_runs.sql [  0.00s]
10:17:55.260580 [debug]: Finished parsing models/marts/fct_pipeline_monitoring.sql [  0.00s]
10:17:55.261535 [debug]: Finished parsing models/staging/stg_flow_b_runs.sql [  0.00s]
10:17:55.262429 [debug]: Finished parsing models/staging/stg_kafka_events.sql [  0.00s]
10:17:55.263374 [debug]: Finished parsing models/staging/stg_pipeline_a_runs.sql [  0.00s]
10:17:55.264764 [debug]: Finished parsing models/staging/stg_pipeline_runs.sql [  0.00s]
10:17:55.572555 [info ]: Finished parsing [  0.40s]
10:17:55.797398 [info ]: Started scheduling
10:17:55.797970 [info ]: Finished scheduling [  0.00s]
10:17:55.804904 [debug]: Initializing schema store with entry: Frontier(CanonicalFqn { catalog: "monitoring", schema: "raw", table: "raw_pipeline_a_runs" }) and interval: None
10:17:55.804954 [debug]: Initializing schema store with entry: Frontier(CanonicalFqn { catalog: "monitoring", schema: "raw", table: "raw_flow_b_runs" }) and interval: None
10:17:55.809698 [info ]: Started building task graph
10:17:55.811768 [info ]: Finished building task graph [  0.00s]
10:17:55.831743 [debug]: DuckDB driver resolved: duckdb 1.5.4
10:17:55.880382 [debug]: create_debug_span(...).entered() took 338.1µs
10:17:55.885746 [debug]: stmt.execute() (submit+wait_for_completion, returns reader) took 1.6717ms
10:17:55.885790 [debug]: reader.schema() took 3.2µs
10:17:55.885842 [debug]: batch-consume loop (for res in reader) took 43.7µs
10:17:55.886293 [debug]: do_execute(conn) (closure: stmt.execute + schema + batch loop) took 5.8509ms
10:17:55.887046 [debug]: concat_batches + normalize_result_column_names took 719.1µs
10:17:55.887813 [debug]: record_current_span_status_from_attrs took 736.8µs
10:17:55.888162 [debug]: Query executed on node unknown:
/* {"app": "dbt", "connection_name": "", "dbt_version": "2.0.0", "profile_name": "pipeline_monitoring", "target_name": "dev"} */

    
    select schema_name
    from system.information_schema.schemata
    
    where lower(catalog_name) = '"monitoring"'
    
  
  
10:17:55.888241 [debug]: drop(query_span_guard) (span exit/export) took 400.9µs
10:17:55.896721 [debug]: create_debug_span(...).entered() took 17.3µs
10:17:55.898494 [debug]: stmt.execute() (submit+wait_for_completion, returns reader) took 987.5µs
10:17:55.898545 [debug]: reader.schema() took 900ns
10:17:55.898587 [debug]: batch-consume loop (for res in reader) took 29µs
10:17:55.898614 [debug]: do_execute(conn) (closure: stmt.execute + schema + batch loop) took 1.8672ms
10:17:55.898637 [debug]: concat_batches + normalize_result_column_names took 10µs
10:17:55.898646 [debug]: record_current_span_status_from_attrs took 2.7µs
10:17:55.898655 [debug]: Query executed on node unknown:
/* {"app": "dbt", "connection_name": "", "dbt_version": "2.0.0", "profile_name": "pipeline_monitoring", "target_name": "dev"} */

    
        select type from duckdb_databases()
        where lower(database_name)='monitoring'
        and type='sqlite'
    
  
10:17:55.898684 [debug]: drop(query_span_guard) (span exit/export) took 32µs
10:17:55.900944 [debug]: create_debug_span(...).entered() took 12µs
10:17:55.901398 [debug]: stmt.execute() (submit+wait_for_completion, returns reader) took 159.1µs
10:17:55.901456 [debug]: reader.schema() took 300ns
10:17:55.901851 [debug]: do_execute(conn) (closure: stmt.execute + schema + batch loop) took 879µs
10:17:55.901881 [debug]: concat_batches + normalize_result_column_names took 4.9µs
10:17:55.901890 [debug]: record_current_span_status_from_attrs took 1.6µs
10:17:55.901898 [debug]: Query executed on node unknown:
/* {"app": "dbt", "connection_name": "", "dbt_version": "2.0.0", "profile_name": "pipeline_monitoring", "target_name": "dev"} */

    
    
        create schema if not exists "monitoring"."main"
    
10:17:55.901920 [debug]: drop(query_span_guard) (span exit/export) took 23.3µs
10:17:55.902615 [info ]: Started rendering (1 nodes)
10:17:55.902931 [info ]: Started model main.stg_pipeline_runs
10:17:55.902963 [debug]: Started rendering model main.stg_pipeline_runs
10:17:55.908085 [debug]: Compiled SQL for node model.pipeline_monitoring.stg_pipeline_runs at target\compiled\pipeline_monitoring\models\staging\stg_pipeline_runs.sql
10:17:55.908813 [debug]: Finished rendering [  0.01s] model main.stg_pipeline_runs [success]
10:17:55.909407 [info ]: Finished rendering [  0.01s] (1 nodes, 0 skipped, 0 errors)
10:17:55.909978 [info ]: Started analyzing (1 nodes)
10:17:55.910192 [debug]: Started analyzing model main.stg_pipeline_runs
10:17:55.936469 [warn ]: [SyntaxInvalid (dbt0101)]: mismatched input '.' expecting one of <EOF>, ';'
  --> models/staging/stg_pipeline_runs.sql:13:14 (target\compiled\pipeline_monitoring\models\staging\stg_pipeline_runs.sql:13:14)
10:17:55.936672 [debug]: Finished analyzing [  0.03s] model main.stg_pipeline_runs [success]
10:17:55.937476 [info ]: Finished analyzing [  0.03s] (1 nodes, 0 skipped, 0 errors)
10:17:55.938212 [info ]: Started running (1 nodes)
10:17:55.938486 [info ]: Started running model main.stg_pipeline_runs
10:17:55.980133 [debug]: create_debug_span(...).entered() took 50µs
10:17:55.986543 [debug]: stmt.execute() (submit+wait_for_completion, returns reader) took 4.0086ms
10:17:55.986574 [debug]: reader.schema() took 1.1µs
10:17:55.986625 [debug]: batch-consume loop (for res in reader) took 43.3µs
10:17:55.986668 [debug]: do_execute(conn) (closure: stmt.execute + schema + batch loop) took 6.5015ms
10:17:55.986694 [debug]: concat_batches + normalize_result_column_names took 13.4µs
10:17:55.986703 [debug]: record_current_span_status_from_attrs took 3.4µs
10:17:55.986714 [debug]: Query executed on node model.pipeline_monitoring.stg_pipeline_runs:
SELECT table_catalog, table_schema, table_name, table_type FROM information_schema.tables WHERE table_schema = 'main' AND lower(table_catalog) = lower('monitoring')
10:17:55.986767 [debug]: drop(query_span_guard) (span exit/export) took 57.7µs
10:17:55.994066 [debug]: Writing runtime sql for node "model.pipeline_monitoring.stg_pipeline_runs"
10:17:55.999164 [debug]: create_debug_span(...).entered() took 28.4µs
10:17:56.000190 [debug]: Query executed on node model.pipeline_monitoring.stg_pipeline_runs:
/* {"app": "dbt", "dbt_version": "2.0.0", "node_id": "model.pipeline_monitoring.stg_pipeline_runs", "profile_name": "pipeline_monitoring", "target_name": "dev"} */

  
  create view "monitoring"."main"."stg_pipeline_runs__dbt_tmp" as (
    
SELECT
    ar.execution_uuid as "run_id",
    ar.workflow AS "workflow",
    CAST(NULL AS VARCHAR) AS "source_system",
    ar.state as "status",
    ar.start_ts AS "started_at",
    ar.end_ts AS "finished_at",
    datediff('datetime', ar.start_ts-ar.end_ts) AS "duration",
    ar.sample AS "sample_id",
    ar.err_msg AS "error_message",
    ar.credits_used AS "compute_cost",
    SELECT ar.sample_id,COUNT(*) GROUP BY ar.sample_id as "records_processed",
    ar.env AS 'environment',
    SELECT 
        CASE (
            WHEN ar.state IN ('COMPLETED','SUCCEEDED') THEN TRUE
            WHEN ar.state == "RUNNING" THEN NULL
        )
        END AS 'is_success'


FROM "monitoring"."raw"."raw_pipeline_a_runs" ar 

UNION ALL

SELECT 
    br.flow_id AS "run_id",
    br.flow_name AS "workflow",
    CAST(NULL AS VARCHAR) as 'state',
    br.initiated_at AS 'started_at',
    br.completed_at AS 'finished_at',
    datediff(datetime,br.initiated - br.completed_at) AS "duration",
    br.sample_identifier AS "sample_id",
    CAST(NULL AS VARCHAR) AS 'erorr_message',
    COALESCE(CAST(NULL AS DOUBLE),0.0) AS "compute_cost",
    br.records AS "records_processed",
    br.enviroment AS "environment",
    CAST(NULL AS VARCHAR) AS "is_success"

FROM "monitoring"."raw"."raw_flow_b_runs" br

  );

10:17:57.003369 [error]: [DbDriverFailed (dbt1308)]: Database Error in model stg_pipeline_runs (target\run\pipeline_monitoring\models\staging\stg_pipeline_runs.sql)
  Parser Error: syntax error at or near "SELECT"
  
  LINE 17:     SELECT ar.sample_id,COUNT(*) GROUP BY ar.sample_id as "reco...
               ^
  (in run\pipeline_monitoring\models/staging\stg_pipeline_runs.sql)
10:17:57.003553 [info ]: Finished running [  1.07s] model main.stg_pipeline_runs [error]
10:17:57.003954 [info ]: Finished running [  1.07s] (1 nodes, 0 skipped, 1 errors)
10:17:57.004539 [info ]:     Failed model main.stg_pipeline_runs (view) [1 of 1 in 1.10s]
10:17:57.351835 [info ]: 
==================== Execution Summary =====================
Finished 'run' with 1 warning and 1 error for target 'dev' [2.2s]
Processed: 1 model
Summary: 1 total | 1 error
==================== 2026-09-24T10:19:32.369748Z | 01a0d2ed-7420-79a1-b121-f8d062ce5538 ====================
10:19:32.370132 [info ]: dbt 2.0.6
10:19:32.371238 [info ]: Started loading project
10:19:32.377761 [info ]: Loading profiles.yml
10:19:32.384142 [debug]:    Started loading packages
10:19:32.393853 [debug]:     Loaded [  0.01s] packages
10:19:32.396857 [info ]: Finished loading project [  0.03s]
10:19:32.398361 [info ]: Started parsing
10:19:32.478401 [debug]: Finished parsing models/marts/schema.yml [  0.00s]
10:19:32.479023 [debug]: Finished parsing models/sources.yml [  0.00s]
10:19:32.487459 [debug]: Finished parsing models/intermediate/int_kafka_pipeline_runs.sql [  0.00s]
10:19:32.488528 [debug]: Finished parsing models/marts/fct_pipeline_monitoring.sql [  0.00s]
10:19:32.489393 [debug]: Finished parsing models/staging/stg_flow_b_runs.sql [  0.00s]
10:19:32.490212 [debug]: Finished parsing models/staging/stg_kafka_events.sql [  0.00s]
10:19:32.491105 [debug]: Finished parsing models/staging/stg_pipeline_a_runs.sql [  0.00s]
10:19:32.492327 [debug]: Finished parsing models/staging/stg_pipeline_runs.sql [  0.00s]
10:19:32.803984 [info ]: Finished parsing [  0.41s]
10:19:32.871669 [info ]: Started scheduling
10:19:32.872184 [info ]: Finished scheduling [  0.00s]
10:19:32.885632 [warn ]: [NoNodesForSelectionCriteria (dbt1092)]: The selection criterion 'fqn:stg_pipleine_runs' does not match any enabled nodes
10:19:32.886069 [warn ]: [NoNodesSelected (dbt1601)]: Nothing to do. Try checking your model configs and model specification args
10:19:33.184455 [info ]: 
==================== Execution Summary =====================
Finished 'run' with 2 warnings for target 'dev' [814ms]
==================== 2026-09-24T10:19:52.257157Z | 01a0d2ed-c1d6-7ea3-9902-d7527f2cf5cf ====================
10:19:52.257542 [info ]: dbt 2.0.6
10:19:52.258534 [info ]: Started loading project
10:19:52.264846 [info ]: Loading profiles.yml
10:19:52.272288 [debug]:    Started loading packages
10:19:52.280015 [debug]:     Loaded [  0.01s] packages
10:19:52.282681 [info ]: Finished loading project [  0.02s]
10:19:52.283935 [info ]: Started parsing
10:19:52.354597 [debug]: Finished parsing models/marts/schema.yml [  0.00s]
10:19:52.355213 [debug]: Finished parsing models/sources.yml [  0.00s]
10:19:52.365512 [debug]: Finished parsing models/intermediate/int_kafka_pipeline_runs.sql [  0.00s]
10:19:52.366751 [debug]: Finished parsing models/marts/fct_pipeline_monitoring.sql [  0.00s]
10:19:52.367580 [debug]: Finished parsing models/staging/stg_flow_b_runs.sql [  0.00s]
10:19:52.368374 [debug]: Finished parsing models/staging/stg_kafka_events.sql [  0.00s]
10:19:52.369433 [debug]: Finished parsing models/staging/stg_pipeline_a_runs.sql [  0.00s]
10:19:52.371024 [debug]: Finished parsing models/staging/stg_pipeline_runs.sql [  0.00s]
10:19:52.687812 [info ]: Finished parsing [  0.40s]
10:19:52.761797 [info ]: Started scheduling
10:19:52.762485 [info ]: Finished scheduling [  0.00s]
10:19:52.768835 [debug]: Initializing schema store with entry: Frontier(CanonicalFqn { catalog: "monitoring", schema: "raw", table: "raw_pipeline_a_runs" }) and interval: None
10:19:52.768886 [debug]: Initializing schema store with entry: Frontier(CanonicalFqn { catalog: "monitoring", schema: "raw", table: "raw_flow_b_runs" }) and interval: None
10:19:52.772832 [info ]: Started building task graph
10:19:52.773376 [info ]: Finished building task graph [  0.00s]
10:19:52.785242 [debug]: DuckDB driver resolved: duckdb 1.5.4
10:19:52.823017 [debug]: create_debug_span(...).entered() took 58.5µs
10:19:52.824773 [debug]: stmt.execute() (submit+wait_for_completion, returns reader) took 346.8µs
10:19:52.824796 [debug]: reader.schema() took 3.2µs
10:19:52.824842 [debug]: batch-consume loop (for res in reader) took 38.2µs
10:19:52.824877 [debug]: do_execute(conn) (closure: stmt.execute + schema + batch loop) took 1.8196ms
10:19:52.824921 [debug]: concat_batches + normalize_result_column_names took 33.6µs
10:19:52.824944 [debug]: record_current_span_status_from_attrs took 13.2µs
10:19:52.824958 [debug]: Query executed on node unknown:
/* {"app": "dbt", "connection_name": "", "dbt_version": "2.0.0", "profile_name": "pipeline_monitoring", "target_name": "dev"} */

    
    select schema_name
    from system.information_schema.schemata
    
    where lower(catalog_name) = '"monitoring"'
    
  
  
10:19:52.824994 [debug]: drop(query_span_guard) (span exit/export) took 39.9µs
10:19:52.826516 [debug]: create_debug_span(...).entered() took 13.8µs
10:19:52.827734 [debug]: stmt.execute() (submit+wait_for_completion, returns reader) took 355µs
10:19:52.827753 [debug]: reader.schema() took 300ns
10:19:52.827782 [debug]: batch-consume loop (for res in reader) took 19.7µs
10:19:52.827824 [debug]: do_execute(conn) (closure: stmt.execute + schema + batch loop) took 1.2787ms
10:19:52.827841 [debug]: concat_batches + normalize_result_column_names took 6.9µs
10:19:52.827848 [debug]: record_current_span_status_from_attrs took 1.7µs
10:19:52.827855 [debug]: Query executed on node unknown:
/* {"app": "dbt", "connection_name": "", "dbt_version": "2.0.0", "profile_name": "pipeline_monitoring", "target_name": "dev"} */

    
        select type from duckdb_databases()
        where lower(database_name)='monitoring'
        and type='sqlite'
    
  
10:19:52.827879 [debug]: drop(query_span_guard) (span exit/export) took 26.3µs
10:19:52.828483 [debug]: create_debug_span(...).entered() took 12.1µs
10:19:52.828900 [debug]: stmt.execute() (submit+wait_for_completion, returns reader) took 172.6µs
10:19:52.828935 [debug]: reader.schema() took 300ns
10:19:52.828955 [debug]: do_execute(conn) (closure: stmt.execute + schema + batch loop) took 452.2µs
10:19:52.828966 [debug]: concat_batches + normalize_result_column_names took 4.9µs
10:19:52.828974 [debug]: record_current_span_status_from_attrs took 1.4µs
10:19:52.828985 [debug]: Query executed on node unknown:
/* {"app": "dbt", "connection_name": "", "dbt_version": "2.0.0", "profile_name": "pipeline_monitoring", "target_name": "dev"} */

    
    
        create schema if not exists "monitoring"."main"
    
10:19:52.829008 [debug]: drop(query_span_guard) (span exit/export) took 27.8µs
10:19:52.829398 [info ]: Started rendering (1 nodes)
10:19:52.829672 [info ]: Started model main.stg_pipeline_runs
10:19:52.829709 [debug]: Started rendering model main.stg_pipeline_runs
10:19:52.832682 [debug]: Compiled SQL for node model.pipeline_monitoring.stg_pipeline_runs at target\compiled\pipeline_monitoring\models\staging\stg_pipeline_runs.sql
10:19:52.833010 [debug]: Finished rendering [  0.00s] model main.stg_pipeline_runs [success]
10:19:52.833429 [info ]: Finished rendering [  0.00s] (1 nodes, 0 skipped, 0 errors)
10:19:52.833952 [info ]: Started analyzing (1 nodes)
10:19:52.834134 [debug]: Started analyzing model main.stg_pipeline_runs
10:19:52.858799 [warn ]: [SyntaxInvalid (dbt0101)]: mismatched input '.' expecting one of <EOF>, ';'
  --> models/staging/stg_pipeline_runs.sql:13:14 (target\compiled\pipeline_monitoring\models\staging\stg_pipeline_runs.sql:13:14)
10:19:52.859043 [debug]: Finished analyzing [  0.02s] model main.stg_pipeline_runs [success]
10:19:52.859665 [info ]: Finished analyzing [  0.03s] (1 nodes, 0 skipped, 0 errors)
10:19:52.860205 [info ]: Started running (1 nodes)
10:19:52.860648 [info ]: Started running model main.stg_pipeline_runs
10:19:52.865039 [debug]: create_debug_span(...).entered() took 21.3µs
10:19:52.870666 [debug]: stmt.execute() (submit+wait_for_completion, returns reader) took 3.1897ms
10:19:52.870687 [debug]: reader.schema() took 700ns
10:19:52.870730 [debug]: batch-consume loop (for res in reader) took 35.4µs
10:19:52.870772 [debug]: do_execute(conn) (closure: stmt.execute + schema + batch loop) took 5.7057ms
10:19:52.870799 [debug]: concat_batches + normalize_result_column_names took 16.7µs
10:19:52.870808 [debug]: record_current_span_status_from_attrs took 3.3µs
10:19:52.870818 [debug]: Query executed on node model.pipeline_monitoring.stg_pipeline_runs:
SELECT table_catalog, table_schema, table_name, table_type FROM information_schema.tables WHERE table_schema = 'main' AND lower(table_catalog) = lower('monitoring')
10:19:52.870846 [debug]: drop(query_span_guard) (span exit/export) took 31.7µs
10:19:52.875130 [debug]: Writing runtime sql for node "model.pipeline_monitoring.stg_pipeline_runs"
10:19:52.877429 [debug]: create_debug_span(...).entered() took 23.4µs
10:19:52.878238 [debug]: Query executed on node model.pipeline_monitoring.stg_pipeline_runs:
/* {"app": "dbt", "dbt_version": "2.0.0", "node_id": "model.pipeline_monitoring.stg_pipeline_runs", "profile_name": "pipeline_monitoring", "target_name": "dev"} */

  
  create view "monitoring"."main"."stg_pipeline_runs__dbt_tmp" as (
    
SELECT
    ar.execution_uuid as "run_id",
    ar.workflow AS "workflow",
    CAST(NULL AS VARCHAR) AS "source_system",
    ar.state as "status",
    ar.start_ts AS "started_at",
    ar.end_ts AS "finished_at",
    datediff('datetime', ar.start_ts-ar.end_ts) AS "duration",
    ar.sample AS "sample_id",
    ar.err_msg AS "error_message",
    ar.credits_used AS "compute_cost",
    SELECT ar.sample_id,COUNT(*) GROUP BY ar.sample_id as "records_processed",
    ar.env AS 'environment',
    SELECT 
        CASE (
            WHEN ar.state IN ('COMPLETED','SUCCEEDED') THEN TRUE
            WHEN ar.state == "RUNNING" THEN NULL
        )
        END AS 'is_success'


FROM "monitoring"."raw"."raw_pipeline_a_runs" ar 

UNION ALL

SELECT 
    br.flow_id AS "run_id",
    br.flow_name AS "workflow",
    CAST(NULL AS VARCHAR) as 'state',
    br.initiated_at AS 'started_at',
    br.completed_at AS 'finished_at',
    datediff(datetime,br.initiated - br.completed_at) AS "duration",
    br.sample_identifier AS "sample_id",
    CAST(NULL AS VARCHAR) AS 'erorr_message',
    COALESCE(CAST(NULL AS DOUBLE),0.0) AS "compute_cost",
    br.records AS "records_processed",
    br.enviroment AS "environment",
    CAST(NULL AS VARCHAR) AS "is_success"

FROM "monitoring"."raw"."raw_flow_b_runs" br

  );

10:19:53.883484 [error]: [DbDriverFailed (dbt1308)]: Database Error in model stg_pipeline_runs (target\run\pipeline_monitoring\models\staging\stg_pipeline_runs.sql)
  Parser Error: syntax error at or near "SELECT"
  
  LINE 17:     SELECT ar.sample_id,COUNT(*) GROUP BY ar.sample_id as "reco...
               ^
  (in run\pipeline_monitoring\models/staging\stg_pipeline_runs.sql)
10:19:53.883767 [info ]: Finished running [  1.02s] model main.stg_pipeline_runs [error]
10:19:53.884359 [info ]: Finished running [  1.02s] (1 nodes, 0 skipped, 1 errors)
10:19:53.884804 [info ]:     Failed model main.stg_pipeline_runs (view) [1 of 1 in 1.05s]
10:19:54.286305 [info ]: 
==================== Execution Summary =====================
Finished 'run' with 1 warning and 1 error for target 'dev' [2.0s]
Processed: 1 model
Summary: 1 total | 1 error
==================== 2026-09-24T10:20:58.834293Z | 01a0d2ee-c5eb-79a1-ad12-7aa9eb88f8e2 ====================
10:20:58.834725 [info ]: dbt 2.0.6
10:20:58.835778 [info ]: Started loading project
10:20:58.841909 [info ]: Loading profiles.yml
10:20:58.848489 [debug]:    Started loading packages
10:20:58.856293 [debug]:     Loaded [  0.01s] packages
10:20:58.858331 [info ]: Finished loading project [  0.02s]
10:20:58.859758 [info ]: Started parsing
10:20:58.936854 [debug]: Finished parsing models/marts/schema.yml [  0.00s]
10:20:58.937410 [debug]: Finished parsing models/sources.yml [  0.00s]
10:20:58.943779 [debug]: Finished parsing models/intermediate/int_kafka_pipeline_runs.sql [  0.00s]
10:20:58.944774 [debug]: Finished parsing models/marts/fct_pipeline_monitoring.sql [  0.00s]
10:20:58.945801 [debug]: Finished parsing models/staging/stg_flow_b_runs.sql [  0.00s]
10:20:58.946624 [debug]: Finished parsing models/staging/stg_kafka_events.sql [  0.00s]
10:20:58.947511 [debug]: Finished parsing models/staging/stg_pipeline_a_runs.sql [  0.00s]
10:20:58.948823 [debug]: Finished parsing models/staging/stg_pipeline_runs.sql [  0.00s]
10:20:59.245988 [info ]: Finished parsing [  0.39s]
10:20:59.311209 [info ]: Started scheduling
10:20:59.312098 [info ]: Finished scheduling [  0.00s]
10:20:59.318669 [debug]: Initializing schema store with entry: Frontier(CanonicalFqn { catalog: "monitoring", schema: "raw", table: "raw_pipeline_a_runs" }) and interval: None
10:20:59.318723 [debug]: Initializing schema store with entry: Frontier(CanonicalFqn { catalog: "monitoring", schema: "raw", table: "raw_flow_b_runs" }) and interval: None
10:20:59.322759 [info ]: Started building task graph
10:20:59.323339 [info ]: Finished building task graph [  0.00s]
10:20:59.356072 [debug]: DuckDB driver resolved: duckdb 1.5.4
10:20:59.410035 [debug]: create_debug_span(...).entered() took 61.6µs
10:20:59.412103 [debug]: stmt.execute() (submit+wait_for_completion, returns reader) took 418µs
10:20:59.412163 [debug]: reader.schema() took 3µs
10:20:59.412211 [debug]: batch-consume loop (for res in reader) took 40.4µs
10:20:59.412243 [debug]: do_execute(conn) (closure: stmt.execute + schema + batch loop) took 2.167ms
10:20:59.412288 [debug]: concat_batches + normalize_result_column_names took 34.7µs
10:20:59.412311 [debug]: record_current_span_status_from_attrs took 14.1µs
10:20:59.412332 [debug]: Query executed on node unknown:
/* {"app": "dbt", "connection_name": "", "dbt_version": "2.0.0", "profile_name": "pipeline_monitoring", "target_name": "dev"} */

    
    select schema_name
    from system.information_schema.schemata
    
    where lower(catalog_name) = '"monitoring"'
    
  
  
10:20:59.412364 [debug]: drop(query_span_guard) (span exit/export) took 38.9µs
10:20:59.413609 [debug]: create_debug_span(...).entered() took 14.1µs
10:20:59.414497 [debug]: stmt.execute() (submit+wait_for_completion, returns reader) took 281µs
10:20:59.414518 [debug]: reader.schema() took 700ns
10:20:59.414564 [debug]: batch-consume loop (for res in reader) took 39.6µs
10:20:59.414585 [debug]: do_execute(conn) (closure: stmt.execute + schema + batch loop) took 953.4µs
10:20:59.414603 [debug]: concat_batches + normalize_result_column_names took 7.5µs
10:20:59.414610 [debug]: record_current_span_status_from_attrs took 1.9µs
10:20:59.414617 [debug]: Query executed on node unknown:
/* {"app": "dbt", "connection_name": "", "dbt_version": "2.0.0", "profile_name": "pipeline_monitoring", "target_name": "dev"} */

    
        select type from duckdb_databases()
        where lower(database_name)='monitoring'
        and type='sqlite'
    
  
10:20:59.414642 [debug]: drop(query_span_guard) (span exit/export) took 26.7µs
10:20:59.415170 [debug]: create_debug_span(...).entered() took 13.4µs
10:20:59.415561 [debug]: stmt.execute() (submit+wait_for_completion, returns reader) took 144.6µs
10:20:59.415608 [debug]: reader.schema() took 300ns
10:20:59.415629 [debug]: do_execute(conn) (closure: stmt.execute + schema + batch loop) took 438.2µs
10:20:59.415657 [debug]: concat_batches + normalize_result_column_names took 16.2µs
10:20:59.415664 [debug]: record_current_span_status_from_attrs took 1.7µs
10:20:59.415671 [debug]: Query executed on node unknown:
/* {"app": "dbt", "connection_name": "", "dbt_version": "2.0.0", "profile_name": "pipeline_monitoring", "target_name": "dev"} */

    
    
        create schema if not exists "monitoring"."main"
    
10:20:59.415693 [debug]: drop(query_span_guard) (span exit/export) took 24.1µs
10:20:59.416451 [info ]: Started rendering (1 nodes)
10:20:59.416741 [info ]: Started model main.stg_pipeline_runs
10:20:59.416780 [debug]: Started rendering model main.stg_pipeline_runs
10:20:59.420693 [debug]: Compiled SQL for node model.pipeline_monitoring.stg_pipeline_runs at target\compiled\pipeline_monitoring\models\staging\stg_pipeline_runs.sql
10:20:59.421573 [debug]: Finished rendering [  0.00s] model main.stg_pipeline_runs [success]
10:20:59.421941 [info ]: Finished rendering [  0.01s] (1 nodes, 0 skipped, 0 errors)
10:20:59.422273 [info ]: Started analyzing (1 nodes)
10:20:59.422481 [debug]: Started analyzing model main.stg_pipeline_runs
10:20:59.450566 [warn ]: [SyntaxInvalid (dbt0101)]: mismatched input '.' expecting one of <EOF>, ';'
  --> models/staging/stg_pipeline_runs.sql:13:14 (target\compiled\pipeline_monitoring\models\staging\stg_pipeline_runs.sql:13:14)
10:20:59.450838 [debug]: Finished analyzing [  0.03s] model main.stg_pipeline_runs [success]
10:20:59.451309 [info ]: Finished analyzing [  0.03s] (1 nodes, 0 skipped, 0 errors)
10:20:59.451906 [info ]: Started running (1 nodes)
10:20:59.452139 [info ]: Started running model main.stg_pipeline_runs
10:20:59.455577 [debug]: create_debug_span(...).entered() took 20.4µs
10:20:59.461125 [debug]: stmt.execute() (submit+wait_for_completion, returns reader) took 3.1481ms
10:20:59.461145 [debug]: reader.schema() took 800ns
10:20:59.461189 [debug]: batch-consume loop (for res in reader) took 35.7µs
10:20:59.461228 [debug]: do_execute(conn) (closure: stmt.execute + schema + batch loop) took 5.6259ms
10:20:59.461255 [debug]: concat_batches + normalize_result_column_names took 16.3µs
10:20:59.461265 [debug]: record_current_span_status_from_attrs took 3.1µs
10:20:59.461274 [debug]: Query executed on node model.pipeline_monitoring.stg_pipeline_runs:
SELECT table_catalog, table_schema, table_name, table_type FROM information_schema.tables WHERE table_schema = 'main' AND lower(table_catalog) = lower('monitoring')
10:20:59.461303 [debug]: drop(query_span_guard) (span exit/export) took 33µs
10:20:59.465430 [debug]: Writing runtime sql for node "model.pipeline_monitoring.stg_pipeline_runs"
10:20:59.467939 [debug]: create_debug_span(...).entered() took 31.5µs
10:20:59.468640 [debug]: Query executed on node model.pipeline_monitoring.stg_pipeline_runs:
/* {"app": "dbt", "dbt_version": "2.0.0", "node_id": "model.pipeline_monitoring.stg_pipeline_runs", "profile_name": "pipeline_monitoring", "target_name": "dev"} */

  
  create view "monitoring"."main"."stg_pipeline_runs__dbt_tmp" as (
    
SELECT
    ar.execution_uuid as "run_id",
    ar.workflow AS "workflow",
    CAST(NULL AS VARCHAR) AS "source_system",
    ar.state as "status",
    ar.start_ts AS "started_at",
    ar.end_ts AS "finished_at",
    datediff('datetime', ar.start_ts-ar.end_ts) AS "duration",
    ar.sample AS "sample_id",
    ar.err_msg AS "error_message",
    ar.credits_used AS "compute_cost",
    SELECT ar.sample_id,COUNT(*) GROUP BY ar.sample_id as "records_processed",
    ar.env AS 'environment',
    SELECT 
        CASE (
            WHEN ar.state IN ('COMPLETED','SUCCEEDED') THEN TRUE
            WHEN ar.state == "RUNNING" THEN NULL
        )
        END AS 'is_success'


FROM "monitoring"."raw"."raw_pipeline_a_runs" ar 

UNION ALL

SELECT 
    br.flow_id AS "run_id",
    br.flow_name AS "workflow",
    CAST(NULL AS VARCHAR) as 'state',
    br.initiated_at AS 'started_at',
    br.completed_at AS 'finished_at',
    datediff(datetime,br.initiated - br.completed_at) AS "duration",
    br.sample_identifier AS "sample_id",
    CAST(NULL AS VARCHAR) AS 'erorr_message',
    COALESCE(CAST(NULL AS DOUBLE),0.0) AS "compute_cost",
    br.records AS "records_processed",
    br.enviroment AS "environment",
    CAST(NULL AS VARCHAR) AS "is_success"

FROM "monitoring"."raw"."raw_flow_b_runs" br

  );

10:21:00.470185 [error]: [DbDriverFailed (dbt1308)]: Database Error in model stg_pipeline_runs (target\run\pipeline_monitoring\models\staging\stg_pipeline_runs.sql)
  Parser Error: syntax error at or near "SELECT"
  
  LINE 17:     SELECT ar.sample_id,COUNT(*) GROUP BY ar.sample_id as "reco...
               ^
  (in run\pipeline_monitoring\models/staging\stg_pipeline_runs.sql)
10:21:00.470488 [info ]: Finished running [  1.02s] model main.stg_pipeline_runs [error]
10:21:00.471059 [info ]: Finished running [  1.02s] (1 nodes, 0 skipped, 1 errors)
10:21:00.471806 [info ]:     Failed model main.stg_pipeline_runs (view) [1 of 1 in 1.05s]
10:21:00.817481 [info ]: 
==================== Execution Summary =====================
Finished 'run' with 1 warning and 1 error for target 'dev' [2.0s]
Processed: 1 model
Summary: 1 total | 1 error
==================== 2026-09-24T10:22:07.384481Z | 01a0d2ef-d1ab-7153-b7bd-49224414f722 ====================
10:22:07.384907 [info ]: dbt 2.0.6
10:22:07.387279 [info ]: Started loading project
10:22:07.394717 [info ]: Loading profiles.yml
10:22:07.406814 [debug]:    Started loading packages
10:22:07.419217 [debug]:     Loaded [  0.01s] packages
10:22:07.422050 [info ]: Finished loading project [  0.03s]
10:22:07.423209 [info ]: Started parsing
10:22:07.504947 [debug]: Finished parsing models/marts/schema.yml [  0.00s]
10:22:07.505721 [debug]: Finished parsing models/sources.yml [  0.00s]
10:22:07.512856 [debug]: Finished parsing models/intermediate/int_kafka_pipeline_runs.sql [  0.00s]
10:22:07.513955 [debug]: Finished parsing models/marts/fct_pipeline_monitoring.sql [  0.00s]
10:22:07.514916 [debug]: Finished parsing models/staging/stg_flow_b_runs.sql [  0.00s]
10:22:07.515680 [debug]: Finished parsing models/staging/stg_kafka_events.sql [  0.00s]
10:22:07.516658 [debug]: Finished parsing models/staging/stg_pipeline_a_runs.sql [  0.00s]
10:22:07.517954 [debug]: Finished parsing models/staging/stg_pipeline_runs.sql [  0.00s]
10:22:07.836735 [info ]: Finished parsing [  0.41s]
10:22:07.910277 [info ]: Started scheduling
10:22:07.910939 [info ]: Finished scheduling [  0.00s]
10:22:07.919702 [debug]: Initializing schema store with entry: Frontier(CanonicalFqn { catalog: "monitoring", schema: "raw", table: "raw_pipeline_a_runs" }) and interval: None
10:22:07.923453 [info ]: Started building task graph
10:22:07.923892 [info ]: Finished building task graph [  0.00s]
10:22:07.936921 [debug]: DuckDB driver resolved: duckdb 1.5.4
10:22:07.975639 [debug]: create_debug_span(...).entered() took 56.6µs
10:22:07.977507 [debug]: stmt.execute() (submit+wait_for_completion, returns reader) took 385µs
10:22:07.977541 [debug]: reader.schema() took 3.4µs
10:22:07.977588 [debug]: batch-consume loop (for res in reader) took 39.2µs
10:22:07.977624 [debug]: do_execute(conn) (closure: stmt.execute + schema + batch loop) took 1.9496ms
10:22:07.977670 [debug]: concat_batches + normalize_result_column_names took 34.6µs
10:22:07.977693 [debug]: record_current_span_status_from_attrs took 14µs
10:22:07.977706 [debug]: Query executed on node unknown:
/* {"app": "dbt", "connection_name": "", "dbt_version": "2.0.0", "profile_name": "pipeline_monitoring", "target_name": "dev"} */

    
    select schema_name
    from system.information_schema.schemata
    
    where lower(catalog_name) = '"monitoring"'
    
  
  
10:22:07.977739 [debug]: drop(query_span_guard) (span exit/export) took 40.2µs
10:22:07.978896 [debug]: create_debug_span(...).entered() took 11.7µs
10:22:07.979781 [debug]: stmt.execute() (submit+wait_for_completion, returns reader) took 314.4µs
10:22:07.979800 [debug]: reader.schema() took 200ns
10:22:07.979825 [debug]: batch-consume loop (for res in reader) took 19µs
10:22:07.979888 [debug]: do_execute(conn) (closure: stmt.execute + schema + batch loop) took 973.2µs
10:22:07.979905 [debug]: concat_batches + normalize_result_column_names took 5.9µs
10:22:07.979912 [debug]: record_current_span_status_from_attrs took 1.6µs
10:22:07.979919 [debug]: Query executed on node unknown:
/* {"app": "dbt", "connection_name": "", "dbt_version": "2.0.0", "profile_name": "pipeline_monitoring", "target_name": "dev"} */

    
        select type from duckdb_databases()
        where lower(database_name)='monitoring'
        and type='sqlite'
    
  
10:22:07.979941 [debug]: drop(query_span_guard) (span exit/export) took 23.2µs
10:22:07.980407 [debug]: create_debug_span(...).entered() took 11.3µs
10:22:07.980893 [debug]: stmt.execute() (submit+wait_for_completion, returns reader) took 248.2µs
10:22:07.980912 [debug]: reader.schema() took 200ns
10:22:07.980933 [debug]: do_execute(conn) (closure: stmt.execute + schema + batch loop) took 503.6µs
10:22:07.980943 [debug]: concat_batches + normalize_result_column_names took 5.2µs
10:22:07.980951 [debug]: record_current_span_status_from_attrs took 1.5µs
10:22:07.980958 [debug]: Query executed on node unknown:
/* {"app": "dbt", "connection_name": "", "dbt_version": "2.0.0", "profile_name": "pipeline_monitoring", "target_name": "dev"} */

    
    
        create schema if not exists "monitoring"."main"
    
10:22:07.980979 [debug]: drop(query_span_guard) (span exit/export) took 23µs
10:22:07.981316 [info ]: Started rendering (1 nodes)
10:22:07.981641 [info ]: Started model main.stg_pipeline_runs
10:22:07.981677 [debug]: Started rendering model main.stg_pipeline_runs
10:22:07.985327 [debug]: Compiled SQL for node model.pipeline_monitoring.stg_pipeline_runs at target\compiled\pipeline_monitoring\models\staging\stg_pipeline_runs.sql
10:22:07.985674 [debug]: Finished rendering [  0.00s] model main.stg_pipeline_runs [success]
10:22:07.986123 [info ]: Finished rendering [  0.00s] (1 nodes, 0 skipped, 0 errors)
10:22:07.986624 [info ]: Started analyzing (1 nodes)
10:22:07.986786 [debug]: Started analyzing model main.stg_pipeline_runs
10:22:08.000073 [warn ]: [SyntaxInvalid (dbt0101)]: no viable alternative at input 'run_a AS (
    SELECT 
        a_runs.execution_uuid AS "run_id",
        a_runs.workflow AS "pipeline_name",
        'raw_pipeline_a_runs' AS 'source_system''
  --> models/staging/stg_pipeline_runs.sql:7:34 (target\compiled\pipeline_monitoring\models\staging\stg_pipeline_runs.sql:7:34)
10:22:08.000310 [debug]: Finished analyzing [  0.01s] model main.stg_pipeline_runs [success]
10:22:08.001208 [info ]: Finished analyzing [  0.01s] (1 nodes, 0 skipped, 0 errors)
10:22:08.001760 [info ]: Started running (1 nodes)
10:22:08.001952 [info ]: Started running model main.stg_pipeline_runs
10:22:08.005754 [debug]: create_debug_span(...).entered() took 32µs
10:22:08.011206 [debug]: stmt.execute() (submit+wait_for_completion, returns reader) took 3.1542ms
10:22:08.011247 [debug]: reader.schema() took 900ns
10:22:08.011290 [debug]: batch-consume loop (for res in reader) took 35.9µs
10:22:08.011330 [debug]: do_execute(conn) (closure: stmt.execute + schema + batch loop) took 5.548ms
10:22:08.011355 [debug]: concat_batches + normalize_result_column_names took 13.4µs
10:22:08.011366 [debug]: record_current_span_status_from_attrs took 3.9µs
10:22:08.011375 [debug]: Query executed on node model.pipeline_monitoring.stg_pipeline_runs:
SELECT table_catalog, table_schema, table_name, table_type FROM information_schema.tables WHERE table_schema = 'main' AND lower(table_catalog) = lower('monitoring')
10:22:08.011403 [debug]: drop(query_span_guard) (span exit/export) took 30.9µs
10:22:08.016416 [debug]: Writing runtime sql for node "model.pipeline_monitoring.stg_pipeline_runs"
10:22:08.018360 [debug]: create_debug_span(...).entered() took 20.5µs
10:22:08.018925 [debug]: Query executed on node model.pipeline_monitoring.stg_pipeline_runs:
/* {"app": "dbt", "dbt_version": "2.0.0", "node_id": "model.pipeline_monitoring.stg_pipeline_runs", "profile_name": "pipeline_monitoring", "target_name": "dev"} */

  
  create view "monitoring"."main"."stg_pipeline_runs__dbt_tmp" as (
    

with run_a AS (
    SELECT 
        a_runs.execution_uuid AS "run_id",
        a_runs.workflow AS "pipeline_name",
        'raw_pipeline_a_runs' AS 'source_system'
        (CASE 
            WHEN a_runs.state IN ('COMPLETED','SUCCEEDED') THEN 'DONE'
            ELSE a_runs.state END ) AS 'status',
        a_runs.start_ts AS 'started_at',
        a_runs.end_ts AS 'finished_at',
        datediff('second',a_runs.start_ts,a_runs.end_ts) AS 'duration_seconds',
        a_runs.sample AS 'sample_id',
        a_runs.err_msg AS 'error_message',
        a_runs.credits_used AS 'compute_cost',
        a_runs.row_count AS 'records_processed',
        a_runs.env AS 'environment',
        ( CASE 
                    WHEN state IN ('SUCCEEDED','COMPLETED') THEN TRUE
                    WHEN state = 'RUNNING' THEN NULL
                    ELSE FALSE END) AS 'is_success'
    FROM 
        "monitoring"."raw"."raw_pipeline_a_runs" AS a_runs
)
SELECT *
FROM run_a
  );

10:22:09.020045 [error]: [DbDriverFailed (dbt1308)]: Database Error in model stg_pipeline_runs (target\run\pipeline_monitoring\models\staging\stg_pipeline_runs.sql)
  Parser Error: syntax error at or near "("
  
  LINE 12:         (CASE 
                   ^
  (in run\pipeline_monitoring\models/staging\stg_pipeline_runs.sql)
10:22:09.020303 [info ]: Finished running [  1.02s] model main.stg_pipeline_runs [error]
10:22:09.021104 [info ]: Finished running [  1.02s] (1 nodes, 0 skipped, 1 errors)
10:22:09.021789 [info ]:     Failed model main.stg_pipeline_runs (view) [1 of 1 in 1.03s]
10:22:09.404926 [info ]: 
==================== Execution Summary =====================
Finished 'run' with 1 warning and 1 error for target 'dev' [2.0s]
Processed: 1 model
Summary: 1 total | 1 error
==================== 2026-09-24T10:22:32.104167Z | 01a0d2f0-3239-72d1-9f98-3984c87aed86 ====================
10:22:32.104655 [info ]: dbt 2.0.6
10:22:32.105797 [info ]: Started loading project
10:22:32.113336 [info ]: Loading profiles.yml
10:22:32.120739 [debug]:    Started loading packages
10:22:32.128140 [debug]:     Loaded [  0.01s] packages
10:22:32.130122 [info ]: Finished loading project [  0.02s]
10:22:32.131589 [info ]: Started parsing
10:22:32.211607 [debug]: Finished parsing models/marts/schema.yml [  0.00s]
10:22:32.212179 [debug]: Finished parsing models/sources.yml [  0.00s]
10:22:32.219394 [debug]: Finished parsing models/intermediate/int_kafka_pipeline_runs.sql [  0.00s]
10:22:32.220359 [debug]: Finished parsing models/marts/fct_pipeline_monitoring.sql [  0.00s]
10:22:32.221440 [debug]: Finished parsing models/staging/stg_flow_b_runs.sql [  0.00s]
10:22:32.222323 [debug]: Finished parsing models/staging/stg_kafka_events.sql [  0.00s]
10:22:32.223265 [debug]: Finished parsing models/staging/stg_pipeline_a_runs.sql [  0.00s]
10:22:32.224451 [debug]: Finished parsing models/staging/stg_pipeline_runs.sql [  0.00s]
10:22:32.522381 [info ]: Finished parsing [  0.39s]
10:22:32.598754 [info ]: Started scheduling
10:22:32.599327 [info ]: Finished scheduling [  0.00s]
10:22:32.605401 [debug]: Initializing schema store with entry: Frontier(CanonicalFqn { catalog: "monitoring", schema: "raw", table: "raw_pipeline_a_runs" }) and interval: None
10:22:32.610421 [info ]: Started building task graph
10:22:32.610987 [info ]: Finished building task graph [  0.00s]
10:22:32.622827 [debug]: DuckDB driver resolved: duckdb 1.5.4
10:22:32.660954 [debug]: create_debug_span(...).entered() took 57.5µs
10:22:32.662786 [debug]: stmt.execute() (submit+wait_for_completion, returns reader) took 417.3µs
10:22:32.662810 [debug]: reader.schema() took 3.2µs
10:22:32.662881 [debug]: batch-consume loop (for res in reader) took 62.4µs
10:22:32.662918 [debug]: do_execute(conn) (closure: stmt.execute + schema + batch loop) took 1.93ms
10:22:32.662964 [debug]: concat_batches + normalize_result_column_names took 34.6µs
10:22:32.662987 [debug]: record_current_span_status_from_attrs took 13.5µs
10:22:32.662999 [debug]: Query executed on node unknown:
/* {"app": "dbt", "connection_name": "", "dbt_version": "2.0.0", "profile_name": "pipeline_monitoring", "target_name": "dev"} */

    
    select schema_name
    from system.information_schema.schemata
    
    where lower(catalog_name) = '"monitoring"'
    
  
  
10:22:32.663035 [debug]: drop(query_span_guard) (span exit/export) took 40.3µs
10:22:32.664116 [debug]: create_debug_span(...).entered() took 11.7µs
10:22:32.665019 [debug]: stmt.execute() (submit+wait_for_completion, returns reader) took 358µs
10:22:32.665036 [debug]: reader.schema() took 300ns
10:22:32.665062 [debug]: batch-consume loop (for res in reader) took 19.4µs
10:22:32.665083 [debug]: do_execute(conn) (closure: stmt.execute + schema + batch loop) took 946.2µs
10:22:32.665099 [debug]: concat_batches + normalize_result_column_names took 5.3µs
10:22:32.665106 [debug]: record_current_span_status_from_attrs took 1.6µs
10:22:32.665114 [debug]: Query executed on node unknown:
/* {"app": "dbt", "connection_name": "", "dbt_version": "2.0.0", "profile_name": "pipeline_monitoring", "target_name": "dev"} */

    
        select type from duckdb_databases()
        where lower(database_name)='monitoring'
        and type='sqlite'
    
  
10:22:32.665139 [debug]: drop(query_span_guard) (span exit/export) took 26µs
10:22:32.665599 [debug]: create_debug_span(...).entered() took 12.5µs
10:22:32.666048 [debug]: stmt.execute() (submit+wait_for_completion, returns reader) took 206.4µs
10:22:32.666088 [debug]: reader.schema() took 300ns
10:22:32.666110 [debug]: do_execute(conn) (closure: stmt.execute + schema + batch loop) took 489.4µs
10:22:32.666121 [debug]: concat_batches + normalize_result_column_names took 5.4µs
10:22:32.666129 [debug]: record_current_span_status_from_attrs took 1.9µs
10:22:32.666136 [debug]: Query executed on node unknown:
/* {"app": "dbt", "connection_name": "", "dbt_version": "2.0.0", "profile_name": "pipeline_monitoring", "target_name": "dev"} */

    
    
        create schema if not exists "monitoring"."main"
    
10:22:32.666160 [debug]: drop(query_span_guard) (span exit/export) took 24.9µs
10:22:32.666483 [info ]: Started rendering (1 nodes)
10:22:32.666764 [info ]: Started model main.stg_pipeline_runs
10:22:32.666809 [debug]: Started rendering model main.stg_pipeline_runs
10:22:32.669953 [debug]: Compiled SQL for node model.pipeline_monitoring.stg_pipeline_runs at target\compiled\pipeline_monitoring\models\staging\stg_pipeline_runs.sql
10:22:32.670318 [debug]: Finished rendering [  0.00s] model main.stg_pipeline_runs [success]
10:22:32.670716 [info ]: Finished rendering [  0.00s] (1 nodes, 0 skipped, 0 errors)
10:22:32.671303 [info ]: Started analyzing (1 nodes)
10:22:32.671512 [debug]: Started analyzing model main.stg_pipeline_runs
10:22:32.684340 [warn ]: [SyntaxInvalid (dbt0101)]: no viable alternative at input 'run_a AS (
    SELECT 
        a_runs.execution_uuid AS "run_id",
        a_runs.workflow AS "pipeline_name",
        'raw_pipeline_a_runs' AS 'source_system''
  --> models/staging/stg_pipeline_runs.sql:7:34 (target\compiled\pipeline_monitoring\models\staging\stg_pipeline_runs.sql:7:34)
10:22:32.684574 [debug]: Finished analyzing [  0.01s] model main.stg_pipeline_runs [success]
10:22:32.685032 [info ]: Finished analyzing [  0.01s] (1 nodes, 0 skipped, 0 errors)
10:22:32.685658 [info ]: Started running (1 nodes)
10:22:32.685923 [info ]: Started running model main.stg_pipeline_runs
10:22:32.689807 [debug]: create_debug_span(...).entered() took 26µs
10:22:32.697702 [debug]: stmt.execute() (submit+wait_for_completion, returns reader) took 4.9392ms
10:22:32.697739 [debug]: reader.schema() took 900ns
10:22:32.697817 [debug]: batch-consume loop (for res in reader) took 66.2µs
10:22:32.697885 [debug]: do_execute(conn) (closure: stmt.execute + schema + batch loop) took 8.0486ms
10:22:32.697944 [debug]: concat_batches + normalize_result_column_names took 39.9µs
10:22:32.697991 [debug]: record_current_span_status_from_attrs took 22.5µs
10:22:32.698031 [debug]: Query executed on node model.pipeline_monitoring.stg_pipeline_runs:
SELECT table_catalog, table_schema, table_name, table_type FROM information_schema.tables WHERE table_schema = 'main' AND lower(table_catalog) = lower('monitoring')
10:22:32.698077 [debug]: drop(query_span_guard) (span exit/export) took 54.9µs
10:22:32.703072 [debug]: Writing runtime sql for node "model.pipeline_monitoring.stg_pipeline_runs"
10:22:32.705781 [debug]: create_debug_span(...).entered() took 28.5µs
10:22:32.706580 [debug]: Query executed on node model.pipeline_monitoring.stg_pipeline_runs:
/* {"app": "dbt", "dbt_version": "2.0.0", "node_id": "model.pipeline_monitoring.stg_pipeline_runs", "profile_name": "pipeline_monitoring", "target_name": "dev"} */

  
  create view "monitoring"."main"."stg_pipeline_runs__dbt_tmp" as (
    

with run_a AS (
    SELECT 
        a_runs.execution_uuid AS "run_id",
        a_runs.workflow AS "pipeline_name",
        'raw_pipeline_a_runs' AS 'source_system'
        (CASE 
            WHEN a_runs.state IN ('COMPLETED','SUCCEEDED') THEN 'DONE'
            ELSE a_runs.state END ) AS 'status',
        a_runs.start_ts AS 'started_at',
        a_runs.end_ts AS 'finished_at',
        datediff('second',a_runs.start_ts,a_runs.end_ts) AS 'duration_seconds',
        a_runs.sample AS 'sample_id',
        a_runs.err_msg AS 'error_message',
        a_runs.credits_used AS 'compute_cost',
        a_runs.row_count AS 'records_processed',
        a_runs.env AS 'environment',
        ( CASE 
                    WHEN state IN ('SUCCEEDED','COMPLETED') THEN TRUE
                    WHEN state = 'RUNNING' THEN NULL
                    ELSE FALSE END) AS 'is_success'
    FROM 
        "monitoring"."raw"."raw_pipeline_a_runs" AS a_runs
)
SELECT *
FROM run_a
  );

10:22:33.707519 [error]: [DbDriverFailed (dbt1308)]: Database Error in model stg_pipeline_runs (target\run\pipeline_monitoring\models\staging\stg_pipeline_runs.sql)
  Parser Error: syntax error at or near "("
  
  LINE 12:         (CASE 
                   ^
  (in run\pipeline_monitoring\models/staging\stg_pipeline_runs.sql)
10:22:33.707755 [info ]: Finished running [  1.02s] model main.stg_pipeline_runs [error]
10:22:33.708396 [info ]: Finished running [  1.02s] (1 nodes, 0 skipped, 1 errors)
10:22:33.709167 [info ]:     Failed model main.stg_pipeline_runs (view) [1 of 1 in 1.04s]
10:22:34.066934 [info ]: 
==================== Execution Summary =====================
Finished 'run' with 1 warning and 1 error for target 'dev' [2.0s]
Processed: 1 model
Summary: 1 total | 1 error
==================== 2026-09-24T10:23:43.046314Z | 01a0d2f1-4759-7db0-92ae-b88834bcf8b1 ====================
10:23:43.046686 [info ]: dbt 2.0.6
10:23:43.047592 [info ]: Started loading project
10:23:43.053959 [info ]: Loading profiles.yml
10:23:43.060678 [debug]:    Started loading packages
10:23:43.068283 [debug]:     Loaded [  0.01s] packages
10:23:43.071430 [info ]: Finished loading project [  0.02s]
10:23:43.072835 [info ]: Started parsing
10:23:43.149202 [debug]: Finished parsing models/marts/schema.yml [  0.00s]
10:23:43.149770 [debug]: Finished parsing models/sources.yml [  0.00s]
10:23:43.156959 [debug]: Finished parsing models/intermediate/int_kafka_pipeline_runs.sql [  0.00s]
10:23:43.157921 [debug]: Finished parsing models/marts/fct_pipeline_monitoring.sql [  0.00s]
10:23:43.158725 [debug]: Finished parsing models/staging/stg_flow_b_runs.sql [  0.00s]
10:23:43.159456 [debug]: Finished parsing models/staging/stg_kafka_events.sql [  0.00s]
10:23:43.160209 [debug]: Finished parsing models/staging/stg_pipeline_a_runs.sql [  0.00s]
10:23:43.161282 [debug]: Finished parsing models/staging/stg_pipeline_runs.sql [  0.00s]
10:23:43.478299 [info ]: Finished parsing [  0.41s]
10:23:43.551398 [info ]: Started scheduling
10:23:43.551980 [info ]: Finished scheduling [  0.00s]
10:23:43.559199 [debug]: Initializing schema store with entry: Frontier(CanonicalFqn { catalog: "monitoring", schema: "raw", table: "raw_pipeline_a_runs" }) and interval: None
10:23:43.563356 [info ]: Started building task graph
10:23:43.563866 [info ]: Finished building task graph [  0.00s]
10:23:43.575147 [debug]: DuckDB driver resolved: duckdb 1.5.4
10:23:43.614132 [debug]: create_debug_span(...).entered() took 53.7µs
10:23:43.615953 [debug]: stmt.execute() (submit+wait_for_completion, returns reader) took 371.7µs
10:23:43.616001 [debug]: reader.schema() took 3.2µs
10:23:43.616047 [debug]: batch-consume loop (for res in reader) took 38.7µs
10:23:43.616082 [debug]: do_execute(conn) (closure: stmt.execute + schema + batch loop) took 1.9126ms
10:23:43.616122 [debug]: concat_batches + normalize_result_column_names took 34µs
10:23:43.616145 [debug]: record_current_span_status_from_attrs took 13.4µs
10:23:43.616159 [debug]: Query executed on node unknown:
/* {"app": "dbt", "connection_name": "", "dbt_version": "2.0.0", "profile_name": "pipeline_monitoring", "target_name": "dev"} */

    
    select schema_name
    from system.information_schema.schemata
    
    where lower(catalog_name) = '"monitoring"'
    
  
  
10:23:43.616216 [debug]: drop(query_span_guard) (span exit/export) took 62.5µs
10:23:43.617243 [debug]: create_debug_span(...).entered() took 12.8µs
10:23:43.618079 [debug]: stmt.execute() (submit+wait_for_completion, returns reader) took 277.2µs
10:23:43.618099 [debug]: reader.schema() took 200ns
10:23:43.618124 [debug]: batch-consume loop (for res in reader) took 18.7µs
10:23:43.618145 [debug]: do_execute(conn) (closure: stmt.execute + schema + batch loop) took 866µs
10:23:43.618161 [debug]: concat_batches + normalize_result_column_names took 5.1µs
10:23:43.618167 [debug]: record_current_span_status_from_attrs took 1.6µs
10:23:43.618174 [debug]: Query executed on node unknown:
/* {"app": "dbt", "connection_name": "", "dbt_version": "2.0.0", "profile_name": "pipeline_monitoring", "target_name": "dev"} */

    
        select type from duckdb_databases()
        where lower(database_name)='monitoring'
        and type='sqlite'
    
  
10:23:43.618242 [debug]: drop(query_span_guard) (span exit/export) took 69.1µs
10:23:43.618693 [debug]: create_debug_span(...).entered() took 12µs
10:23:43.619138 [debug]: stmt.execute() (submit+wait_for_completion, returns reader) took 203.5µs
10:23:43.619156 [debug]: reader.schema() took 300ns
10:23:43.619178 [debug]: do_execute(conn) (closure: stmt.execute + schema + batch loop) took 462.1µs
10:23:43.619187 [debug]: concat_batches + normalize_result_column_names took 5.1µs
10:23:43.619208 [debug]: record_current_span_status_from_attrs took 2.2µs
10:23:43.619215 [debug]: Query executed on node unknown:
/* {"app": "dbt", "connection_name": "", "dbt_version": "2.0.0", "profile_name": "pipeline_monitoring", "target_name": "dev"} */

    
    
        create schema if not exists "monitoring"."main"
    
10:23:43.619237 [debug]: drop(query_span_guard) (span exit/export) took 22.9µs
10:23:43.619901 [info ]: Started rendering (1 nodes)
10:23:43.620262 [info ]: Started model main.stg_pipeline_runs
10:23:43.620325 [debug]: Started rendering model main.stg_pipeline_runs
10:23:43.623408 [debug]: Compiled SQL for node model.pipeline_monitoring.stg_pipeline_runs at target\compiled\pipeline_monitoring\models\staging\stg_pipeline_runs.sql
10:23:43.623753 [debug]: Finished rendering [  0.00s] model main.stg_pipeline_runs [success]
10:23:43.624261 [info ]: Finished rendering [  0.00s] (1 nodes, 0 skipped, 0 errors)
10:23:43.624742 [info ]: Started analyzing (1 nodes)
10:23:43.624933 [debug]: Started analyzing model main.stg_pipeline_runs
10:23:43.638203 [warn ]: [SyntaxInvalid (dbt0101)]: no viable alternative at input 'run_a AS (
    SELECT 
        a_runs.execution_uuid AS "run_id",
        a_runs.workflow AS "pipeline_name",
        'raw_pipeline_a_runs' AS 'source_system''
  --> models/staging/stg_pipeline_runs.sql:7:34 (target\compiled\pipeline_monitoring\models\staging\stg_pipeline_runs.sql:7:34)
10:23:43.638397 [debug]: Finished analyzing [  0.01s] model main.stg_pipeline_runs [success]
10:23:43.639056 [info ]: Finished analyzing [  0.01s] (1 nodes, 0 skipped, 0 errors)
10:23:43.639625 [info ]: Started running (1 nodes)
10:23:43.639878 [info ]: Started running model main.stg_pipeline_runs
10:23:43.643419 [debug]: create_debug_span(...).entered() took 27.1µs
10:23:43.649081 [debug]: stmt.execute() (submit+wait_for_completion, returns reader) took 3.2643ms
10:23:43.649107 [debug]: reader.schema() took 700ns
10:23:43.649152 [debug]: batch-consume loop (for res in reader) took 35.3µs
10:23:43.649198 [debug]: do_execute(conn) (closure: stmt.execute + schema + batch loop) took 5.7509ms
10:23:43.649226 [debug]: concat_batches + normalize_result_column_names took 16.8µs
10:23:43.649239 [debug]: record_current_span_status_from_attrs took 4.4µs
10:23:43.649250 [debug]: Query executed on node model.pipeline_monitoring.stg_pipeline_runs:
SELECT table_catalog, table_schema, table_name, table_type FROM information_schema.tables WHERE table_schema = 'main' AND lower(table_catalog) = lower('monitoring')
10:23:43.649287 [debug]: drop(query_span_guard) (span exit/export) took 40.4µs
10:23:43.654624 [debug]: Writing runtime sql for node "model.pipeline_monitoring.stg_pipeline_runs"
10:23:43.657312 [debug]: create_debug_span(...).entered() took 35.7µs
10:23:43.657911 [debug]: Query executed on node model.pipeline_monitoring.stg_pipeline_runs:
/* {"app": "dbt", "dbt_version": "2.0.0", "node_id": "model.pipeline_monitoring.stg_pipeline_runs", "profile_name": "pipeline_monitoring", "target_name": "dev"} */

  
  create view "monitoring"."main"."stg_pipeline_runs__dbt_tmp" as (
    

with run_a AS (
    SELECT 
        a_runs.execution_uuid AS "run_id",
        a_runs.workflow AS "pipeline_name",
        'raw_pipeline_a_runs' AS 'source_system'
        (CASE 
            WHEN a_runs.state IN ('COMPLETED','SUCCEEDED') THEN 'DONE'
            ELSE a_runs.state END ) AS 'status',
        a_runs.start_ts AS 'started_at',
        a_runs.end_ts AS 'finished_at',
        datediff('second',a_runs.start_ts,a_runs.end_ts) AS 'duration_seconds',
        a_runs.sample AS 'sample_id',
        a_runs.err_msg AS 'error_message',
        a_runs.credits_used AS 'compute_cost',
        a_runs.row_count AS 'records_processed',
        a_runs.env AS 'environment',
        ( CASE 
                    WHEN state IN ('SUCCEEDED','COMPLETED') THEN TRUE
                    WHEN state = 'RUNNING' THEN NULL
                    ELSE FALSE END) AS 'is_success'
    FROM 
        "monitoring"."raw"."raw_pipeline_a_runs" AS a_runs
)
SELECT *
FROM run_a
  );

10:23:44.659102 [error]: [DbDriverFailed (dbt1308)]: Database Error in model stg_pipeline_runs (target\run\pipeline_monitoring\models\staging\stg_pipeline_runs.sql)
  Parser Error: syntax error at or near "("
  
  LINE 12:         (CASE 
                   ^
  (in run\pipeline_monitoring\models/staging\stg_pipeline_runs.sql)
10:23:44.659393 [info ]: Finished running [  1.02s] model main.stg_pipeline_runs [error]
10:23:44.659950 [info ]: Finished running [  1.02s] (1 nodes, 0 skipped, 1 errors)
10:23:44.660556 [info ]:     Failed model main.stg_pipeline_runs (view) [1 of 1 in 1.03s]
10:23:45.013825 [info ]: 
==================== Execution Summary =====================
Finished 'run' with 1 warning and 1 error for target 'dev' [2.0s]
Processed: 1 model
Summary: 1 total | 1 error
==================== 2026-09-24T10:24:03.694382Z | 01a0d2f1-9801-7f20-89b8-57520545e7e4 ====================
10:24:03.694751 [info ]: dbt 2.0.6
10:24:03.695827 [info ]: Started loading project
10:24:03.702318 [info ]: Loading profiles.yml
10:24:03.711138 [debug]:    Started loading packages
10:24:03.720381 [debug]:     Loaded [  0.01s] packages
10:24:03.722595 [info ]: Finished loading project [  0.03s]
10:24:03.723996 [info ]: Started parsing
10:24:03.805120 [debug]: Finished parsing models/marts/schema.yml [  0.00s]
10:24:03.805733 [debug]: Finished parsing models/sources.yml [  0.00s]
10:24:03.813316 [debug]: Finished parsing models/intermediate/int_kafka_pipeline_runs.sql [  0.00s]
10:24:03.814565 [debug]: Finished parsing models/marts/fct_pipeline_monitoring.sql [  0.00s]
10:24:03.816122 [debug]: Finished parsing models/staging/stg_flow_b_runs.sql [  0.00s]
10:24:03.817122 [debug]: Finished parsing models/staging/stg_kafka_events.sql [  0.00s]
10:24:03.818085 [debug]: Finished parsing models/staging/stg_pipeline_a_runs.sql [  0.00s]
10:24:03.819392 [debug]: Finished parsing models/staging/stg_pipeline_runs.sql [  0.00s]
10:24:04.146616 [info ]: Finished parsing [  0.42s]
10:24:04.238764 [info ]: Started scheduling
10:24:04.239329 [info ]: Finished scheduling [  0.00s]
10:24:04.246855 [debug]: Initializing schema store with entry: Frontier(CanonicalFqn { catalog: "monitoring", schema: "raw", table: "raw_pipeline_a_runs" }) and interval: None
10:24:04.250611 [info ]: Started building task graph
10:24:04.251118 [info ]: Finished building task graph [  0.00s]
10:24:04.262121 [debug]: DuckDB driver resolved: duckdb 1.5.4
10:24:04.302203 [debug]: create_debug_span(...).entered() took 64.1µs
10:24:04.304496 [debug]: stmt.execute() (submit+wait_for_completion, returns reader) took 483.6µs
10:24:04.304562 [debug]: reader.schema() took 3.7µs
10:24:04.304611 [debug]: batch-consume loop (for res in reader) took 41.1µs
10:24:04.304647 [debug]: do_execute(conn) (closure: stmt.execute + schema + batch loop) took 2.3978ms
10:24:04.304693 [debug]: concat_batches + normalize_result_column_names took 34.2µs
10:24:04.304717 [debug]: record_current_span_status_from_attrs took 14µs
10:24:04.304729 [debug]: Query executed on node unknown:
/* {"app": "dbt", "connection_name": "", "dbt_version": "2.0.0", "profile_name": "pipeline_monitoring", "target_name": "dev"} */

    
    select schema_name
    from system.information_schema.schemata
    
    where lower(catalog_name) = '"monitoring"'
    
  
  
10:24:04.304767 [debug]: drop(query_span_guard) (span exit/export) took 45.1µs
10:24:04.305958 [debug]: create_debug_span(...).entered() took 13.2µs
10:24:04.306818 [debug]: stmt.execute() (submit+wait_for_completion, returns reader) took 285.7µs
10:24:04.306837 [debug]: reader.schema() took 200ns
10:24:04.306862 [debug]: batch-consume loop (for res in reader) took 18.7µs
10:24:04.306883 [debug]: do_execute(conn) (closure: stmt.execute + schema + batch loop) took 905.1µs
10:24:04.306904 [debug]: concat_batches + normalize_result_column_names took 9.1µs
10:24:04.306922 [debug]: record_current_span_status_from_attrs took 10.1µs
10:24:04.306931 [debug]: Query executed on node unknown:
/* {"app": "dbt", "connection_name": "", "dbt_version": "2.0.0", "profile_name": "pipeline_monitoring", "target_name": "dev"} */

    
        select type from duckdb_databases()
        where lower(database_name)='monitoring'
        and type='sqlite'
    
  
10:24:04.306953 [debug]: drop(query_span_guard) (span exit/export) took 24.6µs
10:24:04.307420 [debug]: create_debug_span(...).entered() took 10.2µs
10:24:04.307797 [debug]: stmt.execute() (submit+wait_for_completion, returns reader) took 142.7µs
10:24:04.307838 [debug]: reader.schema() took 300ns
10:24:04.307877 [debug]: do_execute(conn) (closure: stmt.execute + schema + batch loop) took 438.3µs
10:24:04.307887 [debug]: concat_batches + normalize_result_column_names took 4.7µs
10:24:04.307895 [debug]: record_current_span_status_from_attrs took 1.4µs
10:24:04.307902 [debug]: Query executed on node unknown:
/* {"app": "dbt", "connection_name": "", "dbt_version": "2.0.0", "profile_name": "pipeline_monitoring", "target_name": "dev"} */

    
    
        create schema if not exists "monitoring"."main"
    
10:24:04.307923 [debug]: drop(query_span_guard) (span exit/export) took 22.3µs
10:24:04.308399 [info ]: Started rendering (1 nodes)
10:24:04.308831 [info ]: Started model main.stg_pipeline_runs
10:24:04.308905 [debug]: Started rendering model main.stg_pipeline_runs
10:24:04.311777 [debug]: Compiled SQL for node model.pipeline_monitoring.stg_pipeline_runs at target\compiled\pipeline_monitoring\models\staging\stg_pipeline_runs.sql
10:24:04.312103 [debug]: Finished rendering [  0.00s] model main.stg_pipeline_runs [success]
10:24:04.312650 [info ]: Finished rendering [  0.00s] (1 nodes, 0 skipped, 0 errors)
10:24:04.313201 [info ]: Started analyzing (1 nodes)
10:24:04.313439 [debug]: Started analyzing model main.stg_pipeline_runs
10:24:04.326109 [warn ]: [SyntaxInvalid (dbt0101)]: no viable alternative at input 'run_a AS (
    SELECT 
        a_runs.execution_uuid AS "run_id",
        a_runs.workflow AS "pipeline_name",
        'raw_pipeline_a_runs' AS 'source_system''
  --> models/staging/stg_pipeline_runs.sql:7:34 (target\compiled\pipeline_monitoring\models\staging\stg_pipeline_runs.sql:7:34)
10:24:04.326318 [debug]: Finished analyzing [  0.01s] model main.stg_pipeline_runs [success]
10:24:04.327179 [info ]: Finished analyzing [  0.01s] (1 nodes, 0 skipped, 0 errors)
10:24:04.327637 [info ]: Started running (1 nodes)
10:24:04.328017 [info ]: Started running model main.stg_pipeline_runs
10:24:04.331555 [debug]: create_debug_span(...).entered() took 23.4µs
10:24:04.337328 [debug]: stmt.execute() (submit+wait_for_completion, returns reader) took 3.353ms
10:24:04.337349 [debug]: reader.schema() took 700ns
10:24:04.337394 [debug]: batch-consume loop (for res in reader) took 36.2µs
10:24:04.337430 [debug]: do_execute(conn) (closure: stmt.execute + schema + batch loop) took 5.8449ms
10:24:04.337458 [debug]: concat_batches + normalize_result_column_names took 16.4µs
10:24:04.337467 [debug]: record_current_span_status_from_attrs took 3.9µs
10:24:04.337477 [debug]: Query executed on node model.pipeline_monitoring.stg_pipeline_runs:
SELECT table_catalog, table_schema, table_name, table_type FROM information_schema.tables WHERE table_schema = 'main' AND lower(table_catalog) = lower('monitoring')
10:24:04.337523 [debug]: drop(query_span_guard) (span exit/export) took 50µs
10:24:04.341518 [debug]: Writing runtime sql for node "model.pipeline_monitoring.stg_pipeline_runs"
10:24:04.343413 [debug]: create_debug_span(...).entered() took 18.4µs
10:24:04.344009 [debug]: Query executed on node model.pipeline_monitoring.stg_pipeline_runs:
/* {"app": "dbt", "dbt_version": "2.0.0", "node_id": "model.pipeline_monitoring.stg_pipeline_runs", "profile_name": "pipeline_monitoring", "target_name": "dev"} */

  
  create view "monitoring"."main"."stg_pipeline_runs__dbt_tmp" as (
    

with run_a AS (
    SELECT 
        a_runs.execution_uuid AS "run_id",
        a_runs.workflow AS "pipeline_name",
        'raw_pipeline_a_runs' AS 'source_system'
        (CASE 
            WHEN a_runs.state IN ('COMPLETED','SUCCEEDED') THEN 'DONE'
            ELSE a_runs.state END ) AS 'status',
        a_runs.start_ts AS 'started_at',
        a_runs.end_ts AS 'finished_at',
        datediff('second',a_runs.start_ts,a_runs.end_ts) AS 'duration_seconds',
        a_runs.sample AS 'sample_id',
        a_runs.err_msg AS 'error_message',
        a_runs.credits_used AS 'compute_cost',
        a_runs.row_count AS 'records_processed',
        a_runs.env AS 'environment',
        ( CASE 
                    WHEN state IN ('SUCCEEDED','COMPLETED') THEN TRUE
                    WHEN state = 'RUNNING' THEN NULL
                    ELSE FALSE END) AS 'is_success'
    FROM 
        "monitoring"."raw"."raw_pipeline_a_runs" AS a_runs
)
SELECT *
FROM run_a
  );

10:24:05.346250 [error]: [DbDriverFailed (dbt1308)]: Database Error in model stg_pipeline_runs (target\run\pipeline_monitoring\models\staging\stg_pipeline_runs.sql)
  Parser Error: syntax error at or near "("
  
  LINE 12:         (CASE 
                   ^
  (in run\pipeline_monitoring\models/staging\stg_pipeline_runs.sql)
10:24:05.346520 [info ]: Finished running [  1.02s] model main.stg_pipeline_runs [error]
10:24:05.347131 [info ]: Finished running [  1.02s] (1 nodes, 0 skipped, 1 errors)
10:24:05.348151 [info ]:     Failed model main.stg_pipeline_runs (view) [1 of 1 in 1.03s]
10:24:05.725505 [info ]: 
==================== Execution Summary =====================
Finished 'run' with 1 warning and 1 error for target 'dev' [2.0s]
Processed: 1 model
Summary: 1 total | 1 error
==================== 2026-09-24T10:24:14.365617Z | 01a0d2f1-c217-7ea3-bca2-10725a23d4a2 ====================
10:24:14.365981 [info ]: dbt 2.0.6
10:24:14.367015 [info ]: Started loading project
10:24:14.372962 [info ]: Loading profiles.yml
10:24:14.380817 [debug]:    Started loading packages
10:24:14.388903 [debug]:     Loaded [  0.01s] packages
10:24:14.390882 [info ]: Finished loading project [  0.02s]
10:24:14.392206 [info ]: Started parsing
10:24:14.466778 [debug]: Finished parsing models/marts/schema.yml [  0.00s]
10:24:14.467369 [debug]: Finished parsing models/sources.yml [  0.00s]
10:24:14.473551 [debug]: Finished parsing models/intermediate/int_kafka_pipeline_runs.sql [  0.00s]
10:24:14.474584 [debug]: Finished parsing models/marts/fct_pipeline_monitoring.sql [  0.00s]
10:24:14.475448 [debug]: Finished parsing models/staging/stg_flow_b_runs.sql [  0.00s]
10:24:14.476286 [debug]: Finished parsing models/staging/stg_kafka_events.sql [  0.00s]
10:24:14.477128 [debug]: Finished parsing models/staging/stg_pipeline_a_runs.sql [  0.00s]
10:24:14.478287 [debug]: Finished parsing models/staging/stg_pipeline_runs.sql [  0.00s]
10:24:14.767307 [info ]: Finished parsing [  0.38s]
10:24:14.769547 [info ]: Started scheduling
10:24:14.770268 [info ]: Finished scheduling [  0.00s]
10:24:14.778460 [debug]: Initializing schema store with entry: Frontier(CanonicalFqn { catalog: "monitoring", schema: "raw", table: "raw_pipeline_a_runs" }) and interval: None
10:24:14.787322 [info ]: Started building task graph
10:24:14.787750 [info ]: Finished building task graph [  0.00s]
10:24:14.795684 [info ]: Started rendering (1 nodes)
10:24:14.795957 [info ]: Started model main.stg_pipeline_runs
10:24:14.796006 [debug]: Started rendering model main.stg_pipeline_runs
10:24:14.799869 [debug]: Compiled SQL for node model.pipeline_monitoring.stg_pipeline_runs at target\compiled\pipeline_monitoring\models\staging\stg_pipeline_runs.sql
10:24:14.800265 [debug]: Finished rendering [  0.00s] model main.stg_pipeline_runs [success]
10:24:14.800760 [info ]: Finished rendering [  0.01s] (1 nodes, 0 skipped, 0 errors)
10:24:14.801207 [info ]: Started analyzing (1 nodes)
10:24:14.801464 [debug]: Started analyzing model main.stg_pipeline_runs
10:24:14.816016 [warn ]: [SyntaxInvalid (dbt0101)]: no viable alternative at input 'run_a AS (
    SELECT 
        a_runs.execution_uuid AS "run_id",
        a_runs.workflow AS "pipeline_name",
        'raw_pipeline_a_runs' AS 'source_system''
  --> models/staging/stg_pipeline_runs.sql:7:34 (target\compiled\pipeline_monitoring\models\staging\stg_pipeline_runs.sql:7:34)
10:24:14.816306 [debug]: Finished analyzing [  0.01s] model main.stg_pipeline_runs [success]
10:24:14.816799 [info ]: Finished analyzing [  0.02s] (1 nodes, 0 skipped, 0 errors)
10:24:14.817352 [info ]: Started running (1 nodes)
10:24:14.817735 [info ]: Started running model main.stg_pipeline_runs
10:24:14.820700 [debug]: DuckDB driver resolved: duckdb 1.5.4
10:24:14.859216 [error]: [Generic (dbt1000)]: Internal: Parser Error: syntax error at or near "("

LINE 10:         (CASE 
                 ^ (sqlstate: [0, 0, 0, 0, 0], vendor_code: -2147483648)
10:24:14.859453 [info ]: Finished running [  0.04s] model main.stg_pipeline_runs [error]
10:24:14.860006 [info ]: Finished running [  0.04s] (1 nodes, 0 skipped, 1 errors)
10:24:14.860571 [info ]:     Failed model main.stg_pipeline_runs (view) [1 of 1 in 0.06s]
10:24:14.933579 [info ]: 
==================== Execution Summary =====================
Finished 'show' with 1 warning and 1 error for target 'dev' [567ms]
==================== 2026-09-24T10:24:47.921667Z | 01a0d2f2-44c8-7200-b857-e7e476729dab ====================
10:24:47.922037 [info ]: dbt 2.0.6
10:24:47.923044 [info ]: Started loading project
10:24:47.929186 [info ]: Loading profiles.yml
10:24:47.937556 [debug]:    Started loading packages
10:24:47.945888 [debug]:     Loaded [  0.01s] packages
10:24:47.948939 [info ]: Finished loading project [  0.03s]
10:24:47.950449 [info ]: Started parsing
10:24:48.034674 [debug]: Finished parsing models/marts/schema.yml [  0.00s]
10:24:48.035183 [debug]: Finished parsing models/sources.yml [  0.00s]
10:24:48.042498 [debug]: Finished parsing models/intermediate/int_kafka_pipeline_runs.sql [  0.00s]
10:24:48.043616 [debug]: Finished parsing models/marts/fct_pipeline_monitoring.sql [  0.00s]
10:24:48.044456 [debug]: Finished parsing models/staging/stg_flow_b_runs.sql [  0.00s]
10:24:48.045210 [debug]: Finished parsing models/staging/stg_kafka_events.sql [  0.00s]
10:24:48.046150 [debug]: Finished parsing models/staging/stg_pipeline_a_runs.sql [  0.00s]
10:24:48.047348 [debug]: Finished parsing models/staging/stg_pipeline_runs.sql [  0.00s]
10:24:48.375727 [info ]: Finished parsing [  0.43s]
10:24:48.559520 [info ]: Started scheduling
10:24:48.560164 [info ]: Finished scheduling [  0.00s]
10:24:48.567437 [debug]: Initializing schema store with entry: Frontier(CanonicalFqn { catalog: "monitoring", schema: "raw", table: "raw_pipeline_a_runs" }) and interval: None
10:24:48.572050 [info ]: Started building task graph
10:24:48.572522 [info ]: Finished building task graph [  0.00s]
10:24:48.583503 [debug]: DuckDB driver resolved: duckdb 1.5.4
10:24:48.618679 [debug]: create_debug_span(...).entered() took 54.5µs
10:24:48.620464 [debug]: stmt.execute() (submit+wait_for_completion, returns reader) took 382.1µs
10:24:48.620513 [debug]: reader.schema() took 3.2µs
10:24:48.620560 [debug]: batch-consume loop (for res in reader) took 40µs
10:24:48.620596 [debug]: do_execute(conn) (closure: stmt.execute + schema + batch loop) took 1.8813ms
10:24:48.620640 [debug]: concat_batches + normalize_result_column_names took 33.8µs
10:24:48.620658 [debug]: record_current_span_status_from_attrs took 12.7µs
10:24:48.620669 [debug]: Query executed on node unknown:
/* {"app": "dbt", "connection_name": "", "dbt_version": "2.0.0", "profile_name": "pipeline_monitoring", "target_name": "dev"} */

    
    select schema_name
    from system.information_schema.schemata
    
    where lower(catalog_name) = '"monitoring"'
    
  
  
10:24:48.620701 [debug]: drop(query_span_guard) (span exit/export) took 37.4µs
10:24:48.621710 [debug]: create_debug_span(...).entered() took 11.4µs
10:24:48.622555 [debug]: stmt.execute() (submit+wait_for_completion, returns reader) took 299.9µs
10:24:48.622574 [debug]: reader.schema() took 400ns
10:24:48.622600 [debug]: batch-consume loop (for res in reader) took 18.8µs
10:24:48.622644 [debug]: do_execute(conn) (closure: stmt.execute + schema + batch loop) took 913µs
10:24:48.622655 [debug]: concat_batches + normalize_result_column_names took 5µs
10:24:48.622662 [debug]: record_current_span_status_from_attrs took 1.5µs
10:24:48.622669 [debug]: Query executed on node unknown:
/* {"app": "dbt", "connection_name": "", "dbt_version": "2.0.0", "profile_name": "pipeline_monitoring", "target_name": "dev"} */

    
        select type from duckdb_databases()
        where lower(database_name)='monitoring'
        and type='sqlite'
    
  
10:24:48.622691 [debug]: drop(query_span_guard) (span exit/export) took 24.5µs
10:24:48.623127 [debug]: create_debug_span(...).entered() took 10.8µs
10:24:48.623517 [debug]: stmt.execute() (submit+wait_for_completion, returns reader) took 151.8µs
10:24:48.623579 [debug]: reader.schema() took 200ns
10:24:48.623600 [debug]: do_execute(conn) (closure: stmt.execute + schema + batch loop) took 453.5µs
10:24:48.623610 [debug]: concat_batches + normalize_result_column_names took 4.6µs
10:24:48.623616 [debug]: record_current_span_status_from_attrs took 1.5µs
10:24:48.623623 [debug]: Query executed on node unknown:
/* {"app": "dbt", "connection_name": "", "dbt_version": "2.0.0", "profile_name": "pipeline_monitoring", "target_name": "dev"} */

    
    
        create schema if not exists "monitoring"."main"
    
10:24:48.623644 [debug]: drop(query_span_guard) (span exit/export) took 22.4µs
10:24:48.624036 [info ]: Started rendering (1 nodes)
10:24:48.624320 [info ]: Started model main.stg_pipeline_runs
10:24:48.624358 [debug]: Started rendering model main.stg_pipeline_runs
10:24:48.627077 [debug]: Compiled SQL for node model.pipeline_monitoring.stg_pipeline_runs at target\compiled\pipeline_monitoring\models\staging\stg_pipeline_runs.sql
10:24:48.627401 [debug]: Finished rendering [  0.00s] model main.stg_pipeline_runs [success]
10:24:48.627794 [info ]: Finished rendering [  0.00s] (1 nodes, 0 skipped, 0 errors)
10:24:48.628296 [info ]: Started analyzing (1 nodes)
10:24:48.628571 [debug]: Started analyzing model main.stg_pipeline_runs
10:24:48.642006 [warn ]: [SyntaxInvalid (dbt0101)]: no viable alternative at input 'run_a AS (
    SELECT 
        a_runs.execution_uuid AS "run_id",
        a_runs.workflow AS "pipeline_name",
        'raw_pipeline_a_runs' AS 'source_system''
  --> models/staging/stg_pipeline_runs.sql:7:34 (target\compiled\pipeline_monitoring\models\staging\stg_pipeline_runs.sql:7:34)
10:24:48.642210 [debug]: Finished analyzing [  0.01s] model main.stg_pipeline_runs [success]
10:24:48.642924 [info ]: Finished analyzing [  0.01s] (1 nodes, 0 skipped, 0 errors)
10:24:48.643378 [info ]: Started running (1 nodes)
10:24:48.643584 [info ]: Started running model main.stg_pipeline_runs
10:24:48.647773 [debug]: create_debug_span(...).entered() took 26.4µs
10:24:48.653897 [debug]: stmt.execute() (submit+wait_for_completion, returns reader) took 3.7201ms
10:24:48.653942 [debug]: reader.schema() took 900ns
10:24:48.654064 [debug]: batch-consume loop (for res in reader) took 102.3µs
10:24:48.654149 [debug]: do_execute(conn) (closure: stmt.execute + schema + batch loop) took 6.3322ms
10:24:48.654198 [debug]: concat_batches + normalize_result_column_names took 28.4µs
10:24:48.654223 [debug]: record_current_span_status_from_attrs took 6.8µs
10:24:48.654244 [debug]: Query executed on node model.pipeline_monitoring.stg_pipeline_runs:
SELECT table_catalog, table_schema, table_name, table_type FROM information_schema.tables WHERE table_schema = 'main' AND lower(table_catalog) = lower('monitoring')
10:24:48.654279 [debug]: drop(query_span_guard) (span exit/export) took 42.2µs
10:24:48.658385 [debug]: Writing runtime sql for node "model.pipeline_monitoring.stg_pipeline_runs"
10:24:48.660386 [debug]: create_debug_span(...).entered() took 18.8µs
10:24:48.661018 [debug]: Query executed on node model.pipeline_monitoring.stg_pipeline_runs:
/* {"app": "dbt", "dbt_version": "2.0.0", "node_id": "model.pipeline_monitoring.stg_pipeline_runs", "profile_name": "pipeline_monitoring", "target_name": "dev"} */

  
  create view "monitoring"."main"."stg_pipeline_runs__dbt_tmp" as (
    

with run_a AS (
    SELECT 
        a_runs.execution_uuid AS "run_id",
        a_runs.workflow AS "pipeline_name",
        'raw_pipeline_a_runs' AS 'source_system'
        (CASE 
            WHEN a_runs.state IN ('COMPLETED','SUCCEEDED') THEN 'DONE'
            ELSE a_runs.state END ) AS 'status',
        a_runs.start_ts AS 'started_at',
        a_runs.end_ts AS 'finished_at',
        datediff('second',a_runs.start_ts,a_runs.end_ts) AS 'duration_seconds',
        a_runs.sample AS 'sample_id',
        a_runs.err_msg AS 'error_message',
        a_runs.credits_used AS 'compute_cost',
        a_runs.row_count AS 'records_processed',
        a_runs.env AS 'environment',
        ( CASE 
                    WHEN state IN ('SUCCEEDED','COMPLETED') THEN TRUE
                    WHEN state = 'RUNNING' THEN NULL
                    ELSE FALSE END) AS 'is_success'
    FROM 
        "monitoring"."raw"."raw_pipeline_a_runs" AS a_runs
)
SELECT *
FROM run_a
  );

10:24:49.662361 [error]: [DbDriverFailed (dbt1308)]: Database Error in model stg_pipeline_runs (target\run\pipeline_monitoring\models\staging\stg_pipeline_runs.sql)
  Parser Error: syntax error at or near "("
  
  LINE 12:         (CASE 
                   ^
  (in run\pipeline_monitoring\models/staging\stg_pipeline_runs.sql)
10:24:49.662607 [info ]: Finished running [  1.02s] model main.stg_pipeline_runs [error]
10:24:49.663346 [info ]: Finished running [  1.02s] (1 nodes, 0 skipped, 1 errors)
10:24:49.664239 [info ]:     Failed model main.stg_pipeline_runs (view) [1 of 1 in 1.03s]
10:24:50.038002 [info ]: 
==================== Execution Summary =====================
Finished 'run' with 1 warning and 1 error for target 'dev' [2.1s]
Processed: 1 model
Summary: 1 total | 1 error
==================== 2026-09-24T10:39:26.392097Z | 01a0d2ff-acb5-78a1-a2a5-6cccd39a6214 ====================
10:39:26.392260 [info ]: dbt 2.0.6
10:39:26.392614 [info ]: Started loading project
10:39:26.395299 [info ]: Loading profiles.yml
10:39:26.398253 [debug]:    Started loading packages
10:39:26.401494 [debug]:     Loaded [  0.00s] packages
10:39:26.402427 [info ]: Finished loading project [  0.01s]
10:39:26.402964 [info ]: Started parsing
10:39:26.435769 [debug]: Finished parsing models/marts/schema.yml [  0.00s]
10:39:26.436079 [debug]: Finished parsing models/sources.yml [  0.00s]
10:39:26.439248 [debug]: Finished parsing models/intermediate/int_kafka_pipeline_runs.sql [  0.00s]
10:39:26.439742 [debug]: Finished parsing models/marts/fct_pipeline_monitoring.sql [  0.00s]
10:39:26.440084 [debug]: Finished parsing models/staging/stg_flow_b_runs.sql [  0.00s]
10:39:26.440400 [debug]: Finished parsing models/staging/stg_kafka_events.sql [  0.00s]
10:39:26.440719 [debug]: Finished parsing models/staging/stg_pipeline_a_runs.sql [  0.00s]
10:39:26.441207 [debug]: Finished parsing models/staging/stg_pipeline_runs.sql [  0.00s]
10:39:26.569712 [info ]: Finished parsing [  0.17s]
10:39:26.570533 [info ]: Started scheduling
10:39:26.570753 [info ]: Finished scheduling [  0.00s]
10:39:26.574272 [debug]: Initializing schema store with entry: Frontier(CanonicalFqn { catalog: "monitoring", schema: "raw", table: "raw_pipeline_a_runs" }) and interval: None
10:39:26.576084 [info ]: Started building task graph
10:39:26.576258 [info ]: Finished building task graph [  0.00s]
10:39:26.579931 [info ]: Started rendering (1 nodes)
10:39:26.580069 [info ]: Started model main.stg_pipeline_runs
10:39:26.580107 [debug]: Started rendering model main.stg_pipeline_runs
10:39:26.582042 [debug]: Compiled SQL for node model.pipeline_monitoring.stg_pipeline_runs at target\compiled\pipeline_monitoring\models\staging\stg_pipeline_runs.sql
10:39:26.582332 [debug]: Finished rendering [  0.00s] model main.stg_pipeline_runs [success]
10:39:26.582540 [info ]: Finished rendering [  0.00s] (1 nodes, 0 skipped, 0 errors)
10:39:26.582791 [info ]: Started analyzing (1 nodes)
10:39:26.582880 [debug]: Started analyzing model main.stg_pipeline_runs
10:39:26.588931 [warn ]: [SyntaxInvalid (dbt0101)]: no viable alternative at input 'run_a AS (
    SELECT 
        a_runs.execution_uuid AS "run_id",
        a_runs.workflow AS "pipeline_name",
        'raw_pipeline_a_runs' AS 'source_system''
  --> models/staging/stg_pipeline_runs.sql:7:34 (target\compiled\pipeline_monitoring\models\staging\stg_pipeline_runs.sql:7:34)
10:39:26.589048 [debug]: Finished analyzing [  0.01s] model main.stg_pipeline_runs [success]
10:39:26.589212 [info ]: Finished analyzing [  0.01s] (1 nodes, 0 skipped, 0 errors)
10:39:26.589401 [info ]:  Succeeded model main.stg_pipeline_runs (view) [1 of 1 in 0.01s]
10:39:26.598756 [info ]: Compiled node 'stg_pipeline_runs' is:


with run_a AS (
    SELECT 
        a_runs.execution_uuid AS "run_id",
        a_runs.workflow AS "pipeline_name",
        'raw_pipeline_a_runs' AS 'source_system'
        (CASE 
            WHEN a_runs.state IN ('COMPLETED','SUCCEEDED') THEN 'DONE'
            ELSE a_runs.state END ) AS 'status',
        a_runs.start_ts AS 'started_at',
        a_runs.end_ts AS 'finished_at',
        datediff('second',a_runs.start_ts,a_runs.end_ts) AS 'duration_seconds',
        a_runs.sample AS 'sample_id',
        a_runs.err_msg AS 'error_message',
        a_runs.credits_used AS 'compute_cost',
        a_runs.row_count AS 'records_processed',
        a_runs.env AS 'environment',
        ( CASE 
                    WHEN state IN ('SUCCEEDED','COMPLETED') THEN TRUE
                    WHEN state = 'RUNNING' THEN NULL
                    ELSE FALSE END) AS 'is_success'
    FROM 
        "monitoring"."raw"."raw_pipeline_a_runs" AS a_runs
)
SELECT *
FROM run_a
10:39:26.909460 [info ]: 
==================== Execution Summary =====================
Finished 'compile' with 1 warning for target 'dev' [517ms]
Processed: 1 model
Summary: 1 total | 1 success
==================== 2026-09-24T10:41:01.763948Z | 01a0d301-2117-7d53-9953-22343ccdad9b ====================
10:41:01.764113 [info ]: dbt 2.0.6
10:41:01.764536 [info ]: Started loading project
10:41:01.767321 [info ]: Loading profiles.yml
10:41:01.770271 [debug]:    Started loading packages
10:41:01.773367 [debug]:     Loaded [  0.00s] packages
10:41:01.774254 [info ]: Finished loading project [  0.01s]
10:41:01.774738 [info ]: Started parsing
10:41:01.805753 [debug]: Finished parsing models/marts/schema.yml [  0.00s]
10:41:01.805993 [debug]: Finished parsing models/sources.yml [  0.00s]
10:41:01.809310 [debug]: Finished parsing models/intermediate/int_kafka_pipeline_runs.sql [  0.00s]
10:41:01.809765 [debug]: Finished parsing models/marts/fct_pipeline_monitoring.sql [  0.00s]
10:41:01.810117 [debug]: Finished parsing models/staging/stg_flow_b_runs.sql [  0.00s]
10:41:01.810406 [debug]: Finished parsing models/staging/stg_kafka_events.sql [  0.00s]
10:41:01.810708 [debug]: Finished parsing models/staging/stg_pipeline_a_runs.sql [  0.00s]
10:41:01.811167 [debug]: Finished parsing models/staging/stg_pipeline_runs.sql [  0.00s]
10:41:01.954987 [info ]: Finished parsing [  0.18s]
10:41:01.987770 [info ]: Started scheduling
10:41:01.988021 [info ]: Finished scheduling [  0.00s]
10:41:01.991336 [debug]: Initializing schema store with entry: Frontier(CanonicalFqn { catalog: "monitoring", schema: "raw", table: "raw_pipeline_a_runs" }) and interval: None
10:41:01.993161 [info ]: Started building task graph
10:41:01.993402 [info ]: Finished building task graph [  0.00s]
10:41:01.999059 [debug]: DuckDB driver resolved: duckdb 1.5.4
10:41:02.016332 [debug]: create_debug_span(...).entered() took 27.7µs
10:41:02.017209 [debug]: stmt.execute() (submit+wait_for_completion, returns reader) took 179.4µs
10:41:02.017220 [debug]: reader.schema() took 1.6µs
10:41:02.017243 [debug]: batch-consume loop (for res in reader) took 19.1µs
10:41:02.017260 [debug]: do_execute(conn) (closure: stmt.execute + schema + batch loop) took 910.8µs
10:41:02.017282 [debug]: concat_batches + normalize_result_column_names took 17µs
10:41:02.017293 [debug]: record_current_span_status_from_attrs took 6.5µs
10:41:02.017298 [debug]: Query executed on node unknown:
/* {"app": "dbt", "connection_name": "", "dbt_version": "2.0.0", "profile_name": "pipeline_monitoring", "target_name": "dev"} */

    
    select schema_name
    from system.information_schema.schemata
    
    where lower(catalog_name) = '"monitoring"'
    
  
  
10:41:02.017314 [debug]: drop(query_span_guard) (span exit/export) took 18.3µs
10:41:02.017810 [debug]: create_debug_span(...).entered() took 5.6µs
10:41:02.018216 [debug]: stmt.execute() (submit+wait_for_completion, returns reader) took 132.4µs
10:41:02.018225 [debug]: reader.schema() took 100ns
10:41:02.018237 [debug]: batch-consume loop (for res in reader) took 8.8µs
10:41:02.018247 [debug]: do_execute(conn) (closure: stmt.execute + schema + batch loop) took 427µs
10:41:02.018254 [debug]: concat_batches + normalize_result_column_names took 2.6µs
10:41:02.018257 [debug]: record_current_span_status_from_attrs took 800ns
10:41:02.018261 [debug]: Query executed on node unknown:
/* {"app": "dbt", "connection_name": "", "dbt_version": "2.0.0", "profile_name": "pipeline_monitoring", "target_name": "dev"} */

    
        select type from duckdb_databases()
        where lower(database_name)='monitoring'
        and type='sqlite'
    
  
10:41:02.018268 [debug]: drop(query_span_guard) (span exit/export) took 8.8µs
10:41:02.018457 [debug]: create_debug_span(...).entered() took 5.1µs
10:41:02.018624 [debug]: stmt.execute() (submit+wait_for_completion, returns reader) took 68.1µs
10:41:02.018632 [debug]: reader.schema() took 100ns
10:41:02.018641 [debug]: do_execute(conn) (closure: stmt.execute + schema + batch loop) took 174.7µs
10:41:02.018648 [debug]: concat_batches + normalize_result_column_names took 2.6µs
10:41:02.018651 [debug]: record_current_span_status_from_attrs took 700ns
10:41:02.018654 [debug]: Query executed on node unknown:
/* {"app": "dbt", "connection_name": "", "dbt_version": "2.0.0", "profile_name": "pipeline_monitoring", "target_name": "dev"} */

    
    
        create schema if not exists "monitoring"."main"
    
10:41:02.018662 [debug]: drop(query_span_guard) (span exit/export) took 8.1µs
10:41:02.018803 [info ]: Started rendering (1 nodes)
10:41:02.018936 [info ]: Started model main.stg_pipeline_runs
10:41:02.018954 [debug]: Started rendering model main.stg_pipeline_runs
10:41:02.027369 [debug]: Compiled SQL for node model.pipeline_monitoring.stg_pipeline_runs at target\compiled\pipeline_monitoring\models\staging\stg_pipeline_runs.sql
10:41:02.027720 [debug]: Finished rendering [  0.01s] model main.stg_pipeline_runs [success]
10:41:02.027899 [info ]: Finished rendering [  0.01s] (1 nodes, 0 skipped, 0 errors)
10:41:02.028154 [info ]: Started analyzing (1 nodes)
10:41:02.028253 [debug]: Started analyzing model main.stg_pipeline_runs
10:41:02.034389 [warn ]: [SyntaxInvalid (dbt0101)]: no viable alternative at input 'run_a AS (
    SELECT 
        a_runs.execution_uuid AS "run_id",
        a_runs.workflow AS "pipeline_name",
        'raw_pipeline_a_runs' AS 'source_system''
  --> models/staging/stg_pipeline_runs.sql:7:34 (target\compiled\pipeline_monitoring\models\staging\stg_pipeline_runs.sql:7:34)
10:41:02.034485 [debug]: Finished analyzing [  0.01s] model main.stg_pipeline_runs [success]
10:41:02.034691 [info ]: Finished analyzing [  0.01s] (1 nodes, 0 skipped, 0 errors)
10:41:02.034888 [info ]: Started running (1 nodes)
10:41:02.034978 [info ]: Started running model main.stg_pipeline_runs
10:41:02.036757 [debug]: create_debug_span(...).entered() took 12.7µs
10:41:02.039611 [debug]: stmt.execute() (submit+wait_for_completion, returns reader) took 1.601ms
10:41:02.039624 [debug]: reader.schema() took 400ns
10:41:02.039646 [debug]: batch-consume loop (for res in reader) took 18.6µs
10:41:02.039667 [debug]: do_execute(conn) (closure: stmt.execute + schema + batch loop) took 2.896ms
10:41:02.039682 [debug]: concat_batches + normalize_result_column_names took 9.1µs
10:41:02.039689 [debug]: record_current_span_status_from_attrs took 2.9µs
10:41:02.039694 [debug]: Query executed on node model.pipeline_monitoring.stg_pipeline_runs:
SELECT table_catalog, table_schema, table_name, table_type FROM information_schema.tables WHERE table_schema = 'main' AND lower(table_catalog) = lower('monitoring')
10:41:02.039709 [debug]: drop(query_span_guard) (span exit/export) took 18µs
10:41:02.042193 [debug]: Writing runtime sql for node "model.pipeline_monitoring.stg_pipeline_runs"
10:41:02.043230 [debug]: create_debug_span(...).entered() took 15.7µs
10:41:02.043518 [debug]: Query executed on node model.pipeline_monitoring.stg_pipeline_runs:
/* {"app": "dbt", "dbt_version": "2.0.0", "node_id": "model.pipeline_monitoring.stg_pipeline_runs", "profile_name": "pipeline_monitoring", "target_name": "dev"} */

  
  create view "monitoring"."main"."stg_pipeline_runs__dbt_tmp" as (
    

with run_a AS (
    SELECT 
        a_runs.execution_uuid AS "run_id",
        a_runs.workflow AS "pipeline_name",
        'raw_pipeline_a_runs' AS 'source_system'
        (CASE 
            WHEN a_runs.state IN ('COMPLETED','SUCCEEDED') THEN 'DONE'
            ELSE a_runs.state END ) AS 'status',
        a_runs.start_ts AS 'started_at',
        a_runs.end_ts AS 'finished_at',
        datediff('second',a_runs.start_ts,a_runs.end_ts) AS 'duration_seconds',
        a_runs.sample AS 'sample_id',
        a_runs.err_msg AS 'error_message',
        a_runs.credits_used AS 'compute_cost',
        a_runs.row_count AS 'records_processed',
        a_runs.env AS 'environment',
        ( CASE 
                    WHEN state IN ('SUCCEEDED','COMPLETED') THEN TRUE
                    WHEN state = 'RUNNING' THEN NULL
                    ELSE FALSE END) AS 'is_success'
    FROM 
        "monitoring"."raw"."raw_pipeline_a_runs" AS a_runs
)
SELECT *
FROM run_a
  );

10:41:03.043944 [error]: [DbDriverFailed (dbt1308)]: Database Error in model stg_pipeline_runs (target\run\pipeline_monitoring\models\staging\stg_pipeline_runs.sql)
  Parser Error: syntax error at or near "("
  
  LINE 12:         (CASE 
                   ^
  (in run\pipeline_monitoring\models/staging\stg_pipeline_runs.sql)
10:41:03.044059 [info ]: Finished running [  1.01s] model main.stg_pipeline_runs [error]
10:41:03.044293 [info ]: Finished running [  1.01s] (1 nodes, 0 skipped, 1 errors)
10:41:03.044563 [info ]:     Failed model main.stg_pipeline_runs (view) [1 of 1 in 1.02s]
10:41:03.272270 [info ]: 
==================== Execution Summary =====================
Finished 'run' with 1 warning and 1 error for target 'dev' [1.5s]
Processed: 1 model
Summary: 1 total | 1 error
==================== 2026-09-24T10:41:32.717091Z | 01a0d301-9a00-7772-a992-238a92211f5c ====================
10:41:32.717292 [info ]: dbt 2.0.6
10:41:32.717723 [info ]: Started loading project
10:41:32.720650 [info ]: Loading profiles.yml
10:41:32.723545 [debug]:    Started loading packages
10:41:32.726833 [debug]:     Loaded [  0.00s] packages
10:41:32.727811 [info ]: Finished loading project [  0.01s]
10:41:32.728282 [info ]: Started parsing
10:41:32.761476 [debug]: Finished parsing models/marts/schema.yml [  0.00s]
10:41:32.761767 [debug]: Finished parsing models/sources.yml [  0.00s]
10:41:32.765022 [debug]: Finished parsing models/intermediate/int_kafka_pipeline_runs.sql [  0.00s]
10:41:32.765510 [debug]: Finished parsing models/marts/fct_pipeline_monitoring.sql [  0.00s]
10:41:32.765909 [debug]: Finished parsing models/staging/stg_flow_b_runs.sql [  0.00s]
10:41:32.766265 [debug]: Finished parsing models/staging/stg_kafka_events.sql [  0.00s]
10:41:32.766637 [debug]: Finished parsing models/staging/stg_pipeline_a_runs.sql [  0.00s]
10:41:32.767157 [debug]: Finished parsing models/staging/stg_pipeline_runs.sql [  0.00s]
10:41:32.924085 [info ]: Finished parsing [  0.20s]
10:41:32.955477 [info ]: Started scheduling
10:41:32.955742 [info ]: Finished scheduling [  0.00s]
10:41:32.958878 [debug]: Initializing schema store with entry: Frontier(CanonicalFqn { catalog: "monitoring", schema: "raw", table: "raw_pipeline_a_runs" }) and interval: None
10:41:32.960822 [info ]: Started building task graph
10:41:32.961032 [info ]: Finished building task graph [  0.00s]
10:41:32.966062 [debug]: DuckDB driver resolved: duckdb 1.5.4
10:41:32.985053 [debug]: create_debug_span(...).entered() took 30.3µs
10:41:32.985932 [debug]: stmt.execute() (submit+wait_for_completion, returns reader) took 176µs
10:41:32.985950 [debug]: reader.schema() took 4.4µs
10:41:32.985974 [debug]: batch-consume loop (for res in reader) took 18.4µs
10:41:32.985992 [debug]: do_execute(conn) (closure: stmt.execute + schema + batch loop) took 919.1µs
10:41:32.986014 [debug]: concat_batches + normalize_result_column_names took 17.3µs
10:41:32.986025 [debug]: record_current_span_status_from_attrs took 6µs
10:41:32.986031 [debug]: Query executed on node unknown:
/* {"app": "dbt", "connection_name": "", "dbt_version": "2.0.0", "profile_name": "pipeline_monitoring", "target_name": "dev"} */

    
    select schema_name
    from system.information_schema.schemata
    
    where lower(catalog_name) = '"monitoring"'
    
  
  
10:41:32.986046 [debug]: drop(query_span_guard) (span exit/export) took 18.1µs
10:41:32.986560 [debug]: create_debug_span(...).entered() took 5.2µs
10:41:32.986953 [debug]: stmt.execute() (submit+wait_for_completion, returns reader) took 124µs
10:41:32.986962 [debug]: reader.schema() took 100ns
10:41:32.986974 [debug]: batch-consume loop (for res in reader) took 8.6µs
10:41:32.986986 [debug]: do_execute(conn) (closure: stmt.execute + schema + batch loop) took 416µs
10:41:32.986991 [debug]: concat_batches + normalize_result_column_names took 2.3µs
10:41:32.986994 [debug]: record_current_span_status_from_attrs took 700ns
10:41:32.986999 [debug]: Query executed on node unknown:
/* {"app": "dbt", "connection_name": "", "dbt_version": "2.0.0", "profile_name": "pipeline_monitoring", "target_name": "dev"} */

    
        select type from duckdb_databases()
        where lower(database_name)='monitoring'
        and type='sqlite'
    
  
10:41:32.987009 [debug]: drop(query_span_guard) (span exit/export) took 13.1µs
10:41:32.987209 [debug]: create_debug_span(...).entered() took 5.2µs
10:41:32.987449 [debug]: stmt.execute() (submit+wait_for_completion, returns reader) took 75.8µs
10:41:32.987459 [debug]: reader.schema() took 100ns
10:41:32.987469 [debug]: do_execute(conn) (closure: stmt.execute + schema + batch loop) took 245.5µs
10:41:32.987476 [debug]: concat_batches + normalize_result_column_names took 2.8µs
10:41:32.987479 [debug]: record_current_span_status_from_attrs took 700ns
10:41:32.987482 [debug]: Query executed on node unknown:
/* {"app": "dbt", "connection_name": "", "dbt_version": "2.0.0", "profile_name": "pipeline_monitoring", "target_name": "dev"} */

    
    
        create schema if not exists "monitoring"."main"
    
10:41:32.987492 [debug]: drop(query_span_guard) (span exit/export) took 10.6µs
10:41:32.987640 [info ]: Started rendering (1 nodes)
10:41:32.987758 [info ]: Started model main.stg_pipeline_runs
10:41:32.987775 [debug]: Started rendering model main.stg_pipeline_runs
10:41:32.989029 [debug]: Compiled SQL for node model.pipeline_monitoring.stg_pipeline_runs at target\compiled\pipeline_monitoring\models\staging\stg_pipeline_runs.sql
10:41:32.989298 [debug]: Finished rendering [  0.00s] model main.stg_pipeline_runs [success]
10:41:32.989602 [info ]: Finished rendering [  0.00s] (1 nodes, 0 skipped, 0 errors)
10:41:32.989874 [info ]: Started analyzing (1 nodes)
10:41:32.989954 [debug]: Started analyzing model main.stg_pipeline_runs
10:41:33.006030 [debug]: Finished analyzing [  0.02s] model main.stg_pipeline_runs [success]
10:41:33.006249 [info ]: Finished analyzing [  0.02s] (1 nodes, 0 skipped, 0 errors)
10:41:33.006473 [info ]: Started running (1 nodes)
10:41:33.006592 [info ]: Started running model main.stg_pipeline_runs
10:41:33.008254 [debug]: create_debug_span(...).entered() took 9.5µs
10:41:33.010905 [debug]: stmt.execute() (submit+wait_for_completion, returns reader) took 1.5296ms
10:41:33.010916 [debug]: reader.schema() took 300ns
10:41:33.010938 [debug]: batch-consume loop (for res in reader) took 18.4µs
10:41:33.010957 [debug]: do_execute(conn) (closure: stmt.execute + schema + batch loop) took 2.6889ms
10:41:33.010971 [debug]: concat_batches + normalize_result_column_names took 9.1µs
10:41:33.010977 [debug]: record_current_span_status_from_attrs took 1.4µs
10:41:33.010982 [debug]: Query executed on node model.pipeline_monitoring.stg_pipeline_runs:
SELECT table_catalog, table_schema, table_name, table_type FROM information_schema.tables WHERE table_schema = 'main' AND lower(table_catalog) = lower('monitoring')
10:41:33.010996 [debug]: drop(query_span_guard) (span exit/export) took 15.6µs
10:41:33.013073 [debug]: Writing runtime sql for node "model.pipeline_monitoring.stg_pipeline_runs"
10:41:33.014355 [debug]: create_debug_span(...).entered() took 19.2µs
10:41:33.020521 [debug]: Query executed on node model.pipeline_monitoring.stg_pipeline_runs:
/* {"app": "dbt", "dbt_version": "2.0.0", "node_id": "model.pipeline_monitoring.stg_pipeline_runs", "profile_name": "pipeline_monitoring", "target_name": "dev"} */

  
  create view "monitoring"."main"."stg_pipeline_runs__dbt_tmp" as (
    

WITH run_a AS (

    SELECT
        a_runs.execution_uuid AS run_id,
        a_runs.workflow AS pipeline_name,
        'raw_pipeline_a_runs' AS source_system,

        CASE
            WHEN a_runs.state IN ('COMPLETED', 'SUCCEEDED') THEN 'DONE'
            ELSE a_runs.state
        END AS status,

        a_runs.start_ts AS started_at,
        a_runs.end_ts AS finished_at,

        date_diff(
            'second',
            a_runs.start_ts,
            a_runs.end_ts
        ) AS duration_seconds,

        a_runs.sample AS sample_id,
        a_runs.err_msg AS error_message,
        a_runs.credits_used AS compute_cost,
        a_runs.row_count AS records_processed,
        a_runs.env AS environment,

        CASE
            WHEN a_runs.state IN ('SUCCEEDED', 'COMPLETED') THEN TRUE
            WHEN a_runs.state = 'RUNNING' THEN NULL
            WHEN a_runs.state = 'FAILED' THEN FALSE
            ELSE NULL
        END AS is_success

    FROM "monitoring"."raw"."raw_pipeline_a_runs" AS a_runs

)

SELECT *
FROM run_a
  );

10:41:34.021228 [error]: [DbDriverFailed (dbt1308)]: Database Error in model stg_pipeline_runs (target\run\pipeline_monitoring\models\staging\stg_pipeline_runs.sql)
  Catalog Error: Table with name "raw.raw_pipeline_a_runs" does not exist because schema "raw" does not exist.
  
  LINE 41:     FROM "monitoring"."raw"."raw_pipeline_a_runs" AS a_runs
                    ^
  (in run\pipeline_monitoring\models/staging\stg_pipeline_runs.sql)
10:41:34.021380 [info ]: Finished running [  1.01s] model main.stg_pipeline_runs [error]
10:41:34.021657 [info ]: Finished running [  1.02s] (1 nodes, 0 skipped, 1 errors)
10:41:34.021952 [info ]:     Failed model main.stg_pipeline_runs (view) [1 of 1 in 1.03s]
10:41:34.216065 [info ]: 
==================== Execution Summary =====================
Finished 'run' with 1 error for target 'dev' [1.5s]
Processed: 1 model
Summary: 1 total | 1 error
==================== 2026-09-24T10:42:15.162287Z | 01a0d302-3fce-7cb1-9dfd-f28b540920e8 ====================
10:42:15.162453 [info ]: dbt 2.0.6
10:42:15.162845 [info ]: Started loading project
10:42:15.165494 [info ]: Loading profiles.yml
10:42:15.168252 [debug]:    Started loading packages
10:42:15.171510 [debug]:     Loaded [  0.00s] packages
10:42:15.172461 [info ]: Finished loading project [  0.01s]
10:42:15.173041 [info ]: Started parsing
10:42:15.204744 [debug]: Finished parsing models/marts/schema.yml [  0.00s]
10:42:15.204985 [debug]: Finished parsing models/sources.yml [  0.00s]
10:42:15.208131 [debug]: Finished parsing models/intermediate/int_kafka_pipeline_runs.sql [  0.00s]
10:42:15.208641 [debug]: Finished parsing models/marts/fct_pipeline_monitoring.sql [  0.00s]
10:42:15.208978 [debug]: Finished parsing models/staging/stg_flow_b_runs.sql [  0.00s]
10:42:15.209304 [debug]: Finished parsing models/staging/stg_kafka_events.sql [  0.00s]
10:42:15.209634 [debug]: Finished parsing models/staging/stg_pipeline_a_runs.sql [  0.00s]
10:42:15.210142 [debug]: Finished parsing models/staging/stg_pipeline_runs.sql [  0.00s]
10:42:15.337305 [error]: [DependencyNotFound (dbt1048)]: Source 'raw.raw_pipeline_a_runs' not found in project. Searched for 'pipeline_monitoring.raw.raw_pipeline_a_runs, raw.raw_pipeline_a_runs'
  --> models/staging/stg_pipeline_runs.sql:37:10
10:42:15.338780 [info ]: Finished parsing [  0.17s]
10:42:15.655230 [info ]: 
==================== Execution Summary =====================
Finished 'run' with 1 error for target 'dev' [492ms]
==================== 2026-09-24T10:42:23.915095Z | 01a0d302-61ff-7243-a82a-0b49da40b93e ====================
10:42:23.915265 [info ]: dbt 2.0.6
10:42:23.915636 [info ]: Started loading project
10:42:23.918295 [info ]: Loading profiles.yml
10:42:23.921619 [debug]:    Started loading packages
10:42:23.924914 [debug]:     Loaded [  0.00s] packages
10:42:23.925893 [info ]: Finished loading project [  0.01s]
10:42:23.926347 [info ]: Started parsing
10:42:23.959402 [debug]: Finished parsing models/marts/schema.yml [  0.00s]
10:42:23.959675 [debug]: Finished parsing models/sources.yml [  0.00s]
10:42:23.962664 [debug]: Finished parsing models/intermediate/int_kafka_pipeline_runs.sql [  0.00s]
10:42:23.963141 [debug]: Finished parsing models/marts/fct_pipeline_monitoring.sql [  0.00s]
10:42:23.963514 [debug]: Finished parsing models/staging/stg_flow_b_runs.sql [  0.00s]
10:42:23.963843 [debug]: Finished parsing models/staging/stg_kafka_events.sql [  0.00s]
10:42:23.964190 [debug]: Finished parsing models/staging/stg_pipeline_a_runs.sql [  0.00s]
10:42:23.964698 [debug]: Finished parsing models/staging/stg_pipeline_runs.sql [  0.00s]
10:42:24.102114 [error]: [DependencyNotFound (dbt1048)]: Source 'main_raw.raw_pipeline_a_runs' not found in project. Searched for 'pipeline_monitoring.main_raw.raw_pipeline_a_runs, main_raw.raw_pipeline_a_runs'
  --> models/staging/stg_pipeline_runs.sql:37:10
10:42:24.103322 [info ]: Finished parsing [  0.18s]
10:42:24.385825 [info ]: 
==================== Execution Summary =====================
Finished 'run' with 1 error for target 'dev' [470ms]
==================== 2026-09-24T10:42:47.726324Z | 01a0d302-bf01-7e82-9008-3a65d26a2c5c ====================
10:42:47.726499 [info ]: dbt 2.0.6
10:42:47.726911 [info ]: Started loading project
10:42:47.729544 [info ]: Loading profiles.yml
10:42:47.732638 [debug]:    Started loading packages
10:42:47.736115 [debug]:     Loaded [  0.00s] packages
10:42:47.737075 [info ]: Finished loading project [  0.01s]
10:42:47.737533 [info ]: Started parsing
10:42:47.772467 [debug]: Finished parsing models/marts/schema.yml [  0.00s]
10:42:47.772736 [debug]: Finished parsing models/sources.yml [  0.00s]
10:42:47.775998 [debug]: Finished parsing models/intermediate/int_kafka_pipeline_runs.sql [  0.00s]
10:42:47.776482 [debug]: Finished parsing models/marts/fct_pipeline_monitoring.sql [  0.00s]
10:42:47.776881 [debug]: Finished parsing models/staging/stg_flow_b_runs.sql [  0.00s]
10:42:47.777182 [debug]: Finished parsing models/staging/stg_kafka_events.sql [  0.00s]
10:42:47.777498 [debug]: Finished parsing models/staging/stg_pipeline_a_runs.sql [  0.00s]
10:42:47.778027 [debug]: Finished parsing models/staging/stg_pipeline_runs.sql [  0.00s]
10:42:47.925460 [info ]: Finished parsing [  0.19s]
10:42:47.956519 [info ]: Started scheduling
10:42:47.956783 [info ]: Finished scheduling [  0.00s]
10:42:47.960031 [debug]: Initializing schema store with entry: Frontier(CanonicalFqn { catalog: "monitoring", schema: "raw", table: "raw_pipeline_a_runs" }) and interval: None
10:42:47.961725 [info ]: Started building task graph
10:42:47.961923 [info ]: Finished building task graph [  0.00s]
10:42:47.967214 [debug]: DuckDB driver resolved: duckdb 1.5.4
10:42:47.983708 [debug]: create_debug_span(...).entered() took 29.7µs
10:42:47.984604 [debug]: stmt.execute() (submit+wait_for_completion, returns reader) took 200.2µs
10:42:47.984615 [debug]: reader.schema() took 1.6µs
10:42:47.984638 [debug]: batch-consume loop (for res in reader) took 19.5µs
10:42:47.984655 [debug]: do_execute(conn) (closure: stmt.execute + schema + batch loop) took 926.7µs
10:42:47.984676 [debug]: concat_batches + normalize_result_column_names took 16.6µs
10:42:47.984687 [debug]: record_current_span_status_from_attrs took 6.5µs
10:42:47.984692 [debug]: Query executed on node unknown:
/* {"app": "dbt", "connection_name": "", "dbt_version": "2.0.0", "profile_name": "pipeline_monitoring", "target_name": "dev"} */

    
    select schema_name
    from system.information_schema.schemata
    
    where lower(catalog_name) = '"monitoring"'
    
  
  
10:42:47.984708 [debug]: drop(query_span_guard) (span exit/export) took 18.7µs
10:42:47.985180 [debug]: create_debug_span(...).entered() took 6µs
10:42:47.985549 [debug]: stmt.execute() (submit+wait_for_completion, returns reader) took 125µs
10:42:47.985558 [debug]: reader.schema() took 200ns
10:42:47.985571 [debug]: batch-consume loop (for res in reader) took 8.9µs
10:42:47.985582 [debug]: do_execute(conn) (closure: stmt.execute + schema + batch loop) took 391.4µs
10:42:47.985588 [debug]: concat_batches + normalize_result_column_names took 2.4µs
10:42:47.985591 [debug]: record_current_span_status_from_attrs took 700ns
10:42:47.985595 [debug]: Query executed on node unknown:
/* {"app": "dbt", "connection_name": "", "dbt_version": "2.0.0", "profile_name": "pipeline_monitoring", "target_name": "dev"} */

    
        select type from duckdb_databases()
        where lower(database_name)='monitoring'
        and type='sqlite'
    
  
10:42:47.985605 [debug]: drop(query_span_guard) (span exit/export) took 11.4µs
10:42:47.985792 [debug]: create_debug_span(...).entered() took 5µs
10:42:47.985958 [debug]: stmt.execute() (submit+wait_for_completion, returns reader) took 67µs
10:42:47.985966 [debug]: reader.schema() took 100ns
10:42:47.985975 [debug]: do_execute(conn) (closure: stmt.execute + schema + batch loop) took 173.7µs
10:42:47.985982 [debug]: concat_batches + normalize_result_column_names took 2.9µs
10:42:47.985986 [debug]: record_current_span_status_from_attrs took 700ns
10:42:47.985989 [debug]: Query executed on node unknown:
/* {"app": "dbt", "connection_name": "", "dbt_version": "2.0.0", "profile_name": "pipeline_monitoring", "target_name": "dev"} */

    
    
        create schema if not exists "monitoring"."main"
    
10:42:47.985999 [debug]: drop(query_span_guard) (span exit/export) took 10.6µs
10:42:47.986148 [info ]: Started rendering (1 nodes)
10:42:47.986279 [info ]: Started model main.stg_pipeline_runs
10:42:47.986314 [debug]: Started rendering model main.stg_pipeline_runs
10:42:47.987795 [debug]: Compiled SQL for node model.pipeline_monitoring.stg_pipeline_runs at target\compiled\pipeline_monitoring\models\staging\stg_pipeline_runs.sql
10:42:47.988164 [debug]: Finished rendering [  0.00s] model main.stg_pipeline_runs [success]
10:42:47.988357 [info ]: Finished rendering [  0.00s] (1 nodes, 0 skipped, 0 errors)
10:42:47.988556 [info ]: Started analyzing (1 nodes)
10:42:47.988659 [debug]: Started analyzing model main.stg_pipeline_runs
10:42:48.005206 [debug]: Finished analyzing [  0.02s] model main.stg_pipeline_runs [success]
10:42:48.005707 [info ]: Finished analyzing [  0.02s] (1 nodes, 0 skipped, 0 errors)
10:42:48.005950 [info ]: Started running (1 nodes)
10:42:48.006125 [info ]: Started running model main.stg_pipeline_runs
10:42:48.008021 [debug]: create_debug_span(...).entered() took 12.7µs
10:42:48.011539 [debug]: stmt.execute() (submit+wait_for_completion, returns reader) took 2.1623ms
10:42:48.011552 [debug]: reader.schema() took 300ns
10:42:48.011573 [debug]: batch-consume loop (for res in reader) took 17.7µs
10:42:48.011593 [debug]: do_execute(conn) (closure: stmt.execute + schema + batch loop) took 3.5574ms
10:42:48.011607 [debug]: concat_batches + normalize_result_column_names took 8.8µs
10:42:48.011613 [debug]: record_current_span_status_from_attrs took 2.9µs
10:42:48.011617 [debug]: Query executed on node model.pipeline_monitoring.stg_pipeline_runs:
SELECT table_catalog, table_schema, table_name, table_type FROM information_schema.tables WHERE table_schema = 'main' AND lower(table_catalog) = lower('monitoring')
10:42:48.011638 [debug]: drop(query_span_guard) (span exit/export) took 22.4µs
10:42:48.013586 [debug]: Writing runtime sql for node "model.pipeline_monitoring.stg_pipeline_runs"
10:42:48.014723 [debug]: create_debug_span(...).entered() took 13.7µs
10:42:48.015270 [debug]: Query executed on node model.pipeline_monitoring.stg_pipeline_runs:
/* {"app": "dbt", "dbt_version": "2.0.0", "node_id": "model.pipeline_monitoring.stg_pipeline_runs", "profile_name": "pipeline_monitoring", "target_name": "dev"} */

  
  create view "monitoring"."main"."stg_pipeline_runs__dbt_tmp" as (
    

WITH run_a AS (

    SELECT
        a_runs.execution_uuid AS run_id,
        a_runs.workflow AS pipeline_name,
        'raw_pipeline_a_runs' AS source_system,

        CASE
            WHEN a_runs.state IN ('COMPLETED', 'SUCCEEDED') THEN 'DONE'
            ELSE a_runs.state
        END AS status,

        a_runs.start_ts AS started_at,
        a_runs.end_ts AS finished_at,

        date_diff(
            'second',
            a_runs.start_ts,
            a_runs.end_ts
        ) AS duration_seconds,

        a_runs.sample AS sample_id,
        a_runs.err_msg AS error_message,
        a_runs.credits_used AS compute_cost,
        a_runs.row_count AS records_processed,
        a_runs.env AS environment,

        CASE
            WHEN a_runs.state IN ('SUCCEEDED', 'COMPLETED') THEN TRUE
            WHEN a_runs.state = 'RUNNING' THEN NULL
            WHEN a_runs.state = 'FAILED' THEN FALSE
            ELSE NULL
        END AS is_success

    FROM "monitoring"."raw"."raw_pipeline_a_runs" AS a_runs

)

SELECT *
FROM run_a
  );

10:42:49.015680 [error]: [DbDriverFailed (dbt1308)]: Database Error in model stg_pipeline_runs (target\run\pipeline_monitoring\models\staging\stg_pipeline_runs.sql)
  Catalog Error: Table with name "raw.raw_pipeline_a_runs" does not exist because schema "raw" does not exist.
  
  LINE 41:     FROM "monitoring"."raw"."raw_pipeline_a_runs" AS a_runs
                    ^
  (in run\pipeline_monitoring\models/staging\stg_pipeline_runs.sql)
10:42:49.015796 [info ]: Finished running [  1.01s] model main.stg_pipeline_runs [error]
10:42:49.015998 [info ]: Finished running [  1.01s] (1 nodes, 0 skipped, 1 errors)
10:42:49.016256 [info ]:     Failed model main.stg_pipeline_runs (view) [1 of 1 in 1.03s]
10:42:49.234161 [info ]: 
==================== Execution Summary =====================
Finished 'run' with 1 error for target 'dev' [1.5s]
Processed: 1 model
Summary: 1 total | 1 error
==================== 2026-09-24T10:44:29.615320Z | 01a0d304-4d01-71b3-b307-fc4b4daac837 ====================
10:44:29.615490 [info ]: dbt 2.0.6
10:44:29.615921 [info ]: Started loading project
10:44:29.618750 [info ]: Loading profiles.yml
10:44:29.621651 [debug]:    Started loading packages
10:44:29.624878 [debug]:     Loaded [  0.00s] packages
10:44:29.625799 [info ]: Finished loading project [  0.01s]
10:44:29.626254 [info ]: Started parsing
10:44:29.658656 [debug]: Finished parsing models/marts/schema.yml [  0.00s]
10:44:29.658890 [debug]: Finished parsing models/sources.yml [  0.00s]
10:44:29.661957 [debug]: Finished parsing models/intermediate/int_kafka_pipeline_runs.sql [  0.00s]
10:44:29.662429 [debug]: Finished parsing models/marts/fct_pipeline_monitoring.sql [  0.00s]
10:44:29.662772 [debug]: Finished parsing models/staging/stg_flow_b_runs.sql [  0.00s]
10:44:29.663095 [debug]: Finished parsing models/staging/stg_kafka_events.sql [  0.00s]
10:44:29.663511 [debug]: Finished parsing models/staging/stg_pipeline_a_runs.sql [  0.00s]
10:44:29.664064 [debug]: Finished parsing models/staging/stg_pipeline_runs.sql [  0.00s]
10:44:29.815800 [info ]: Finished parsing [  0.19s]
10:44:29.846395 [info ]: Started scheduling
10:44:29.846735 [info ]: Finished scheduling [  0.00s]
10:44:29.850521 [debug]: Initializing schema store with entry: Frontier(CanonicalFqn { catalog: "monitoring", schema: "raw", table: "raw_pipeline_a_runs" }) and interval: None
10:44:29.852392 [info ]: Started building task graph
10:44:29.852604 [info ]: Finished building task graph [  0.00s]
10:44:29.857635 [debug]: DuckDB driver resolved: duckdb 1.5.4
10:44:29.874829 [debug]: create_debug_span(...).entered() took 27.5µs
10:44:29.875687 [debug]: stmt.execute() (submit+wait_for_completion, returns reader) took 183.8µs
10:44:29.875699 [debug]: reader.schema() took 1.7µs
10:44:29.875721 [debug]: batch-consume loop (for res in reader) took 18.8µs
10:44:29.875734 [debug]: do_execute(conn) (closure: stmt.execute + schema + batch loop) took 886µs
10:44:29.875754 [debug]: concat_batches + normalize_result_column_names took 17.1µs
10:44:29.875762 [debug]: record_current_span_status_from_attrs took 6.1µs
10:44:29.875768 [debug]: Query executed on node unknown:
/* {"app": "dbt", "connection_name": "", "dbt_version": "2.0.0", "profile_name": "pipeline_monitoring", "target_name": "dev"} */

    
    select schema_name
    from system.information_schema.schemata
    
    where lower(catalog_name) = '"monitoring"'
    
  
  
10:44:29.875784 [debug]: drop(query_span_guard) (span exit/export) took 18.9µs
10:44:29.876289 [debug]: create_debug_span(...).entered() took 5.6µs
10:44:29.876695 [debug]: stmt.execute() (submit+wait_for_completion, returns reader) took 173.1µs
10:44:29.876704 [debug]: reader.schema() took 100ns
10:44:29.876717 [debug]: batch-consume loop (for res in reader) took 9.9µs
10:44:29.876738 [debug]: do_execute(conn) (closure: stmt.execute + schema + batch loop) took 440.6µs
10:44:29.876746 [debug]: concat_batches + normalize_result_column_names took 2.5µs
10:44:29.876749 [debug]: record_current_span_status_from_attrs took 800ns
10:44:29.876752 [debug]: Query executed on node unknown:
/* {"app": "dbt", "connection_name": "", "dbt_version": "2.0.0", "profile_name": "pipeline_monitoring", "target_name": "dev"} */

    
        select type from duckdb_databases()
        where lower(database_name)='monitoring'
        and type='sqlite'
    
  
10:44:29.876763 [debug]: drop(query_span_guard) (span exit/export) took 11.5µs
10:44:29.876948 [debug]: create_debug_span(...).entered() took 4.9µs
10:44:29.877124 [debug]: stmt.execute() (submit+wait_for_completion, returns reader) took 77.8µs
10:44:29.877133 [debug]: reader.schema() took 100ns
10:44:29.877142 [debug]: do_execute(conn) (closure: stmt.execute + schema + batch loop) took 185.1µs
10:44:29.877147 [debug]: concat_batches + normalize_result_column_names took 2.4µs
10:44:29.877150 [debug]: record_current_span_status_from_attrs took 700ns
10:44:29.877153 [debug]: Query executed on node unknown:
/* {"app": "dbt", "connection_name": "", "dbt_version": "2.0.0", "profile_name": "pipeline_monitoring", "target_name": "dev"} */

    
    
        create schema if not exists "monitoring"."main"
    
10:44:29.877163 [debug]: drop(query_span_guard) (span exit/export) took 10.5µs
10:44:29.877309 [info ]: Started rendering (1 nodes)
10:44:29.877432 [info ]: Started model main.stg_pipeline_runs
10:44:29.877450 [debug]: Started rendering model main.stg_pipeline_runs
10:44:29.878779 [debug]: Compiled SQL for node model.pipeline_monitoring.stg_pipeline_runs at target\compiled\pipeline_monitoring\models\staging\stg_pipeline_runs.sql
10:44:29.879062 [debug]: Finished rendering [  0.00s] model main.stg_pipeline_runs [success]
10:44:29.879325 [info ]: Finished rendering [  0.00s] (1 nodes, 0 skipped, 0 errors)
10:44:29.879552 [info ]: Started analyzing (1 nodes)
10:44:29.879635 [debug]: Started analyzing model main.stg_pipeline_runs
10:44:29.895909 [debug]: Finished analyzing [  0.02s] model main.stg_pipeline_runs [success]
10:44:29.896115 [info ]: Finished analyzing [  0.02s] (1 nodes, 0 skipped, 0 errors)
10:44:29.896384 [info ]: Started running (1 nodes)
10:44:29.896542 [info ]: Started running model main.stg_pipeline_runs
10:44:29.898485 [debug]: create_debug_span(...).entered() took 12.9µs
10:44:29.901425 [debug]: stmt.execute() (submit+wait_for_completion, returns reader) took 1.6171ms
10:44:29.901435 [debug]: reader.schema() took 400ns
10:44:29.901457 [debug]: batch-consume loop (for res in reader) took 18.6µs
10:44:29.901478 [debug]: do_execute(conn) (closure: stmt.execute + schema + batch loop) took 2.9778ms
10:44:29.901493 [debug]: concat_batches + normalize_result_column_names took 8.9µs
10:44:29.901499 [debug]: record_current_span_status_from_attrs took 1.8µs
10:44:29.901504 [debug]: Query executed on node model.pipeline_monitoring.stg_pipeline_runs:
SELECT table_catalog, table_schema, table_name, table_type FROM information_schema.tables WHERE table_schema = 'main' AND lower(table_catalog) = lower('monitoring')
10:44:29.901518 [debug]: drop(query_span_guard) (span exit/export) took 16.8µs
10:44:29.903536 [debug]: Writing runtime sql for node "model.pipeline_monitoring.stg_pipeline_runs"
10:44:29.904499 [debug]: create_debug_span(...).entered() took 8.6µs
10:44:29.904964 [debug]: Query executed on node model.pipeline_monitoring.stg_pipeline_runs:
/* {"app": "dbt", "dbt_version": "2.0.0", "node_id": "model.pipeline_monitoring.stg_pipeline_runs", "profile_name": "pipeline_monitoring", "target_name": "dev"} */

  
  create view "monitoring"."main"."stg_pipeline_runs__dbt_tmp" as (
    

WITH run_a AS (

    SELECT
        a_runs.execution_uuid AS run_id,
        a_runs.workflow AS pipeline_name,
        'raw_pipeline_a_runs' AS source_system,

        CASE
            WHEN a_runs.state IN ('COMPLETED', 'SUCCEEDED') THEN 'DONE'
            ELSE a_runs.state
        END AS status,

        a_runs.start_ts AS started_at,
        a_runs.end_ts AS finished_at,

        date_diff(
            'second',
            a_runs.start_ts,
            a_runs.end_ts
        ) AS duration_seconds,

        a_runs.sample AS sample_id,
        a_runs.err_msg AS error_message,
        a_runs.credits_used AS compute_cost,
        a_runs.row_count AS records_processed,
        a_runs.env AS environment,

        CASE
            WHEN a_runs.state IN ('SUCCEEDED', 'COMPLETED') THEN TRUE
            WHEN a_runs.state = 'RUNNING' THEN NULL
            WHEN a_runs.state = 'FAILED' THEN FALSE
            ELSE NULL
        END AS is_success

    FROM "monitoring"."raw"."raw_pipeline_a_runs" AS a_runs

)

SELECT *
FROM run_a
  );

10:44:30.906584 [error]: [DbDriverFailed (dbt1308)]: Database Error in model stg_pipeline_runs (target\run\pipeline_monitoring\models\staging\stg_pipeline_runs.sql)
  Catalog Error: Table with name "raw.raw_pipeline_a_runs" does not exist because schema "raw" does not exist.
  
  LINE 41:     FROM "monitoring"."raw"."raw_pipeline_a_runs" AS a_runs
                    ^
  (in run\pipeline_monitoring\models/staging\stg_pipeline_runs.sql)
10:44:30.906903 [info ]: Finished running [  1.01s] model main.stg_pipeline_runs [error]
10:44:30.907659 [info ]: Finished running [  1.01s] (1 nodes, 0 skipped, 1 errors)
10:44:30.908146 [info ]:     Failed model main.stg_pipeline_runs (view) [1 of 1 in 1.03s]
10:44:31.095920 [info ]: 
==================== Execution Summary =====================
Finished 'run' with 1 error for target 'dev' [1.5s]
Processed: 1 model
Summary: 1 total | 1 error
==================== 2026-09-24T10:45:07.634766Z | 01a0d304-e186-7410-96b0-2145f75661c6 ====================
10:45:07.634936 [info ]: dbt 2.0.6
10:45:07.635312 [info ]: Started loading project
10:45:07.637958 [info ]: Loading profiles.yml
10:45:07.640918 [debug]:    Started loading packages
10:45:07.644170 [debug]:     Loaded [  0.00s] packages
10:45:07.645107 [info ]: Finished loading project [  0.01s]
10:45:07.645575 [info ]: Started parsing
10:45:07.679130 [debug]: Finished parsing models/marts/schema.yml [  0.00s]
10:45:07.679374 [debug]: Finished parsing models/sources.yml [  0.00s]
10:45:07.682650 [debug]: Finished parsing models/intermediate/int_kafka_pipeline_runs.sql [  0.00s]
10:45:07.683133 [debug]: Finished parsing models/marts/fct_pipeline_monitoring.sql [  0.00s]
10:45:07.683515 [debug]: Finished parsing models/staging/stg_flow_b_runs.sql [  0.00s]
10:45:07.683851 [debug]: Finished parsing models/staging/stg_kafka_events.sql [  0.00s]
10:45:07.684230 [debug]: Finished parsing models/staging/stg_pipeline_a_runs.sql [  0.00s]
10:45:07.684817 [debug]: Finished parsing models/staging/stg_pipeline_runs.sql [  0.00s]
10:45:07.824451 [error]: [DependencyNotFound (dbt1048)]: Source 'raw_monitoring.raw_pipeline_a_runs/output.parquet' not found in project. Searched for 'pipeline_monitoring.raw_monitoring.raw_pipeline_a_runs/output.parquet, raw_monitoring.raw_pipeline_a_runs/output.parquet'
  --> models/staging/stg_pipeline_runs.sql:37:10
10:45:07.825732 [info ]: Finished parsing [  0.18s]
10:45:08.107284 [info ]: 
==================== Execution Summary =====================
Finished 'run' with 1 error for target 'dev' [472ms]
==================== 2026-09-24T10:46:30.252419Z | 01a0d306-2440-7193-806e-e9dc5547985f ====================
10:46:30.252611 [info ]: dbt 2.0.6
10:46:30.253040 [info ]: Started loading project
10:46:30.255612 [info ]: Loading profiles.yml
10:46:30.258472 [debug]:    Started loading packages
10:46:30.261728 [debug]:     Loaded [  0.00s] packages
10:46:30.262737 [info ]: Finished loading project [  0.01s]
10:46:30.263199 [info ]: Started parsing
10:46:30.297096 [debug]: Finished parsing models/marts/schema.yml [  0.00s]
10:46:30.297424 [debug]: Finished parsing models/sources.yml [  0.00s]
10:46:30.300804 [debug]: Finished parsing models/intermediate/int_kafka_pipeline_runs.sql [  0.00s]
10:46:30.301316 [debug]: Finished parsing models/marts/fct_pipeline_monitoring.sql [  0.00s]
10:46:30.301655 [debug]: Finished parsing models/staging/stg_flow_b_runs.sql [  0.00s]
10:46:30.301985 [debug]: Finished parsing models/staging/stg_kafka_events.sql [  0.00s]
10:46:30.302358 [debug]: Finished parsing models/staging/stg_pipeline_a_runs.sql [  0.00s]
10:46:30.302872 [debug]: Finished parsing models/staging/stg_pipeline_runs.sql [  0.00s]
10:46:30.450416 [error]: [DependencyNotFound (dbt1048)]: Source 'raw_monitoring.raw_pipeline_a_runs/output.parquet' not found in project. Searched for 'pipeline_monitoring.raw_monitoring.raw_pipeline_a_runs/output.parquet, raw_monitoring.raw_pipeline_a_runs/output.parquet'
  --> models/staging/stg_pipeline_runs.sql:37:10
10:46:30.451789 [info ]: Finished parsing [  0.19s]
10:46:30.779295 [info ]: 
==================== Execution Summary =====================
Finished 'run' with 1 error for target 'dev' [526ms]
==================== 2026-09-24T10:46:43.798431Z | 01a0d306-592a-7850-a860-3e6faea8c042 ====================
10:46:43.798598 [info ]: dbt 2.0.6
10:46:43.798983 [info ]: Started loading project
10:46:43.801752 [info ]: Loading profiles.yml
10:46:43.804631 [debug]:    Started loading packages
10:46:43.807795 [debug]:     Loaded [  0.00s] packages
10:46:43.808686 [info ]: Finished loading project [  0.01s]
10:46:43.809224 [info ]: Started parsing
10:46:43.841165 [debug]: Finished parsing models/marts/schema.yml [  0.00s]
10:46:43.841499 [debug]: Finished parsing models/sources.yml [  0.00s]
10:46:43.844367 [debug]: Finished parsing models/intermediate/int_kafka_pipeline_runs.sql [  0.00s]
10:46:43.844844 [debug]: Finished parsing models/marts/fct_pipeline_monitoring.sql [  0.00s]
10:46:43.845230 [debug]: Finished parsing models/staging/stg_flow_b_runs.sql [  0.00s]
10:46:43.845558 [debug]: Finished parsing models/staging/stg_kafka_events.sql [  0.00s]
10:46:43.845907 [debug]: Finished parsing models/staging/stg_pipeline_a_runs.sql [  0.00s]
10:46:43.846517 [debug]: Finished parsing models/staging/stg_pipeline_runs.sql [  0.00s]
10:46:43.990577 [error]: [DependencyNotFound (dbt1048)]: Source 'raw_monitoring.main_raw.raw_pipeline_a_runs' not found in project. Searched for 'pipeline_monitoring.raw_monitoring.main_raw.raw_pipeline_a_runs, raw_monitoring.main_raw.raw_pipeline_a_runs'
  --> models/staging/stg_pipeline_runs.sql:37:10
10:46:43.991701 [info ]: Finished parsing [  0.18s]
10:46:44.273113 [info ]: 
==================== Execution Summary =====================
Finished 'run' with 1 error for target 'dev' [474ms]
==================== 2026-09-24T10:47:33.338442Z | 01a0d307-1aad-7a41-9181-bf05074d3639 ====================
10:47:33.338609 [info ]: dbt 2.0.6
10:47:33.339048 [info ]: Started loading project
10:47:33.341710 [info ]: Loading profiles.yml
10:47:33.344640 [debug]:    Started loading packages
10:47:33.348229 [debug]:     Loaded [  0.00s] packages
10:47:33.349287 [info ]: Finished loading project [  0.01s]
10:47:33.349888 [info ]: Started parsing
10:47:33.381640 [debug]: Finished parsing models/marts/schema.yml [  0.00s]
10:47:33.381981 [debug]: Finished parsing models/sources.yml [  0.00s]
10:47:33.385348 [debug]: Finished parsing models/intermediate/int_kafka_pipeline_runs.sql [  0.00s]
10:47:33.385758 [debug]: Finished parsing models/marts/fct_pipeline_monitoring.sql [  0.00s]
10:47:33.386127 [debug]: Finished parsing models/staging/stg_flow_b_runs.sql [  0.00s]
10:47:33.386470 [debug]: Finished parsing models/staging/stg_kafka_events.sql [  0.00s]
10:47:33.386801 [debug]: Finished parsing models/staging/stg_pipeline_a_runs.sql [  0.00s]
10:47:33.387330 [debug]: Finished parsing models/staging/stg_pipeline_runs.sql [  0.00s]
10:47:33.514392 [error]: [DependencyNotFound (dbt1048)]: Source 'raw_monitoring.main_raw.raw_pipeline_a_runs.output.parquet' not found in project. Searched for 'pipeline_monitoring.raw_monitoring.main_raw.raw_pipeline_a_runs.output.parquet, raw_monitoring.main_raw.raw_pipeline_a_runs.output.parquet'
  --> models/staging/stg_pipeline_runs.sql:37:10
10:47:33.515571 [info ]: Finished parsing [  0.17s]
10:47:33.843763 [info ]: 
==================== Execution Summary =====================
Finished 'run' with 1 error for target 'dev' [505ms]
==================== 2026-09-24T10:49:06.746714Z | 01a0d308-878e-77c2-815b-46b7be9d6de8 ====================
10:49:06.746905 [info ]: dbt 2.0.6
10:49:06.747309 [info ]: Started loading project
10:49:06.750039 [info ]: Loading profiles.yml
10:49:06.752836 [debug]:    Started loading packages
10:49:06.756044 [debug]:     Loaded [  0.00s] packages
10:49:06.757189 [info ]: Finished loading project [  0.01s]
10:49:06.757719 [info ]: Started parsing
10:49:06.791557 [debug]: Finished parsing models/marts/schema.yml [  0.00s]
10:49:06.791832 [debug]: Finished parsing models/sources.yml [  0.00s]
10:49:06.795105 [debug]: Finished parsing models/intermediate/int_kafka_pipeline_runs.sql [  0.00s]
10:49:06.795624 [debug]: Finished parsing models/marts/fct_pipeline_monitoring.sql [  0.00s]
10:49:06.795953 [debug]: Finished parsing models/staging/stg_flow_b_runs.sql [  0.00s]
10:49:06.796295 [debug]: Finished parsing models/staging/stg_kafka_events.sql [  0.00s]
10:49:06.796611 [debug]: Finished parsing models/staging/stg_pipeline_a_runs.sql [  0.00s]
10:49:06.797254 [debug]: Finished parsing models/staging/stg_pipeline_runs.sql [  0.00s]
10:49:06.940252 [info ]: Finished parsing [  0.18s]
10:49:06.973011 [info ]: Started scheduling
10:49:06.973283 [info ]: Finished scheduling [  0.00s]
10:49:06.976641 [debug]: Initializing schema store with entry: Frontier(CanonicalFqn { catalog: "monitoring", schema: "main_raw", table: "raw_pipeline_a_runs" }) and interval: None
10:49:06.978510 [info ]: Started building task graph
10:49:06.978705 [info ]: Finished building task graph [  0.00s]
10:49:06.983893 [debug]: DuckDB driver resolved: duckdb 1.5.4
10:49:07.002572 [debug]: create_debug_span(...).entered() took 31.9µs
10:49:07.003505 [debug]: stmt.execute() (submit+wait_for_completion, returns reader) took 181.2µs
10:49:07.003516 [debug]: reader.schema() took 1.6µs
10:49:07.003539 [debug]: batch-consume loop (for res in reader) took 19.9µs
10:49:07.003556 [debug]: do_execute(conn) (closure: stmt.execute + schema + batch loop) took 957.2µs
10:49:07.003577 [debug]: concat_batches + normalize_result_column_names took 16.8µs
10:49:07.003588 [debug]: record_current_span_status_from_attrs took 6.7µs
10:49:07.003594 [debug]: Query executed on node unknown:
/* {"app": "dbt", "connection_name": "", "dbt_version": "2.0.0", "profile_name": "pipeline_monitoring", "target_name": "dev"} */

    
    select schema_name
    from system.information_schema.schemata
    
    where lower(catalog_name) = '"monitoring"'
    
  
  
10:49:07.003611 [debug]: drop(query_span_guard) (span exit/export) took 18.3µs
10:49:07.004092 [debug]: create_debug_span(...).entered() took 6.9µs
10:49:07.004502 [debug]: stmt.execute() (submit+wait_for_completion, returns reader) took 139.1µs
10:49:07.004512 [debug]: reader.schema() took 100ns
10:49:07.004525 [debug]: batch-consume loop (for res in reader) took 9.1µs
10:49:07.004536 [debug]: do_execute(conn) (closure: stmt.execute + schema + batch loop) took 433.9µs
10:49:07.004541 [debug]: concat_batches + normalize_result_column_names took 2.5µs
10:49:07.004544 [debug]: record_current_span_status_from_attrs took 700ns
10:49:07.004547 [debug]: Query executed on node unknown:
/* {"app": "dbt", "connection_name": "", "dbt_version": "2.0.0", "profile_name": "pipeline_monitoring", "target_name": "dev"} */

    
        select type from duckdb_databases()
        where lower(database_name)='monitoring'
        and type='sqlite'
    
  
10:49:07.004558 [debug]: drop(query_span_guard) (span exit/export) took 11.2µs
10:49:07.004769 [debug]: create_debug_span(...).entered() took 5.2µs
10:49:07.004968 [debug]: stmt.execute() (submit+wait_for_completion, returns reader) took 90.5µs
10:49:07.004975 [debug]: reader.schema() took 100ns
10:49:07.004985 [debug]: do_execute(conn) (closure: stmt.execute + schema + batch loop) took 207.1µs
10:49:07.004990 [debug]: concat_batches + normalize_result_column_names took 2.3µs
10:49:07.004993 [debug]: record_current_span_status_from_attrs took 700ns
10:49:07.004996 [debug]: Query executed on node unknown:
/* {"app": "dbt", "connection_name": "", "dbt_version": "2.0.0", "profile_name": "pipeline_monitoring", "target_name": "dev"} */

    
    
        create schema if not exists "monitoring"."main"
    
10:49:07.005006 [debug]: drop(query_span_guard) (span exit/export) took 10.6µs
10:49:07.005154 [info ]: Started rendering (1 nodes)
10:49:07.005285 [info ]: Started model main.stg_pipeline_runs
10:49:07.005304 [debug]: Started rendering model main.stg_pipeline_runs
10:49:07.006662 [debug]: Compiled SQL for node model.pipeline_monitoring.stg_pipeline_runs at target\compiled\pipeline_monitoring\models\staging\stg_pipeline_runs.sql
10:49:07.006952 [debug]: Finished rendering [  0.00s] model main.stg_pipeline_runs [success]
10:49:07.007136 [info ]: Finished rendering [  0.00s] (1 nodes, 0 skipped, 0 errors)
10:49:07.007371 [info ]: Started analyzing (1 nodes)
10:49:07.007483 [debug]: Started analyzing model main.stg_pipeline_runs
10:49:07.024173 [debug]: Finished analyzing [  0.02s] model main.stg_pipeline_runs [success]
10:49:07.024619 [info ]: Finished analyzing [  0.02s] (1 nodes, 0 skipped, 0 errors)
10:49:07.024859 [info ]: Started running (1 nodes)
10:49:07.025033 [info ]: Started running model main.stg_pipeline_runs
10:49:07.026814 [debug]: create_debug_span(...).entered() took 10.5µs
10:49:07.029889 [debug]: stmt.execute() (submit+wait_for_completion, returns reader) took 1.8765ms
10:49:07.029901 [debug]: reader.schema() took 400ns
10:49:07.029922 [debug]: batch-consume loop (for res in reader) took 18µs
10:49:07.029941 [debug]: do_execute(conn) (closure: stmt.execute + schema + batch loop) took 3.1134ms
10:49:07.029954 [debug]: concat_batches + normalize_result_column_names took 9µs
10:49:07.029959 [debug]: record_current_span_status_from_attrs took 2.7µs
10:49:07.029965 [debug]: Query executed on node model.pipeline_monitoring.stg_pipeline_runs:
SELECT table_catalog, table_schema, table_name, table_type FROM information_schema.tables WHERE table_schema = 'main' AND lower(table_catalog) = lower('monitoring')
10:49:07.029982 [debug]: drop(query_span_guard) (span exit/export) took 19.8µs
10:49:07.031817 [debug]: Writing runtime sql for node "model.pipeline_monitoring.stg_pipeline_runs"
10:49:07.032807 [debug]: create_debug_span(...).entered() took 12.7µs
10:49:07.035376 [debug]: stmt.execute() (submit+wait_for_completion, returns reader) took 1.9531ms
10:49:07.035402 [debug]: reader.schema() took 500ns
10:49:07.035438 [debug]: do_execute(conn) (closure: stmt.execute + schema + batch loop) took 2.6179ms
10:49:07.035452 [debug]: concat_batches + normalize_result_column_names took 8µs
10:49:07.035458 [debug]: record_current_span_status_from_attrs took 3.5µs
10:49:07.035468 [debug]: Query executed on node model.pipeline_monitoring.stg_pipeline_runs:
/* {"app": "dbt", "dbt_version": "2.0.0", "node_id": "model.pipeline_monitoring.stg_pipeline_runs", "profile_name": "pipeline_monitoring", "target_name": "dev"} */

  
  create view "monitoring"."main"."stg_pipeline_runs__dbt_tmp" as (
    

WITH run_a AS (

    SELECT
        a_runs.execution_uuid AS run_id,
        a_runs.workflow AS pipeline_name,
        'raw_pipeline_a_runs' AS source_system,

        CASE
            WHEN a_runs.state IN ('COMPLETED', 'SUCCEEDED') THEN 'DONE'
            ELSE a_runs.state
        END AS status,

        a_runs.start_ts AS started_at,
        a_runs.end_ts AS finished_at,

        date_diff(
            'second',
            a_runs.start_ts,
            a_runs.end_ts
        ) AS duration_seconds,

        a_runs.sample AS sample_id,
        a_runs.err_msg AS error_message,
        a_runs.credits_used AS compute_cost,
        a_runs.row_count AS records_processed,
        a_runs.env AS environment,

        CASE
            WHEN a_runs.state IN ('SUCCEEDED', 'COMPLETED') THEN TRUE
            WHEN a_runs.state = 'RUNNING' THEN NULL
            WHEN a_runs.state = 'FAILED' THEN FALSE
            ELSE NULL
        END AS is_success

    FROM "monitoring"."main_raw"."raw_pipeline_a_runs" AS a_runs

)

SELECT *
FROM run_a
  );

10:49:07.035494 [debug]: drop(query_span_guard) (span exit/export) took 31.3µs
10:49:07.038122 [debug]: create_debug_span(...).entered() took 12µs
10:49:07.039366 [debug]: stmt.execute() (submit+wait_for_completion, returns reader) took 867.2µs
10:49:07.039376 [debug]: reader.schema() took 300ns
10:49:07.039385 [debug]: do_execute(conn) (closure: stmt.execute + schema + batch loop) took 1.2477ms
10:49:07.039391 [debug]: concat_batches + normalize_result_column_names took 3.1µs
10:49:07.039396 [debug]: record_current_span_status_from_attrs took 1.7µs
10:49:07.039400 [debug]: Query executed on node model.pipeline_monitoring.stg_pipeline_runs:
/* {"app": "dbt", "dbt_version": "2.0.0", "node_id": "model.pipeline_monitoring.stg_pipeline_runs", "profile_name": "pipeline_monitoring", "target_name": "dev"} */
alter view "monitoring"."main"."stg_pipeline_runs__dbt_tmp" rename to "stg_pipeline_runs"
10:49:07.039414 [debug]: drop(query_span_guard) (span exit/export) took 15.1µs
10:49:07.040930 [debug]: create_debug_span(...).entered() took 6.6µs
10:49:07.041261 [debug]: stmt.execute() (submit+wait_for_completion, returns reader) took 80.8µs
10:49:07.041275 [debug]: reader.schema() took 200ns
10:49:07.041284 [debug]: do_execute(conn) (closure: stmt.execute + schema + batch loop) took 342.7µs
10:49:07.041290 [debug]: concat_batches + normalize_result_column_names took 2µs
10:49:07.041294 [debug]: record_current_span_status_from_attrs took 1µs
10:49:07.041301 [debug]: Query executed on node model.pipeline_monitoring.stg_pipeline_runs:
/* {"app": "dbt", "dbt_version": "2.0.0", "node_id": "model.pipeline_monitoring.stg_pipeline_runs", "profile_name": "pipeline_monitoring", "target_name": "dev"} */

      drop view if exists "monitoring"."main"."stg_pipeline_runs__dbt_backup" cascade
    
10:49:07.041317 [debug]: drop(query_span_guard) (span exit/export) took 19.4µs
10:49:07.042322 [info ]: Finished running [  0.02s] model main.stg_pipeline_runs [success]
10:49:07.042508 [info ]: Finished running [  0.02s] (1 nodes, 0 skipped, 0 errors)
10:49:07.042732 [info ]:  Succeeded model main.stg_pipeline_runs (view) [1 of 1 in 0.03s]
10:49:07.286146 [info ]: 
==================== Execution Summary =====================
Finished 'run' successfully for target 'dev' [539ms]
Processed: 1 model
Summary: 1 total | 1 success
==================== 2026-09-24T10:50:35.581370Z | 01a0d309-e2ba-7d11-9a6a-e7eea91a92b8 ====================
10:50:35.581552 [info ]: dbt 2.0.6
10:50:35.581961 [info ]: Started loading project
10:50:35.584674 [info ]: Loading profiles.yml
10:50:35.587762 [debug]:    Started loading packages
10:50:35.590930 [debug]:     Loaded [  0.00s] packages
10:50:35.591835 [info ]: Finished loading project [  0.01s]
10:50:35.592293 [info ]: Started parsing
10:50:35.622897 [debug]: Finished parsing models/marts/schema.yml [  0.00s]
10:50:35.623125 [debug]: Finished parsing models/sources.yml [  0.00s]
10:50:35.626017 [debug]: Finished parsing models/intermediate/int_kafka_pipeline_runs.sql [  0.00s]
10:50:35.626520 [debug]: Finished parsing models/marts/fct_pipeline_monitoring.sql [  0.00s]
10:50:35.626844 [debug]: Finished parsing models/staging/stg_flow_b_runs.sql [  0.00s]
10:50:35.627166 [debug]: Finished parsing models/staging/stg_kafka_events.sql [  0.00s]
10:50:35.627493 [debug]: Finished parsing models/staging/stg_pipeline_a_runs.sql [  0.00s]
10:50:35.628002 [debug]: Finished parsing models/staging/stg_pipeline_runs.sql [  0.00s]
10:50:35.781599 [info ]: Finished parsing [  0.19s]
10:50:35.782625 [info ]: Started scheduling
10:50:35.782876 [info ]: Finished scheduling [  0.00s]
10:50:35.786536 [debug]: Initializing schema store with entry: Frontier(CanonicalFqn { catalog: "monitoring", schema: "main_raw", table: "raw_pipeline_a_runs" }) and interval: None
10:50:35.788507 [info ]: Started building task graph
10:50:35.788728 [info ]: Finished building task graph [  0.00s]
10:50:35.792291 [info ]: Started rendering (1 nodes)
10:50:35.792399 [info ]: Started model main.stg_pipeline_runs
10:50:35.792415 [debug]: Started rendering model main.stg_pipeline_runs
10:50:35.793910 [debug]: Compiled SQL for node model.pipeline_monitoring.stg_pipeline_runs at target\compiled\pipeline_monitoring\models\staging\stg_pipeline_runs.sql
10:50:35.794043 [debug]: Finished rendering [  0.00s] model main.stg_pipeline_runs [success]
10:50:35.794216 [info ]: Finished rendering [  0.00s] (1 nodes, 0 skipped, 0 errors)
10:50:35.794486 [info ]: Started analyzing (1 nodes)
10:50:35.794568 [debug]: Started analyzing model main.stg_pipeline_runs
10:50:35.811233 [debug]: Finished analyzing [  0.02s] model main.stg_pipeline_runs [success]
10:50:35.811466 [info ]: Finished analyzing [  0.02s] (1 nodes, 0 skipped, 0 errors)
10:50:35.811772 [info ]: Started running (1 nodes)
10:50:35.811900 [info ]: Started running model main.stg_pipeline_runs
10:50:35.813463 [debug]: DuckDB driver resolved: duckdb 1.5.4
10:50:35.843564 [debug]: Query executed on node unknown:

  
  

WITH run_a AS (

    SELECT
        a_runs.execution_uuid AS run_id,
        a_runs.workflow AS pipeline_name,
        'raw_pipeline_a_runs' AS source_system,

        CASE
            WHEN a_runs.state IN ('COMPLETED', 'SUCCEEDED') THEN 'DONE'
            ELSE a_runs.state
        END AS status,

        a_runs.start_ts AS started_at,
        a_runs.end_ts AS finished_at,

        date_diff(
            'second',
            a_runs.start_ts,
            a_runs.end_ts
        ) AS duration_seconds,

        a_runs.sample AS sample_id,
        a_runs.err_msg AS error_message,
        a_runs.credits_used AS compute_cost,
        a_runs.row_count AS records_processed,
        a_runs.env AS environment,

        CASE
            WHEN a_runs.state IN ('SUCCEEDED', 'COMPLETED') THEN TRUE
            WHEN a_runs.state = 'RUNNING' THEN NULL
            WHEN a_runs.state = 'FAILED' THEN FALSE
            ELSE NULL
        END AS is_success

    FROM "monitoring"."main_raw"."raw_pipeline_a_runs" AS a_runs

)

SELECT *
FROM run_a
  
  limit 10

10:50:35.844074 [info ]: [34m[1mQuery[0m [1mshow_model_pipeline_monitoring_stg_pipeline_runs[0m
┌────────┬───────────────┬──────────────────┬─────────┬──────────────────┬──────────────────┬──────────────────┬───────────┬─────────────────┬──────────────┬────┐
│[1m run_id [0m┆[1m pipeline_name [0m┆[1m source_system    [0m┆[1m status  [0m┆[1m started_at       [0m┆[1m finished_at      [0m┆[1m duration_seconds [0m┆[1m sample_id [0m┆[1m error_message   [0m┆[1m compute_cost [0m┆[1m .. [0m│
╞════════╪═══════════════╪══════════════════╪═════════╪══════════════════╪══════════════════╪══════════════════╪═══════════╪═════════════════╪══════════════╪════╡
│ A-1001 ┆ WGS_GERMLINE  ┆ raw_pipeline_a_r ┆ DONE    ┆ 2026-09-20T08:00 ┆ 2026-09-20T08:42 ┆ 2530             ┆ S001      ┆                 ┆ 1.84         ┆ .. │
│        ┆               ┆ uns              ┆         ┆ :00              ┆ :10              ┆                  ┆           ┆                 ┆              ┆    │
│ A-1002 ┆ WGS_GERMLINE  ┆ raw_pipeline_a_r ┆ FAILED  ┆ 2026-09-20T09:10 ┆ 2026-09-20T09:24 ┆ 875              ┆ S002      ┆ Alignment       ┆ 0.71         ┆ .. │
│        ┆               ┆ uns              ┆         ┆ :00              ┆ :35              ┆                  ┆           ┆ process exited  ┆              ┆    │
│        ┆               ┆                  ┆         ┆                  ┆                  ┆                  ┆           ┆ with code 1     ┆              ┆    │
│ A-1003 ┆ WGS_GERMLINE  ┆ raw_pipeline_a_r ┆ RUNNING ┆ 2026-09-20T10:05 ┆                  ┆                  ┆ S003      ┆                 ┆ 0.93         ┆ .. │
│        ┆               ┆ uns              ┆         ┆ :00              ┆                  ┆                  ┆           ┆                 ┆              ┆    │
│ A-1004 ┆ RNA_SEQ       ┆ raw_pipeline_a_r ┆ DONE    ┆ 2026-09-20T11:00 ┆ 2026-09-20T11:18 ┆ 1100             ┆ S004      ┆                 ┆ 0.62         ┆ .. │
│        ┆               ┆ uns              ┆         ┆ :00              ┆ :20              ┆                  ┆           ┆                 ┆              ┆    │
└────────┴───────────────┴──────────────────┴─────────┴──────────────────┴──────────────────┴──────────────────┴───────────┴─────────────────┴──────────────┴────┘
4 rows, 13 columns, showing only 10 columns. Run with a terminal width of at least 187 to show all columns.
10:50:35.844496 [info ]: Finished running [  0.03s] model main.stg_pipeline_runs [success]
10:50:35.844755 [info ]: Finished running [  0.03s] (1 nodes, 0 skipped, 0 errors)
10:50:35.845024 [info ]:  Succeeded model main.stg_pipeline_runs (view) [1 of 1 in 0.05s]
10:50:36.117239 [info ]: 
==================== Execution Summary =====================
Finished 'show' successfully for target 'dev' [535ms]
==================== 2026-09-24T10:51:01.687675Z | 01a0d30a-48b5-71d0-a8ae-a177e3bba226 ====================
10:51:01.687843 [info ]: dbt 2.0.6
10:51:01.688266 [info ]: Started loading project
10:51:01.691020 [info ]: Loading profiles.yml
10:51:01.693855 [debug]:    Started loading packages
10:51:01.697094 [debug]:     Loaded [  0.00s] packages
10:51:01.698097 [info ]: Finished loading project [  0.01s]
10:51:01.698595 [info ]: Started parsing
10:51:01.732110 [debug]: Finished parsing models/marts/schema.yml [  0.00s]
10:51:01.732457 [debug]: Finished parsing models/sources.yml [  0.00s]
10:51:01.735794 [debug]: Finished parsing models/intermediate/int_kafka_pipeline_runs.sql [  0.00s]
10:51:01.736263 [debug]: Finished parsing models/marts/fct_pipeline_monitoring.sql [  0.00s]
10:51:01.736642 [debug]: Finished parsing models/staging/stg_flow_b_runs.sql [  0.00s]
10:51:01.736982 [debug]: Finished parsing models/staging/stg_kafka_events.sql [  0.00s]
10:51:01.737339 [debug]: Finished parsing models/staging/stg_pipeline_a_runs.sql [  0.00s]
10:51:01.737856 [debug]: Finished parsing models/staging/stg_pipeline_runs.sql [  0.00s]
10:51:01.881023 [info ]: Finished parsing [  0.18s]
10:51:01.882066 [info ]: Started scheduling
10:51:01.882372 [info ]: Finished scheduling [  0.00s]
10:51:01.886300 [debug]: Initializing schema store with entry: Frontier(CanonicalFqn { catalog: "monitoring", schema: "main_raw", table: "raw_pipeline_a_runs" }) and interval: None
10:51:01.888981 [info ]: Started building task graph
10:51:01.889212 [info ]: Finished building task graph [  0.00s]
10:51:01.892724 [info ]: Started rendering (1 nodes)
10:51:01.892832 [info ]: Started model main.stg_pipeline_runs
10:51:01.892850 [debug]: Started rendering model main.stg_pipeline_runs
10:51:01.894454 [debug]: Compiled SQL for node model.pipeline_monitoring.stg_pipeline_runs at target\compiled\pipeline_monitoring\models\staging\stg_pipeline_runs.sql
10:51:01.894578 [debug]: Finished rendering [  0.00s] model main.stg_pipeline_runs [success]
10:51:01.894751 [info ]: Finished rendering [  0.00s] (1 nodes, 0 skipped, 0 errors)
10:51:01.895006 [info ]: Started analyzing (1 nodes)
10:51:01.895098 [debug]: Started analyzing model main.stg_pipeline_runs
10:51:01.911977 [debug]: Finished analyzing [  0.02s] model main.stg_pipeline_runs [success]
10:51:01.912195 [info ]: Finished analyzing [  0.02s] (1 nodes, 0 skipped, 0 errors)
10:51:01.912467 [info ]: Started running (1 nodes)
10:51:01.912563 [info ]: Started running model main.stg_pipeline_runs
10:51:01.914032 [debug]: DuckDB driver resolved: duckdb 1.5.4
10:51:01.933780 [debug]: Query executed on node unknown:

  
  

WITH run_a AS (

    SELECT
        a_runs.execution_uuid AS run_id,
        a_runs.workflow AS pipeline_name,
        'raw_pipeline_a_runs' AS source_system,

        CASE
            WHEN a_runs.state IN ('COMPLETED', 'SUCCEEDED') THEN 'DONE'
            ELSE a_runs.state
        END AS status,

        a_runs.start_ts AS started_at,
        a_runs.end_ts AS finished_at,

        date_diff(
            'second',
            a_runs.start_ts,
            a_runs.end_ts
        ) AS duration_seconds,

        a_runs.sample AS sample_id,
        a_runs.err_msg AS error_message,
        a_runs.credits_used AS compute_cost,
        a_runs.row_count AS records_processed,
        a_runs.env AS environment,

        CASE
            WHEN a_runs.state IN ('SUCCEEDED', 'COMPLETED') THEN TRUE
            WHEN a_runs.state = 'RUNNING' THEN NULL
            WHEN a_runs.state = 'FAILED' THEN FALSE
            ELSE NULL
        END AS is_success

    FROM "monitoring"."main_raw"."raw_pipeline_a_runs" AS a_runs

)

SELECT *
FROM run_a
  
  limit 10

10:51:01.934385 [info ]: [34m[1mQuery[0m [1mshow_model_pipeline_monitoring_stg_pipeline_runs[0m
┌────────┬───────────────┬──────────────────┬─────────┬──────────────────┬──────────────────┬──────────────────┬───────────┬─────────────────┬──────────────┬────┐
│[1m run_id [0m┆[1m pipeline_name [0m┆[1m source_system    [0m┆[1m status  [0m┆[1m started_at       [0m┆[1m finished_at      [0m┆[1m duration_seconds [0m┆[1m sample_id [0m┆[1m error_message   [0m┆[1m compute_cost [0m┆[1m .. [0m│
╞════════╪═══════════════╪══════════════════╪═════════╪══════════════════╪══════════════════╪══════════════════╪═══════════╪═════════════════╪══════════════╪════╡
│ A-1001 ┆ WGS_GERMLINE  ┆ raw_pipeline_a_r ┆ DONE    ┆ 2026-09-20T08:00 ┆ 2026-09-20T08:42 ┆ 2530             ┆ S001      ┆                 ┆ 1.84         ┆ .. │
│        ┆               ┆ uns              ┆         ┆ :00              ┆ :10              ┆                  ┆           ┆                 ┆              ┆    │
│ A-1002 ┆ WGS_GERMLINE  ┆ raw_pipeline_a_r ┆ FAILED  ┆ 2026-09-20T09:10 ┆ 2026-09-20T09:24 ┆ 875              ┆ S002      ┆ Alignment       ┆ 0.71         ┆ .. │
│        ┆               ┆ uns              ┆         ┆ :00              ┆ :35              ┆                  ┆           ┆ process exited  ┆              ┆    │
│        ┆               ┆                  ┆         ┆                  ┆                  ┆                  ┆           ┆ with code 1     ┆              ┆    │
│ A-1003 ┆ WGS_GERMLINE  ┆ raw_pipeline_a_r ┆ RUNNING ┆ 2026-09-20T10:05 ┆                  ┆                  ┆ S003      ┆                 ┆ 0.93         ┆ .. │
│        ┆               ┆ uns              ┆         ┆ :00              ┆                  ┆                  ┆           ┆                 ┆              ┆    │
│ A-1004 ┆ RNA_SEQ       ┆ raw_pipeline_a_r ┆ DONE    ┆ 2026-09-20T11:00 ┆ 2026-09-20T11:18 ┆ 1100             ┆ S004      ┆                 ┆ 0.62         ┆ .. │
│        ┆               ┆ uns              ┆         ┆ :00              ┆ :20              ┆                  ┆           ┆                 ┆              ┆    │
└────────┴───────────────┴──────────────────┴─────────┴──────────────────┴──────────────────┴──────────────────┴───────────┴─────────────────┴──────────────┴────┘
4 rows, 13 columns, showing only 10 columns. Run with a terminal width of at least 187 to show all columns.
10:51:01.934683 [info ]: Finished running [  0.02s] model main.stg_pipeline_runs [success]
10:51:01.934861 [info ]: Finished running [  0.02s] (1 nodes, 0 skipped, 0 errors)
10:51:01.935059 [info ]:  Succeeded model main.stg_pipeline_runs (view) [1 of 1 in 0.04s]
10:51:02.157744 [info ]: 
==================== Execution Summary =====================
Finished 'show' successfully for target 'dev' [470ms]
==================== 2026-09-24T10:51:40.561580Z | 01a0d30a-e08f-7820-b0a7-0d4e768f5d20 ====================
10:51:40.561759 [info ]: dbt 2.0.6
10:51:40.561990 [info ]: Started loading project
10:51:40.564721 [info ]: Loading profiles.yml
10:51:40.567398 [debug]:    Started loading packages
10:51:40.570792 [debug]:     Loaded [  0.00s] packages
10:51:40.571712 [info ]: Finished loading project [  0.01s]
10:51:40.572100 [info ]: Started parsing
10:51:40.602048 [debug]: Finished parsing models/marts/schema.yml [  0.00s]
10:51:40.602297 [debug]: Finished parsing models/sources.yml [  0.00s]
10:51:40.605314 [debug]: Finished parsing models/intermediate/int_kafka_pipeline_runs.sql [  0.00s]
10:51:40.605781 [debug]: Finished parsing models/marts/fct_pipeline_monitoring.sql [  0.00s]
10:51:40.606151 [debug]: Finished parsing models/staging/stg_flow_b_runs.sql [  0.00s]
10:51:40.606472 [debug]: Finished parsing models/staging/stg_kafka_events.sql [  0.00s]
10:51:40.606808 [debug]: Finished parsing models/staging/stg_pipeline_a_runs.sql [  0.00s]
10:51:40.607288 [debug]: Finished parsing models/staging/stg_pipeline_runs.sql [  0.00s]
10:51:40.741340 [info ]: Finished parsing [  0.17s]
10:51:40.742020 [info ]: Started scheduling
10:51:40.742190 [info ]: Finished scheduling [  0.00s]
10:51:40.745676 [debug]: Initializing schema store with entry: Frontier(CanonicalFqn { catalog: "monitoring", schema: "main_raw", table: "raw_pipeline_a_runs" }) and interval: None
10:51:40.747357 [info ]: Started building task graph
10:51:40.747469 [info ]: Finished building task graph [  0.00s]
10:51:40.751098 [info ]: Started rendering (1 nodes)
10:51:40.751127 [info ]: Started model main.stg_pipeline_runs
10:51:40.751142 [debug]: Started rendering model main.stg_pipeline_runs
10:51:40.753255 [debug]: Compiled SQL for node model.pipeline_monitoring.stg_pipeline_runs at target\compiled\pipeline_monitoring\models\staging\stg_pipeline_runs.sql
10:51:40.753541 [debug]: Finished rendering [  0.00s] model main.stg_pipeline_runs [success]
10:51:40.753561 [info ]: Finished rendering [  0.00s] (1 nodes, 0 skipped, 0 errors)
10:51:40.753598 [info ]: Started analyzing (1 nodes)
10:51:40.753607 [debug]: Started analyzing model main.stg_pipeline_runs
10:51:40.769989 [debug]: Finished analyzing [  0.02s] model main.stg_pipeline_runs [success]
10:51:40.770017 [info ]: Finished analyzing [  0.02s] (1 nodes, 0 skipped, 0 errors)
10:51:40.770036 [info ]: Started running (1 nodes)
10:51:40.770043 [info ]: Started running model main.stg_pipeline_runs
10:51:40.771599 [debug]: DuckDB driver resolved: duckdb 1.5.4
10:51:40.788815 [debug]: Query executed on node unknown:

  
  

WITH run_a AS (

    SELECT
        a_runs.execution_uuid AS run_id,
        a_runs.workflow AS pipeline_name,
        'raw_pipeline_a_runs' AS source_system,

        CASE
            WHEN a_runs.state IN ('COMPLETED', 'SUCCEEDED') THEN 'DONE'
            ELSE a_runs.state
        END AS status,

        a_runs.start_ts AS started_at,
        a_runs.end_ts AS finished_at,

        date_diff(
            'second',
            a_runs.start_ts,
            a_runs.end_ts
        ) AS duration_seconds,

        a_runs.sample AS sample_id,
        a_runs.err_msg AS error_message,
        a_runs.credits_used AS compute_cost,
        a_runs.row_count AS records_processed,
        a_runs.env AS environment,

        CASE
            WHEN a_runs.state IN ('SUCCEEDED', 'COMPLETED') THEN TRUE
            WHEN a_runs.state = 'RUNNING' THEN NULL
            WHEN a_runs.state = 'FAILED' THEN FALSE
            ELSE NULL
        END AS is_success

    FROM "monitoring"."main_raw"."raw_pipeline_a_runs" AS a_runs

)

SELECT *
FROM run_a
  
  limit 10

10:51:40.794425 [info ]: Query show_model_pipeline_monitoring_stg_pipeline_runs
┌────────┬───────────────┬─────────────────────┬─────────┬─────────────────────┬─────────────────────┬──────────────────┬───────────┬──────────────────────────────────────┬──────────────┬───────────────────┬─────────────┬────────────┐
│ run_id ┆ pipeline_name ┆ source_system       ┆ status  ┆ started_at          ┆ finished_at         ┆ duration_seconds ┆ sample_id ┆ error_message                        ┆ compute_cost ┆ records_processed ┆ environment ┆ is_success │
╞════════╪═══════════════╪═════════════════════╪═════════╪═════════════════════╪═════════════════════╪══════════════════╪═══════════╪══════════════════════════════════════╪══════════════╪═══════════════════╪═════════════╪════════════╡
│ A-1001 ┆ WGS_GERMLINE  ┆ raw_pipeline_a_runs ┆ DONE    ┆ 2026-09-20T08:00:00 ┆ 2026-09-20T08:42:10 ┆ 2530             ┆ S001      ┆                                      ┆ 1.84         ┆ 1843321           ┆ prod        ┆ true       │
│ A-1002 ┆ WGS_GERMLINE  ┆ raw_pipeline_a_runs ┆ FAILED  ┆ 2026-09-20T09:10:00 ┆ 2026-09-20T09:24:35 ┆ 875              ┆ S002      ┆ Alignment process exited with code 1 ┆ 0.71         ┆ 523004            ┆ prod        ┆ false      │
│ A-1003 ┆ WGS_GERMLINE  ┆ raw_pipeline_a_runs ┆ RUNNING ┆ 2026-09-20T10:05:00 ┆                     ┆                  ┆ S003      ┆                                      ┆ 0.93         ┆ 821550            ┆ prod        ┆            │
│ A-1004 ┆ RNA_SEQ       ┆ raw_pipeline_a_runs ┆ DONE    ┆ 2026-09-20T11:00:00 ┆ 2026-09-20T11:18:20 ┆ 1100             ┆ S004      ┆                                      ┆ 0.62         ┆ 934441            ┆ staging     ┆ true       │
└────────┴───────────────┴─────────────────────┴─────────┴─────────────────────┴─────────────────────┴──────────────────┴───────────┴──────────────────────────────────────┴──────────────┴───────────────────┴─────────────┴────────────┘
4 rows.
10:51:40.794576 [info ]: Finished running [  0.02s] model main.stg_pipeline_runs [success]
10:51:40.794598 [info ]: Finished running [  0.02s] (1 nodes, 0 skipped, 0 errors)
10:51:40.794611 [info ]:  Succeeded model main.stg_pipeline_runs (view) [1 of 1 in 0.04s]
10:51:41.081583 [info ]: 
==================== Execution Summary =====================
Finished 'show' successfully for target 'dev' [520ms]
==================== 2026-09-24T10:51:52.563261Z | 01a0d30b-0f70-7010-bc12-d14c2b6cfd7e ====================
10:51:52.563427 [info ]: dbt 2.0.6
10:51:52.563688 [info ]: Started loading project
10:51:52.566251 [info ]: Loading profiles.yml
10:51:52.568938 [debug]:    Started loading packages
10:51:52.572063 [debug]:     Loaded [  0.00s] packages
10:51:52.572963 [info ]: Finished loading project [  0.01s]
10:51:52.573340 [info ]: Started parsing
10:51:52.601687 [debug]: Finished parsing models/marts/schema.yml [  0.00s]
10:51:52.601942 [debug]: Finished parsing models/sources.yml [  0.00s]
10:51:52.605020 [debug]: Finished parsing models/intermediate/int_kafka_pipeline_runs.sql [  0.00s]
10:51:52.605567 [debug]: Finished parsing models/marts/fct_pipeline_monitoring.sql [  0.00s]
10:51:52.605986 [debug]: Finished parsing models/staging/stg_flow_b_runs.sql [  0.00s]
10:51:52.606327 [debug]: Finished parsing models/staging/stg_kafka_events.sql [  0.00s]
10:51:52.606732 [debug]: Finished parsing models/staging/stg_pipeline_a_runs.sql [  0.00s]
10:51:52.607255 [debug]: Finished parsing models/staging/stg_pipeline_runs.sql [  0.00s]
10:51:52.735215 [info ]: Finished parsing [  0.16s]
10:51:52.735867 [info ]: Started scheduling
10:51:52.736020 [info ]: Finished scheduling [  0.00s]
10:51:52.739509 [debug]: Initializing schema store with entry: Frontier(CanonicalFqn { catalog: "monitoring", schema: "main_raw", table: "raw_pipeline_a_runs" }) and interval: None
10:51:52.741133 [info ]: Started building task graph
10:51:52.741241 [info ]: Finished building task graph [  0.00s]
10:51:52.744576 [info ]: Started rendering (1 nodes)
10:51:52.744605 [info ]: Started model main.stg_pipeline_runs
10:51:52.744621 [debug]: Started rendering model main.stg_pipeline_runs
10:51:52.746370 [debug]: Compiled SQL for node model.pipeline_monitoring.stg_pipeline_runs at target\compiled\pipeline_monitoring\models\staging\stg_pipeline_runs.sql
10:51:52.746539 [debug]: Finished rendering [  0.00s] model main.stg_pipeline_runs [success]
10:51:52.746570 [info ]: Finished rendering [  0.00s] (1 nodes, 0 skipped, 0 errors)
10:51:52.746597 [info ]: Started analyzing (1 nodes)
10:51:52.746614 [debug]: Started analyzing model main.stg_pipeline_runs
10:51:52.763731 [debug]: Finished analyzing [  0.02s] model main.stg_pipeline_runs [success]
10:51:52.763773 [info ]: Finished analyzing [  0.02s] (1 nodes, 0 skipped, 0 errors)
10:51:52.763799 [info ]: Started running (1 nodes)
10:51:52.763809 [info ]: Started running model main.stg_pipeline_runs
10:51:52.765280 [debug]: DuckDB driver resolved: duckdb 1.5.4
10:51:52.782311 [debug]: Query executed on node unknown:

  
  

WITH run_a AS (

    SELECT
        a_runs.execution_uuid AS run_id,
        a_runs.workflow AS pipeline_name,
        'raw_pipeline_a_runs' AS source_system,

        CASE
            WHEN a_runs.state IN ('COMPLETED', 'SUCCEEDED') THEN 'DONE'
            ELSE a_runs.state
        END AS status,

        a_runs.start_ts AS started_at,
        a_runs.end_ts AS finished_at,

        date_diff(
            'second',
            a_runs.start_ts,
            a_runs.end_ts
        ) AS duration_seconds,

        a_runs.sample AS sample_id,
        a_runs.err_msg AS error_message,
        a_runs.credits_used AS compute_cost,
        a_runs.row_count AS records_processed,
        a_runs.env AS environment,

        CASE
            WHEN a_runs.state IN ('SUCCEEDED', 'COMPLETED') THEN TRUE
            WHEN a_runs.state = 'RUNNING' THEN NULL
            WHEN a_runs.state = 'FAILED' THEN FALSE
            ELSE NULL
        END AS is_success

    FROM "monitoring"."main_raw"."raw_pipeline_a_runs" AS a_runs

)

SELECT *
FROM run_a
  
  limit 10

10:51:52.782846 [info ]: Query show_model_pipeline_monitoring_stg_pipeline_runs
┌────────┬───────────────┬─────────────────────┬─────────┬─────────────────────┬─────────────────────┬──────────────────┬───────────┬──────────────────────────────────────┬──────────────┬───────────────────┬─────────────┬────────────┐
│ run_id ┆ pipeline_name ┆ source_system       ┆ status  ┆ started_at          ┆ finished_at         ┆ duration_seconds ┆ sample_id ┆ error_message                        ┆ compute_cost ┆ records_processed ┆ environment ┆ is_success │
╞════════╪═══════════════╪═════════════════════╪═════════╪═════════════════════╪═════════════════════╪══════════════════╪═══════════╪══════════════════════════════════════╪══════════════╪═══════════════════╪═════════════╪════════════╡
│ A-1001 ┆ WGS_GERMLINE  ┆ raw_pipeline_a_runs ┆ DONE    ┆ 2026-09-20T08:00:00 ┆ 2026-09-20T08:42:10 ┆ 2530             ┆ S001      ┆                                      ┆ 1.84         ┆ 1843321           ┆ prod        ┆ true       │
│ A-1002 ┆ WGS_GERMLINE  ┆ raw_pipeline_a_runs ┆ FAILED  ┆ 2026-09-20T09:10:00 ┆ 2026-09-20T09:24:35 ┆ 875              ┆ S002      ┆ Alignment process exited with code 1 ┆ 0.71         ┆ 523004            ┆ prod        ┆ false      │
│ A-1003 ┆ WGS_GERMLINE  ┆ raw_pipeline_a_runs ┆ RUNNING ┆ 2026-09-20T10:05:00 ┆                     ┆                  ┆ S003      ┆                                      ┆ 0.93         ┆ 821550            ┆ prod        ┆            │
│ A-1004 ┆ RNA_SEQ       ┆ raw_pipeline_a_runs ┆ DONE    ┆ 2026-09-20T11:00:00 ┆ 2026-09-20T11:18:20 ┆ 1100             ┆ S004      ┆                                      ┆ 0.62         ┆ 934441            ┆ staging     ┆ true       │
└────────┴───────────────┴─────────────────────┴─────────┴─────────────────────┴─────────────────────┴──────────────────┴───────────┴──────────────────────────────────────┴──────────────┴───────────────────┴─────────────┴────────────┘
4 rows.
10:51:52.782960 [info ]: Finished running [  0.02s] model main.stg_pipeline_runs [success]
10:51:52.782992 [info ]: Finished running [  0.02s] (1 nodes, 0 skipped, 0 errors)
10:51:52.783002 [info ]:  Succeeded model main.stg_pipeline_runs (view) [1 of 1 in 0.04s]
10:51:53.033026 [info ]: 
==================== Execution Summary =====================
Finished 'show' successfully for target 'dev' [469ms]
==================== 2026-09-24T10:52:51.484360Z | 01a0d30b-f599-7630-9028-0d546abafb3e ====================
10:52:51.484526 [info ]: dbt 2.0.6
10:52:51.485025 [info ]: Started loading project
10:52:51.487897 [info ]: Loading profiles.yml
10:52:51.491066 [debug]:    Started loading packages
10:52:51.494455 [debug]:     Loaded [  0.00s] packages
10:52:51.496881 [info ]: Finished loading project [  0.01s]
10:52:51.497625 [info ]: Started parsing
10:52:51.531665 [debug]: Finished parsing models/marts/schema.yml [  0.00s]
10:52:51.531945 [debug]: Finished parsing models/sources.yml [  0.00s]
10:52:51.534134 [debug]: Finished parsing target\inline_8341e76d.sql [  0.00s]
10:52:51.535609 [debug]: Finished parsing models/intermediate/int_kafka_pipeline_runs.sql [  0.00s]
10:52:51.536132 [debug]: Finished parsing models/marts/fct_pipeline_monitoring.sql [  0.00s]
10:52:51.536621 [debug]: Finished parsing models/staging/stg_flow_b_runs.sql [  0.00s]
10:52:51.536978 [debug]: Finished parsing models/staging/stg_kafka_events.sql [  0.00s]
10:52:51.537319 [debug]: Finished parsing models/staging/stg_pipeline_a_runs.sql [  0.00s]
10:52:51.537853 [debug]: Finished parsing models/staging/stg_pipeline_runs.sql [  0.00s]
10:52:51.672645 [info ]: Finished parsing [  0.18s]
10:52:51.673547 [info ]: Started scheduling
10:52:51.673773 [info ]: Finished scheduling [  0.00s]
10:52:51.679102 [info ]: Started building task graph
10:52:51.679300 [info ]: Finished building task graph [  0.00s]
10:52:51.684012 [info ]: Started rendering (1 nodes)
10:52:51.684138 [info ]: Started model main.inline
10:52:51.684154 [debug]: Started rendering model main.inline
10:52:51.685874 [debug]: Compiled SQL for node model..inline at target\compiled\target\inline_8341e76d.sql
10:52:51.686234 [debug]: Finished rendering [  0.00s] model main.inline [success]
10:52:51.686441 [info ]: Finished rendering [  0.00s] (1 nodes, 0 skipped, 0 errors)
10:52:51.686662 [info ]: Started analyzing (1 nodes)
10:52:51.686787 [debug]: Started analyzing model main.inline
10:52:51.690543 [debug]: Finished analyzing [  0.00s] model main.inline [success]
10:52:51.690762 [info ]: Finished analyzing [  0.00s] (1 nodes, 0 skipped, 0 errors)
10:52:51.690999 [info ]: Started running (1 nodes)
10:52:51.691109 [info ]: Started running model main.inline
10:52:51.693038 [debug]: DuckDB driver resolved: duckdb 1.5.4
10:52:51.710704 [debug]: Query executed on node unknown:

  
  SELECT * FROM main_raw.raw_flow_b_runs
  
  limit 10

10:52:51.711172 [info ]: [34m[1mQuery[0m [1mshow_sql_operation_inline[0m
┌─────────┬────────────────────┬─────────────────────┬─────────────────────┬───────────────────┬─────────┬─────────────┐
│[1m flow_id [0m┆[1m flow_name          [0m┆[1m initiated_at        [0m┆[1m completed_at        [0m┆[1m sample_identifier [0m┆[1m records [0m┆[1m environment [0m│
╞═════════╪════════════════════╪═════════════════════╪═════════════════════╪═══════════════════╪═════════╪═════════════╡
│ B-2001  ┆ VARIANT_ANNOTATION ┆ 2026-09-20T07:45:00 ┆ 2026-09-20T07:53:12 ┆ S011              ┆ 125440  ┆ prod        │
│ B-2002  ┆ VARIANT_ANNOTATION ┆ 2026-09-20T08:15:00 ┆ 2026-09-20T08:21:30 ┆ S012              ┆ 129010  ┆ prod        │
│ B-2003  ┆ QC_REPORT          ┆ 2026-09-20T09:00:00 ┆ 2026-09-20T09:02:05 ┆ S013              ┆ 44      ┆ staging     │
└─────────┴────────────────────┴─────────────────────┴─────────────────────┴───────────────────┴─────────┴─────────────┘
3 rows.
10:52:51.711408 [info ]: Finished running [  0.02s] model main.inline [success]
10:52:51.711574 [info ]: Finished running [  0.02s] (1 nodes, 0 skipped, 0 errors)
10:52:51.711754 [info ]:  Succeeded model main.inline (ephemeral) [1 of 1 in 0.03s]
10:52:52.007793 [info ]: 
==================== Execution Summary =====================
Finished 'show' successfully for target 'dev' [523ms]
==================== 2026-09-24T10:53:24.426949Z | 01a0d30c-7648-7d40-b921-ce8bf8e1264b ====================
10:53:24.427108 [info ]: dbt 2.0.6
10:53:24.427555 [info ]: Started loading project
10:53:24.430217 [info ]: Loading profiles.yml
10:53:24.433315 [debug]:    Started loading packages
10:53:24.436600 [debug]:     Loaded [  0.00s] packages
10:53:24.438669 [info ]: Finished loading project [  0.01s]
10:53:24.439285 [info ]: Started parsing
10:53:24.474158 [debug]: Finished parsing models/marts/schema.yml [  0.00s]
10:53:24.474466 [debug]: Finished parsing models/sources.yml [  0.00s]
10:53:24.477765 [debug]: Finished parsing models/intermediate/int_kafka_pipeline_runs.sql [  0.00s]
10:53:24.478271 [debug]: Finished parsing models/marts/fct_pipeline_monitoring.sql [  0.00s]
10:53:24.478608 [debug]: Finished parsing models/staging/stg_flow_b_runs.sql [  0.00s]
10:53:24.478904 [debug]: Finished parsing models/staging/stg_kafka_events.sql [  0.00s]
10:53:24.479267 [debug]: Finished parsing models/staging/stg_pipeline_a_runs.sql [  0.00s]
10:53:24.479739 [debug]: Finished parsing models/staging/stg_pipeline_runs.sql [  0.00s]
10:53:24.481237 [debug]: Finished parsing target\inline_829cf1b7.sql [  0.01s]
10:53:24.621771 [info ]: Finished parsing [  0.18s]
10:53:24.622778 [info ]: Started scheduling
10:53:24.622995 [info ]: Finished scheduling [  0.00s]
10:53:24.628473 [info ]: Started building task graph
10:53:24.628665 [info ]: Finished building task graph [  0.00s]
10:53:24.632217 [info ]: Started rendering (1 nodes)
10:53:24.632337 [info ]: Started model main.inline
10:53:24.632382 [debug]: Started rendering model main.inline
10:53:24.634070 [debug]: Compiled SQL for node model..inline at target\compiled\target\inline_829cf1b7.sql
10:53:24.634335 [debug]: Finished rendering [  0.00s] model main.inline [success]
10:53:24.634543 [info ]: Finished rendering [  0.00s] (1 nodes, 0 skipped, 0 errors)
10:53:24.634764 [info ]: Started analyzing (1 nodes)
10:53:24.634847 [debug]: Started analyzing model main.inline
10:53:24.643517 [debug]: Finished analyzing [  0.01s] model main.inline [success]
10:53:24.643730 [info ]: Finished analyzing [  0.01s] (1 nodes, 0 skipped, 0 errors)
10:53:24.643968 [info ]: Started running (1 nodes)
10:53:24.644071 [info ]: Started running model main.inline
10:53:24.645466 [debug]: DuckDB driver resolved: duckdb 1.5.4
10:53:24.664000 [error]: [Generic (dbt1000)]: Internal: Parser Error: syntax error at or near "DISTINCT"

LINE 3:   SELECT COUNT(*), DISTINCT(flow_id) FROM main_raw.raw_flow_b_runs HAVING SELECT...
                           ^ (sqlstate: [0, 0, 0, 0, 0], vendor_code: -2147483648)
10:53:24.664143 [info ]: Finished running [  0.02s] model main.inline [error]
10:53:24.664348 [info ]: Finished running [  0.02s] (1 nodes, 0 skipped, 1 errors)
10:53:24.664590 [info ]:     Failed model main.inline (ephemeral) [1 of 1 in 0.03s]
10:53:24.907986 [info ]: 
==================== Execution Summary =====================
Finished 'show' with 1 error for target 'dev' [481ms]
==================== 2026-09-24T10:53:33.487791Z | 01a0d30c-99ad-77b2-a1e5-c6130ff464c6 ====================
10:53:33.487964 [info ]: dbt 2.0.6
10:53:33.488430 [info ]: Started loading project
10:53:33.491464 [info ]: Loading profiles.yml
10:53:33.494487 [debug]:    Started loading packages
10:53:33.498149 [debug]:     Loaded [  0.00s] packages
10:53:33.500792 [info ]: Finished loading project [  0.01s]
10:53:33.501385 [info ]: Started parsing
10:53:33.533952 [debug]: Finished parsing models/marts/schema.yml [  0.00s]
10:53:33.534302 [debug]: Finished parsing models/sources.yml [  0.00s]
10:53:33.538868 [debug]: Finished parsing models/intermediate/int_kafka_pipeline_runs.sql [  0.00s]
10:53:33.539554 [debug]: Finished parsing models/marts/fct_pipeline_monitoring.sql [  0.00s]
10:53:33.539997 [debug]: Finished parsing models/staging/stg_flow_b_runs.sql [  0.00s]
10:53:33.540444 [debug]: Finished parsing models/staging/stg_kafka_events.sql [  0.00s]
10:53:33.540455 [debug]: Finished parsing target\inline_bf79c254.sql [  0.01s]
10:53:33.540803 [debug]: Finished parsing models/staging/stg_pipeline_a_runs.sql [  0.00s]
10:53:33.541577 [debug]: Finished parsing models/staging/stg_pipeline_runs.sql [  0.00s]
10:53:33.670134 [info ]: Finished parsing [  0.17s]
10:53:33.671231 [info ]: Started scheduling
10:53:33.671492 [info ]: Finished scheduling [  0.00s]
10:53:33.678487 [info ]: Started building task graph
10:53:33.678709 [info ]: Finished building task graph [  0.00s]
10:53:33.682520 [info ]: Started rendering (1 nodes)
10:53:33.682678 [info ]: Started model main.inline
10:53:33.682697 [debug]: Started rendering model main.inline
10:53:33.684443 [debug]: Compiled SQL for node model..inline at target\compiled\target\inline_bf79c254.sql
10:53:33.684596 [debug]: Finished rendering [  0.00s] model main.inline [success]
10:53:33.684810 [info ]: Finished rendering [  0.00s] (1 nodes, 0 skipped, 0 errors)
10:53:33.685048 [info ]: Started analyzing (1 nodes)
10:53:33.685147 [debug]: Started analyzing model main.inline
10:53:33.692392 [debug]: Finished analyzing [  0.01s] model main.inline [success]
10:53:33.692585 [info ]: Finished analyzing [  0.01s] (1 nodes, 0 skipped, 0 errors)
10:53:33.692895 [info ]: Started running (1 nodes)
10:53:33.693005 [info ]: Started running model main.inline
10:53:33.694468 [debug]: DuckDB driver resolved: duckdb 1.5.4
10:53:33.711641 [error]: [Generic (dbt1000)]: Internal: Parser Error: syntax error at or near "DISTINCT"

LINE 3:   SELECT COUNT(*), DISTINCT(flow_id) FROM main_raw.raw_flow_b_runs GROUP BY...
                           ^ (sqlstate: [0, 0, 0, 0, 0], vendor_code: -2147483648)
10:53:33.711762 [info ]: Finished running [  0.02s] model main.inline [error]
10:53:33.711960 [info ]: Finished running [  0.02s] (1 nodes, 0 skipped, 1 errors)
10:53:33.712174 [info ]:     Failed model main.inline (ephemeral) [1 of 1 in 0.03s]
10:53:33.965908 [info ]: 
==================== Execution Summary =====================
Finished 'show' with 1 error for target 'dev' [478ms]
==================== 2026-09-24T10:53:45.009248Z | 01a0d30c-c6ae-7dc0-bdb1-706df6257a79 ====================
10:53:45.009422 [info ]: dbt 2.0.6
10:53:45.009895 [info ]: Started loading project
10:53:45.012751 [info ]: Loading profiles.yml
10:53:45.015764 [debug]:    Started loading packages
10:53:45.019110 [debug]:     Loaded [  0.00s] packages
10:53:45.021261 [info ]: Finished loading project [  0.01s]
10:53:45.021811 [info ]: Started parsing
10:53:45.057629 [debug]: Finished parsing models/marts/schema.yml [  0.00s]
10:53:45.057905 [debug]: Finished parsing models/sources.yml [  0.00s]
10:53:45.061389 [debug]: Finished parsing models/intermediate/int_kafka_pipeline_runs.sql [  0.00s]
10:53:45.061808 [debug]: Finished parsing models/marts/fct_pipeline_monitoring.sql [  0.00s]
10:53:45.062121 [debug]: Finished parsing models/staging/stg_flow_b_runs.sql [  0.00s]
10:53:45.062414 [debug]: Finished parsing models/staging/stg_kafka_events.sql [  0.00s]
10:53:45.062713 [debug]: Finished parsing models/staging/stg_pipeline_a_runs.sql [  0.00s]
10:53:45.063191 [debug]: Finished parsing models/staging/stg_pipeline_runs.sql [  0.00s]
10:53:45.063817 [debug]: Finished parsing target\inline_94b27b95.sql [  0.01s]
10:53:45.211160 [info ]: Finished parsing [  0.19s]
10:53:45.212112 [info ]: Started scheduling
10:53:45.212330 [info ]: Finished scheduling [  0.00s]
10:53:45.218279 [info ]: Started building task graph
10:53:45.218498 [info ]: Finished building task graph [  0.00s]
10:53:45.222065 [info ]: Started rendering (1 nodes)
10:53:45.222184 [info ]: Started model main.inline
10:53:45.222201 [debug]: Started rendering model main.inline
10:53:45.223976 [debug]: Compiled SQL for node model..inline at target\compiled\target\inline_94b27b95.sql
10:53:45.224256 [debug]: Finished rendering [  0.00s] model main.inline [success]
10:53:45.224467 [info ]: Finished rendering [  0.00s] (1 nodes, 0 skipped, 0 errors)
10:53:45.224703 [info ]: Started analyzing (1 nodes)
10:53:45.224810 [debug]: Started analyzing model main.inline
10:53:45.231952 [debug]: Finished analyzing [  0.01s] model main.inline [success]
10:53:45.232204 [info ]: Finished analyzing [  0.01s] (1 nodes, 0 skipped, 0 errors)
10:53:45.232467 [info ]: Started running (1 nodes)
10:53:45.232568 [info ]: Started running model main.inline
10:53:45.234194 [debug]: DuckDB driver resolved: duckdb 1.5.4
10:53:45.255439 [error]: [Generic (dbt1000)]: Internal: Parser Error: syntax error at or near "DISTINCT"

LINE 3:   SELECT COUNT(*), DISTINCT(flow_id) FROM main_raw.raw_flow_b_runs
                           ^ (sqlstate: [0, 0, 0, 0, 0], vendor_code: -2147483648)
10:53:45.255573 [info ]: Finished running [  0.02s] model main.inline [error]
10:53:45.255790 [info ]: Finished running [  0.02s] (1 nodes, 0 skipped, 1 errors)
10:53:45.255951 [info ]:     Failed model main.inline (ephemeral) [1 of 1 in 0.03s]
10:53:45.476488 [info ]: 
==================== Execution Summary =====================
Finished 'show' with 1 error for target 'dev' [467ms]
==================== 2026-09-24T11:04:53.232391Z | 01a0d316-f8c1-78a2-9b24-a3319c10acb7 ====================
11:04:53.232573 [info ]: dbt 2.0.6
11:04:53.232998 [info ]: Started loading project
11:04:53.235754 [info ]: Loading profiles.yml
11:04:53.238821 [debug]:    Started loading packages
11:04:53.242359 [debug]:     Loaded [  0.00s] packages
11:04:53.243373 [info ]: Finished loading project [  0.01s]
11:04:53.243898 [info ]: Started parsing
11:04:53.277344 [debug]: Finished parsing models/marts/schema.yml [  0.00s]
11:04:53.277665 [debug]: Finished parsing models/sources.yml [  0.00s]
11:04:53.281570 [debug]: Finished parsing models/intermediate/int_kafka_pipeline_runs.sql [  0.00s]
11:04:53.282120 [debug]: Finished parsing models/marts/fct_pipeline_monitoring.sql [  0.00s]
11:04:53.282536 [debug]: Finished parsing models/staging/stg_flow_b_runs.sql [  0.00s]
11:04:53.282915 [debug]: Finished parsing models/staging/stg_kafka_events.sql [  0.00s]
11:04:53.283304 [debug]: Finished parsing models/staging/stg_pipeline_a_runs.sql [  0.00s]
11:04:53.283892 [debug]: Finished parsing models/staging/stg_pipeline_runs.sql [  0.00s]
11:04:53.414264 [info ]: Finished parsing [  0.17s]
11:04:53.445257 [info ]: Started scheduling
11:04:53.445508 [info ]: Finished scheduling [  0.00s]
11:04:53.445621 [warn ]: [NoNodesForSelectionCriteria (dbt1092)]: The selection criterion 'fqn:raw_flow_b_runs' does not match any enabled nodes
11:04:53.445662 [warn ]: [NoNodesSelected (dbt1601)]: Nothing to do. Try checking your model configs and model specification args
11:04:53.809679 [info ]: 
==================== Execution Summary =====================
Finished 'run' with 2 warnings for target 'dev' [577ms]
==================== 2026-09-24T11:05:12.760757Z | 01a0d317-4536-7b52-9d3e-17b545e119c1 ====================
11:05:12.760898 [info ]: dbt 2.0.6
11:05:12.761260 [info ]: Started loading project
11:05:12.764038 [info ]: Loading profiles.yml
11:05:12.766882 [debug]:    Started loading packages
11:05:12.770078 [debug]:     Loaded [  0.00s] packages
11:05:12.771046 [info ]: Finished loading project [  0.01s]
11:05:12.771513 [info ]: Started parsing
11:05:12.803712 [debug]: Finished parsing models/marts/schema.yml [  0.00s]
11:05:12.803978 [debug]: Finished parsing models/sources.yml [  0.00s]
11:05:12.806735 [debug]: Finished parsing models/intermediate/int_kafka_pipeline_runs.sql [  0.00s]
11:05:12.807120 [debug]: Finished parsing models/marts/fct_pipeline_monitoring.sql [  0.00s]
11:05:12.807448 [debug]: Finished parsing models/staging/stg_flow_b_runs.sql [  0.00s]
11:05:12.807735 [debug]: Finished parsing models/staging/stg_kafka_events.sql [  0.00s]
11:05:12.808119 [debug]: Finished parsing models/staging/stg_pipeline_a_runs.sql [  0.00s]
11:05:12.808667 [debug]: Finished parsing models/staging/stg_pipeline_runs.sql [  0.00s]
11:05:12.936501 [info ]: Finished parsing [  0.16s]
11:05:12.937715 [info ]: Started scheduling
11:05:12.937999 [info ]: Finished scheduling [  0.00s]
11:05:12.943481 [info ]: Started building task graph
11:05:12.943675 [info ]: Finished building task graph [  0.00s]
11:05:12.955860 [info ]: Started rendering (1 nodes)
11:05:12.956027 [info ]: Started seed main_raw.raw_flow_b_runs
11:05:12.956045 [debug]: Started rendering seed main_raw.raw_flow_b_runs
11:05:12.956288 [debug]: Finished rendering [  0.00s] seed main_raw.raw_flow_b_runs [success]
11:05:12.956461 [info ]: Finished rendering [  0.00s] (1 nodes, 0 skipped, 0 errors)
11:05:12.956770 [info ]: Started running (1 nodes)
11:05:12.956844 [info ]: Started running seed main_raw.raw_flow_b_runs
11:05:12.958445 [debug]: DuckDB driver resolved: duckdb 1.5.4
11:05:12.975681 [debug]: Query executed on node unknown:

  
  select * from monitoring.main_raw.raw_flow_b_runs
  
  limit 10

11:05:12.976112 [info ]: [34m[1mQuery[0m [1mshow_seed_pipeline_monitoring_raw_flow_b_runs[0m
┌─────────┬────────────────────┬─────────────────────┬─────────────────────┬───────────────────┬─────────┬─────────────┐
│[1m flow_id [0m┆[1m flow_name          [0m┆[1m initiated_at        [0m┆[1m completed_at        [0m┆[1m sample_identifier [0m┆[1m records [0m┆[1m environment [0m│
╞═════════╪════════════════════╪═════════════════════╪═════════════════════╪═══════════════════╪═════════╪═════════════╡
│ B-2001  ┆ VARIANT_ANNOTATION ┆ 2026-09-20T07:45:00 ┆ 2026-09-20T07:53:12 ┆ S011              ┆ 125440  ┆ prod        │
│ B-2002  ┆ VARIANT_ANNOTATION ┆ 2026-09-20T08:15:00 ┆ 2026-09-20T08:21:30 ┆ S012              ┆ 129010  ┆ prod        │
│ B-2003  ┆ QC_REPORT          ┆ 2026-09-20T09:00:00 ┆ 2026-09-20T09:02:05 ┆ S013              ┆ 44      ┆ staging     │
└─────────┴────────────────────┴─────────────────────┴─────────────────────┴───────────────────┴─────────┴─────────────┘
3 rows.
11:05:12.976312 [info ]: Finished running [  0.02s] seed main_raw.raw_flow_b_runs [success]
11:05:12.976475 [info ]: Finished running [  0.02s] (1 nodes, 0 skipped, 0 errors)
11:05:12.976656 [info ]:  Succeeded seed  main_raw.raw_flow_b_runs (table) [1 of 1 in 0.02s]
11:05:13.239692 [info ]: 
==================== Execution Summary =====================
Finished 'show' successfully for target 'dev' [478ms]
==================== 2026-09-24T11:05:37.960079Z | 01a0d317-a7a5-7bb3-81f1-357d9ef5671d ====================
11:05:37.960243 [info ]: dbt 2.0.6
11:05:37.960607 [info ]: Started loading project
11:05:37.963259 [info ]: Loading profiles.yml
11:05:37.966188 [debug]:    Started loading packages
11:05:37.969362 [debug]:     Loaded [  0.00s] packages
11:05:37.970293 [info ]: Finished loading project [  0.01s]
11:05:37.970776 [info ]: Started parsing
11:05:38.004048 [debug]: Finished parsing models/marts/schema.yml [  0.00s]
11:05:38.004305 [debug]: Finished parsing models/sources.yml [  0.00s]
11:05:38.007393 [debug]: Finished parsing models/intermediate/int_kafka_pipeline_runs.sql [  0.00s]
11:05:38.007847 [debug]: Finished parsing models/marts/fct_pipeline_monitoring.sql [  0.00s]
11:05:38.008231 [debug]: Finished parsing models/staging/stg_flow_b_runs.sql [  0.00s]
11:05:38.008558 [debug]: Finished parsing models/staging/stg_kafka_events.sql [  0.00s]
11:05:38.008963 [debug]: Finished parsing models/staging/stg_pipeline_a_runs.sql [  0.00s]
11:05:38.009512 [debug]: Finished parsing models/staging/stg_pipeline_runs.sql [  0.00s]
11:05:38.153761 [info ]: Finished parsing [  0.18s]
11:05:38.154782 [info ]: Started scheduling
11:05:38.155114 [info ]: Finished scheduling [  0.00s]
11:05:38.167074 [info ]: Started building task graph
11:05:38.167318 [info ]: Finished building task graph [  0.00s]
11:05:38.175382 [info ]: Started rendering (1 nodes)
11:05:38.175534 [info ]: Started seed main_raw.raw_flow_b_runs
11:05:38.175555 [debug]: Started rendering seed main_raw.raw_flow_b_runs
11:05:38.175824 [debug]: Finished rendering [  0.00s] seed main_raw.raw_flow_b_runs [success]
11:05:38.176023 [info ]: Finished rendering [  0.00s] (1 nodes, 0 skipped, 0 errors)
11:05:38.176332 [info ]: Started running (1 nodes)
11:05:38.176409 [info ]: Started running seed main_raw.raw_flow_b_runs
11:05:38.177661 [debug]: DuckDB driver resolved: duckdb 1.5.4
11:05:38.195180 [debug]: Query executed on node unknown:

  
  select * from monitoring.main_raw.raw_flow_b_runs
  
  limit 10

11:05:38.195629 [info ]: [34m[1mQuery[0m [1mshow_seed_pipeline_monitoring_raw_flow_b_runs[0m
┌─────────┬────────────────────┬─────────────────────┬─────────────────────┬───────────────────┬─────────┬─────────────┐
│[1m flow_id [0m┆[1m flow_name          [0m┆[1m initiated_at        [0m┆[1m completed_at        [0m┆[1m sample_identifier [0m┆[1m records [0m┆[1m environment [0m│
╞═════════╪════════════════════╪═════════════════════╪═════════════════════╪═══════════════════╪═════════╪═════════════╡
│ B-2001  ┆ VARIANT_ANNOTATION ┆ 2026-09-20T07:45:00 ┆ 2026-09-20T07:53:12 ┆ S011              ┆ 125440  ┆ prod        │
│ B-2002  ┆ VARIANT_ANNOTATION ┆ 2026-09-20T08:15:00 ┆ 2026-09-20T08:21:30 ┆ S012              ┆ 129010  ┆ prod        │
│ B-2003  ┆ QC_REPORT          ┆ 2026-09-20T09:00:00 ┆ 2026-09-20T09:02:05 ┆ S013              ┆ 44      ┆ staging     │
└─────────┴────────────────────┴─────────────────────┴─────────────────────┴───────────────────┴─────────┴─────────────┘
3 rows.
11:05:38.195886 [info ]: Finished running [  0.02s] seed main_raw.raw_flow_b_runs [success]
11:05:38.196112 [info ]: Finished running [  0.02s] (1 nodes, 0 skipped, 0 errors)
11:05:38.196417 [info ]:  Succeeded seed  main_raw.raw_flow_b_runs (table) [1 of 1 in 0.02s]
11:05:38.426060 [info ]: 
==================== Execution Summary =====================
Finished 'show' successfully for target 'dev' [465ms]
==================== 2026-09-24T11:06:18.090902Z | 01a0d318-4468-7ab1-a862-fbb9da324ad0 ====================
11:06:18.091054 [info ]: dbt 2.0.6
11:06:18.091462 [info ]: Started loading project
11:06:18.094114 [info ]: Loading profiles.yml
11:06:18.097476 [debug]:    Started loading packages
11:06:18.100913 [debug]:     Loaded [  0.00s] packages
11:06:18.101899 [info ]: Finished loading project [  0.01s]
11:06:18.102496 [info ]: Started parsing
11:06:18.134943 [debug]: Finished parsing models/marts/schema.yml [  0.00s]
11:06:18.135196 [debug]: Finished parsing models/sources.yml [  0.00s]
11:06:18.138353 [debug]: Finished parsing models/intermediate/int_kafka_pipeline_runs.sql [  0.00s]
11:06:18.138765 [debug]: Finished parsing models/marts/fct_pipeline_monitoring.sql [  0.00s]
11:06:18.139116 [debug]: Finished parsing models/staging/stg_flow_b_runs.sql [  0.00s]
11:06:18.139420 [debug]: Finished parsing models/staging/stg_kafka_events.sql [  0.00s]
11:06:18.139755 [debug]: Finished parsing models/staging/stg_pipeline_a_runs.sql [  0.00s]
11:06:18.140290 [debug]: Finished parsing models/staging/stg_pipeline_runs.sql [  0.00s]
11:06:18.292066 [info ]: Finished parsing [  0.19s]
11:06:18.292960 [info ]: Started scheduling
11:06:18.293208 [info ]: Finished scheduling [  0.00s]
11:06:18.302954 [debug]: Initializing schema store with entry: Frontier(CanonicalFqn { catalog: "monitoring", schema: "main_raw", table: "raw_flow_b_runs" }) and interval: None
11:06:18.302985 [debug]: Initializing schema store with entry: Frontier(CanonicalFqn { catalog: "monitoring", schema: "main_raw", table: "raw_pipeline_a_runs" }) and interval: None
11:06:18.305039 [info ]: Started building task graph
11:06:18.305242 [info ]: Finished building task graph [  0.00s]
11:06:18.309997 [info ]: Started rendering (1 nodes)
11:06:18.310186 [info ]: Started model main.stg_pipeline_runs
11:06:18.310207 [debug]: Started rendering model main.stg_pipeline_runs
11:06:18.311815 [debug]: Compiled SQL for node model.pipeline_monitoring.stg_pipeline_runs at target\compiled\pipeline_monitoring\models\staging\stg_pipeline_runs.sql
11:06:18.312127 [debug]: Finished rendering [  0.00s] model main.stg_pipeline_runs [success]
11:06:18.312345 [info ]: Finished rendering [  0.00s] (1 nodes, 0 skipped, 0 errors)
11:06:18.312545 [info ]: Started analyzing (1 nodes)
11:06:18.312641 [debug]: Started analyzing model main.stg_pipeline_runs
11:06:18.331842 [warn ]: [SyntaxInvalid (dbt0101)]: no viable alternative at input 'WITH run_b AS (
    SELECT 
        b_runs.flow_id AS run_id,
        b_runs.flow_name AS pipeline_name,
        'raw_flow_b_runs' AS source_system,
        (CASE 
            WHEN b_runs.initiated_at NOT NULL'
  --> models/staging/stg_pipeline_runs.sql:47:42 (target\compiled\pipeline_monitoring\models\staging\stg_pipeline_runs.sql:47:42)
11:06:18.332038 [debug]: Finished analyzing [  0.02s] model main.stg_pipeline_runs [success]
11:06:18.332290 [info ]: Finished analyzing [  0.02s] (1 nodes, 0 skipped, 0 errors)
11:06:18.332512 [info ]: Started running (1 nodes)
11:06:18.332608 [info ]: Started running model main.stg_pipeline_runs
11:06:18.334113 [debug]: DuckDB driver resolved: duckdb 1.5.4
11:06:18.352354 [error]: [Generic (dbt1000)]: Internal: Parser Error: syntax error at or near "WITH"

LINE 43: WITH run_b AS (
         ^ (sqlstate: [0, 0, 0, 0, 0], vendor_code: -2147483648)
11:06:18.352462 [info ]: Finished running [  0.02s] model main.stg_pipeline_runs [error]
11:06:18.352645 [info ]: Finished running [  0.02s] (1 nodes, 0 skipped, 1 errors)
11:06:18.352881 [info ]:     Failed model main.stg_pipeline_runs (view) [1 of 1 in 0.04s]
11:06:18.635332 [info ]: 
==================== Execution Summary =====================
Finished 'show' with 1 warning and 1 error for target 'dev' [544ms]
==================== 2026-09-24T11:07:06.412690Z | 01a0d319-012a-7ed0-8507-5478af6aea30 ====================
11:07:06.412854 [info ]: dbt 2.0.6
11:07:06.413315 [info ]: Started loading project
11:07:06.416269 [info ]: Loading profiles.yml
11:07:06.419375 [debug]:    Started loading packages
11:07:06.422641 [debug]:     Loaded [  0.00s] packages
11:07:06.423580 [info ]: Finished loading project [  0.01s]
11:07:06.424053 [info ]: Started parsing
11:07:06.456186 [debug]: Finished parsing models/marts/schema.yml [  0.00s]
11:07:06.456410 [debug]: Finished parsing models/sources.yml [  0.00s]
11:07:06.459122 [debug]: Finished parsing models/intermediate/int_kafka_pipeline_runs.sql [  0.00s]
11:07:06.459554 [debug]: Finished parsing models/marts/fct_pipeline_monitoring.sql [  0.00s]
11:07:06.459862 [debug]: Finished parsing models/staging/stg_flow_b_runs.sql [  0.00s]
11:07:06.460164 [debug]: Finished parsing models/staging/stg_kafka_events.sql [  0.00s]
11:07:06.460467 [debug]: Finished parsing models/staging/stg_pipeline_a_runs.sql [  0.00s]
11:07:06.460944 [debug]: Finished parsing models/staging/stg_pipeline_runs.sql [  0.00s]
11:07:06.599385 [info ]: Finished parsing [  0.18s]
11:07:06.600332 [info ]: Started scheduling
11:07:06.600574 [info ]: Finished scheduling [  0.00s]
11:07:06.604690 [debug]: Initializing schema store with entry: Frontier(CanonicalFqn { catalog: "monitoring", schema: "main_raw", table: "raw_flow_b_runs" }) and interval: None
11:07:06.604715 [debug]: Initializing schema store with entry: Frontier(CanonicalFqn { catalog: "monitoring", schema: "main_raw", table: "raw_pipeline_a_runs" }) and interval: None
11:07:06.606503 [info ]: Started building task graph
11:07:06.606694 [info ]: Finished building task graph [  0.00s]
11:07:06.610114 [info ]: Started rendering (1 nodes)
11:07:06.610220 [info ]: Started model main.stg_pipeline_runs
11:07:06.610236 [debug]: Started rendering model main.stg_pipeline_runs
11:07:06.612083 [debug]: Compiled SQL for node model.pipeline_monitoring.stg_pipeline_runs at target\compiled\pipeline_monitoring\models\staging\stg_pipeline_runs.sql
11:07:06.612237 [debug]: Finished rendering [  0.00s] model main.stg_pipeline_runs [success]
11:07:06.612576 [info ]: Finished rendering [  0.00s] (1 nodes, 0 skipped, 0 errors)
11:07:06.612836 [info ]: Started analyzing (1 nodes)
11:07:06.612923 [debug]: Started analyzing model main.stg_pipeline_runs
11:07:06.631897 [warn ]: [SyntaxInvalid (dbt0101)]: no viable alternative at input 'WITH run_b AS (
    SELECT 
        b_runs.flow_id AS run_id,
        b_runs.flow_name AS pipeline_name,
        'raw_flow_b_runs' AS source_system,
        (CASE 
            WHEN b_runs.initiated_at NOT NULL'
  --> models/staging/stg_pipeline_runs.sql:47:42 (target\compiled\pipeline_monitoring\models\staging\stg_pipeline_runs.sql:47:42)
11:07:06.632068 [debug]: Finished analyzing [  0.02s] model main.stg_pipeline_runs [success]
11:07:06.632342 [info ]: Finished analyzing [  0.02s] (1 nodes, 0 skipped, 0 errors)
11:07:06.632598 [info ]: Started running (1 nodes)
11:07:06.632698 [info ]: Started running model main.stg_pipeline_runs
11:07:06.634191 [debug]: DuckDB driver resolved: duckdb 1.5.4
11:07:06.650332 [error]: [Generic (dbt1000)]: Internal: Parser Error: syntax error at or near "WITH"

LINE 43: WITH run_b AS (
         ^ (sqlstate: [0, 0, 0, 0, 0], vendor_code: -2147483648)
11:07:06.650445 [info ]: Finished running [  0.02s] model main.stg_pipeline_runs [error]
11:07:06.650639 [info ]: Finished running [  0.02s] (1 nodes, 0 skipped, 1 errors)
11:07:06.650913 [info ]:     Failed model main.stg_pipeline_runs (view) [1 of 1 in 0.04s]
11:07:06.941200 [info ]: 
==================== Execution Summary =====================
Finished 'show' with 1 warning and 1 error for target 'dev' [528ms]
==================== 2026-09-24T11:07:15.390460Z | 01a0d319-243b-7ee3-921b-359f5e3ab112 ====================
11:07:15.390650 [info ]: dbt 2.0.6
11:07:15.391097 [info ]: Started loading project
11:07:15.393875 [info ]: Loading profiles.yml
11:07:15.396643 [debug]:    Started loading packages
11:07:15.400230 [debug]:     Loaded [  0.00s] packages
11:07:15.401250 [info ]: Finished loading project [  0.01s]
11:07:15.401807 [info ]: Started parsing
11:07:15.433852 [debug]: Finished parsing models/marts/schema.yml [  0.00s]
11:07:15.434110 [debug]: Finished parsing models/sources.yml [  0.00s]
11:07:15.437488 [debug]: Finished parsing models/intermediate/int_kafka_pipeline_runs.sql [  0.00s]
11:07:15.437986 [debug]: Finished parsing models/marts/fct_pipeline_monitoring.sql [  0.00s]
11:07:15.438359 [debug]: Finished parsing models/staging/stg_flow_b_runs.sql [  0.00s]
11:07:15.438728 [debug]: Finished parsing models/staging/stg_kafka_events.sql [  0.00s]
11:07:15.439087 [debug]: Finished parsing models/staging/stg_pipeline_a_runs.sql [  0.00s]
11:07:15.439590 [debug]: Finished parsing models/staging/stg_pipeline_runs.sql [  0.00s]
11:07:15.588322 [info ]: Finished parsing [  0.19s]
11:07:15.589349 [info ]: Started scheduling
11:07:15.589630 [info ]: Finished scheduling [  0.00s]
11:07:15.594207 [debug]: Initializing schema store with entry: Frontier(CanonicalFqn { catalog: "monitoring", schema: "main_raw", table: "raw_flow_b_runs" }) and interval: None
11:07:15.594238 [debug]: Initializing schema store with entry: Frontier(CanonicalFqn { catalog: "monitoring", schema: "main_raw", table: "raw_pipeline_a_runs" }) and interval: None
11:07:15.596193 [info ]: Started building task graph
11:07:15.596454 [info ]: Finished building task graph [  0.00s]
11:07:15.602192 [info ]: Started rendering (1 nodes)
11:07:15.602337 [info ]: Started model main.stg_pipeline_runs
11:07:15.602355 [debug]: Started rendering model main.stg_pipeline_runs
11:07:15.603876 [debug]: Compiled SQL for node model.pipeline_monitoring.stg_pipeline_runs at target\compiled\pipeline_monitoring\models\staging\stg_pipeline_runs.sql
11:07:15.604138 [debug]: Finished rendering [  0.00s] model main.stg_pipeline_runs [success]
11:07:15.604379 [info ]: Finished rendering [  0.00s] (1 nodes, 0 skipped, 0 errors)
11:07:15.604625 [info ]: Started analyzing (1 nodes)
11:07:15.604718 [debug]: Started analyzing model main.stg_pipeline_runs
11:07:15.626729 [warn ]: [SyntaxInvalid (dbt0101)]: mismatched input 'WITH' expecting one of 'FROM', 'SELECT', 'TABLE', 'VALUES', '('
  --> models/staging/stg_pipeline_runs.sql:41:1 (target\compiled\pipeline_monitoring\models\staging\stg_pipeline_runs.sql:41:1)
11:07:15.626885 [debug]: Finished analyzing [  0.02s] model main.stg_pipeline_runs [success]
11:07:15.627151 [info ]: Finished analyzing [  0.02s] (1 nodes, 0 skipped, 0 errors)
11:07:15.627371 [info ]: Started running (1 nodes)
11:07:15.627457 [info ]: Started running model main.stg_pipeline_runs
11:07:15.628794 [debug]: DuckDB driver resolved: duckdb 1.5.4
11:07:15.647739 [error]: [Generic (dbt1000)]: Internal: Parser Error: syntax error at or near "WITH"

LINE 43: WITH run_b AS (
         ^ (sqlstate: [0, 0, 0, 0, 0], vendor_code: -2147483648)
11:07:15.647886 [info ]: Finished running [  0.02s] model main.stg_pipeline_runs [error]
11:07:15.648108 [info ]: Finished running [  0.02s] (1 nodes, 0 skipped, 1 errors)
11:07:15.648354 [info ]:     Failed model main.stg_pipeline_runs (view) [1 of 1 in 0.04s]
11:07:15.858212 [info ]: 
==================== Execution Summary =====================
Finished 'show' with 1 warning and 1 error for target 'dev' [467ms]
==================== 2026-09-24T11:11:31.867576Z | 01a0d31d-0e18-7f22-b6b2-c033b7952fab ====================
11:11:31.867757 [info ]: dbt 2.0.6
11:11:31.868119 [info ]: Started loading project
11:11:31.870941 [info ]: Loading profiles.yml
11:11:31.874036 [debug]:    Started loading packages
11:11:31.877376 [debug]:     Loaded [  0.00s] packages
11:11:31.878428 [info ]: Finished loading project [  0.01s]
11:11:31.878961 [info ]: Started parsing
11:11:31.915018 [debug]: Finished parsing models/marts/schema.yml [  0.00s]
11:11:31.915418 [debug]: Finished parsing models/sources.yml [  0.00s]
11:11:31.918926 [debug]: Finished parsing models/intermediate/int_kafka_pipeline_runs.sql [  0.00s]
11:11:31.919429 [debug]: Finished parsing models/marts/fct_pipeline_monitoring.sql [  0.00s]
11:11:31.919878 [debug]: Finished parsing models/staging/stg_flow_b_runs.sql [  0.00s]
11:11:31.920245 [debug]: Finished parsing models/staging/stg_kafka_events.sql [  0.00s]
11:11:31.920614 [debug]: Finished parsing models/staging/stg_pipeline_a_runs.sql [  0.00s]
11:11:31.921129 [debug]: Finished parsing models/staging/stg_pipeline_runs.sql [  0.00s]
11:11:32.068194 [info ]: Finished parsing [  0.19s]
11:11:32.069175 [info ]: Started scheduling
11:11:32.069471 [info ]: Finished scheduling [  0.00s]
11:11:32.073659 [debug]: Initializing schema store with entry: Frontier(CanonicalFqn { catalog: "monitoring", schema: "main_raw", table: "raw_flow_b_runs" }) and interval: None
11:11:32.073689 [debug]: Initializing schema store with entry: Frontier(CanonicalFqn { catalog: "monitoring", schema: "main_raw", table: "raw_pipeline_a_runs" }) and interval: None
11:11:32.075710 [info ]: Started building task graph
11:11:32.075936 [info ]: Finished building task graph [  0.00s]
11:11:32.079997 [info ]: Started rendering (1 nodes)
11:11:32.080128 [info ]: Started model main.stg_pipeline_runs
11:11:32.080148 [debug]: Started rendering model main.stg_pipeline_runs
11:11:32.082265 [debug]: Compiled SQL for node model.pipeline_monitoring.stg_pipeline_runs at target\compiled\pipeline_monitoring\models\staging\stg_pipeline_runs.sql
11:11:32.082529 [debug]: Finished rendering [  0.00s] model main.stg_pipeline_runs [success]
11:11:32.082798 [info ]: Finished rendering [  0.00s] (1 nodes, 0 skipped, 0 errors)
11:11:32.083060 [info ]: Started analyzing (1 nodes)
11:11:32.083181 [debug]: Started analyzing model main.stg_pipeline_runs
11:11:32.105218 [warn ]: [SyntaxInvalid (dbt0101)]: no viable alternative at input 'WITH run_b AS (
    SELECT 
        b_runs.flow_id AS run_id,
        b_runs.flow_name AS pipeline_name,
        'raw_flow_b_runs' AS source_system,
        CASE 
            WHEN b_runs.initiated_at IS NOT NULL AND b_runs.completed_at NOT NULL'
  --> models/staging/stg_pipeline_runs.sql:47:78 (target\compiled\pipeline_monitoring\models\staging\stg_pipeline_runs.sql:47:78)
11:11:32.105353 [debug]: Finished analyzing [  0.02s] model main.stg_pipeline_runs [success]
11:11:32.105563 [info ]: Finished analyzing [  0.02s] (1 nodes, 0 skipped, 0 errors)
11:11:32.105793 [info ]: Started running (1 nodes)
11:11:32.105889 [info ]: Started running model main.stg_pipeline_runs
11:11:32.107285 [debug]: DuckDB driver resolved: duckdb 1.5.4
11:11:32.124671 [error]: [Generic (dbt1000)]: Internal: Parser Error: syntax error at or near "WITH"

LINE 43: WITH run_b AS (
         ^ (sqlstate: [0, 0, 0, 0, 0], vendor_code: -2147483648)
11:11:32.124788 [info ]: Finished running [  0.02s] model main.stg_pipeline_runs [error]
11:11:32.125004 [info ]: Finished running [  0.02s] (1 nodes, 0 skipped, 1 errors)
11:11:32.125287 [info ]:     Failed model main.stg_pipeline_runs (view) [1 of 1 in 0.04s]
11:11:32.372319 [info ]: 
==================== Execution Summary =====================
Finished 'show' with 1 warning and 1 error for target 'dev' [504ms]
==================== 2026-09-24T11:11:43.223653Z | 01a0d31d-3a75-7ea1-b265-14811e1e98e8 ====================
11:11:43.223834 [info ]: dbt 2.0.6
11:11:43.224247 [info ]: Started loading project
11:11:43.226968 [info ]: Loading profiles.yml
11:11:43.230236 [debug]:    Started loading packages
11:11:43.233658 [debug]:     Loaded [  0.00s] packages
11:11:43.234653 [info ]: Finished loading project [  0.01s]
11:11:43.235159 [info ]: Started parsing
11:11:43.269306 [debug]: Finished parsing models/marts/schema.yml [  0.00s]
11:11:43.269605 [debug]: Finished parsing models/sources.yml [  0.00s]
11:11:43.272737 [debug]: Finished parsing models/intermediate/int_kafka_pipeline_runs.sql [  0.00s]
11:11:43.273200 [debug]: Finished parsing models/marts/fct_pipeline_monitoring.sql [  0.00s]
11:11:43.273557 [debug]: Finished parsing models/staging/stg_flow_b_runs.sql [  0.00s]
11:11:43.273905 [debug]: Finished parsing models/staging/stg_kafka_events.sql [  0.00s]
11:11:43.274267 [debug]: Finished parsing models/staging/stg_pipeline_a_runs.sql [  0.00s]
11:11:43.274797 [debug]: Finished parsing models/staging/stg_pipeline_runs.sql [  0.00s]
11:11:43.419579 [info ]: Finished parsing [  0.18s]
11:11:43.420587 [info ]: Started scheduling
11:11:43.420930 [info ]: Finished scheduling [  0.00s]
11:11:43.425470 [debug]: Initializing schema store with entry: Frontier(CanonicalFqn { catalog: "monitoring", schema: "main_raw", table: "raw_pipeline_a_runs" }) and interval: None
11:11:43.425510 [debug]: Initializing schema store with entry: Frontier(CanonicalFqn { catalog: "monitoring", schema: "main_raw", table: "raw_flow_b_runs" }) and interval: None
11:11:43.427630 [info ]: Started building task graph
11:11:43.427844 [info ]: Finished building task graph [  0.00s]
11:11:43.431562 [info ]: Started rendering (1 nodes)
11:11:43.431683 [info ]: Started model main.stg_pipeline_runs
11:11:43.431703 [debug]: Started rendering model main.stg_pipeline_runs
11:11:43.433594 [debug]: Compiled SQL for node model.pipeline_monitoring.stg_pipeline_runs at target\compiled\pipeline_monitoring\models\staging\stg_pipeline_runs.sql
11:11:43.433898 [debug]: Finished rendering [  0.00s] model main.stg_pipeline_runs [success]
11:11:43.434074 [info ]: Finished rendering [  0.00s] (1 nodes, 0 skipped, 0 errors)
11:11:43.434284 [info ]: Started analyzing (1 nodes)
11:11:43.434372 [debug]: Started analyzing model main.stg_pipeline_runs
11:11:43.455065 [warn ]: [SyntaxInvalid (dbt0101)]: no viable alternative at input 'run_b AS (
    SELECT 
        b_runs.flow_id AS run_id,
        b_runs.flow_name AS pipeline_name,
        'raw_flow_b_runs' AS source_system,
        CASE 
            WHEN b_runs.initiated_at IS NOT NULL AND b_runs.completed_at NOT NULL'
  --> models/staging/stg_pipeline_runs.sql:47:78 (target\compiled\pipeline_monitoring\models\staging\stg_pipeline_runs.sql:47:78)
11:11:43.455198 [debug]: Finished analyzing [  0.02s] model main.stg_pipeline_runs [success]
11:11:43.455412 [info ]: Finished analyzing [  0.02s] (1 nodes, 0 skipped, 0 errors)
11:11:43.455650 [info ]: Started running (1 nodes)
11:11:43.455744 [info ]: Started running model main.stg_pipeline_runs
11:11:43.457162 [debug]: DuckDB driver resolved: duckdb 1.5.4
11:11:43.473564 [error]: [Generic (dbt1000)]: Internal: Parser Error: syntax error at or near "NULL"

LINE 50: ...     WHEN b_runs.initiated_at NOT NULL AND b_runs.completed_at NULL THEN status ='RUNNING'
                                                                           ^ (sqlstate: [0, 0, 0, 0, 0], vendor_code: -2147483648)
11:11:43.473674 [info ]: Finished running [  0.02s] model main.stg_pipeline_runs [error]
11:11:43.473860 [info ]: Finished running [  0.02s] (1 nodes, 0 skipped, 1 errors)
11:11:43.474046 [info ]:     Failed model main.stg_pipeline_runs (view) [1 of 1 in 0.04s]
11:11:43.709526 [info ]: 
==================== Execution Summary =====================
Finished 'show' with 1 warning and 1 error for target 'dev' [485ms]
==================== 2026-09-24T11:11:55.825561Z | 01a0d31d-6baf-7931-909d-1822a49f9d30 ====================
11:11:55.825727 [info ]: dbt 2.0.6
11:11:55.826133 [info ]: Started loading project
11:11:55.828889 [info ]: Loading profiles.yml
11:11:55.831924 [debug]:    Started loading packages
11:11:55.835166 [debug]:     Loaded [  0.00s] packages
11:11:55.836083 [info ]: Finished loading project [  0.01s]
11:11:55.836554 [info ]: Started parsing
11:11:55.869716 [debug]: Finished parsing models/marts/schema.yml [  0.00s]
11:11:55.869974 [debug]: Finished parsing models/sources.yml [  0.00s]
11:11:55.872937 [debug]: Finished parsing models/intermediate/int_kafka_pipeline_runs.sql [  0.00s]
11:11:55.873472 [debug]: Finished parsing models/marts/fct_pipeline_monitoring.sql [  0.00s]
11:11:55.873849 [debug]: Finished parsing models/staging/stg_flow_b_runs.sql [  0.00s]
11:11:55.874191 [debug]: Finished parsing models/staging/stg_kafka_events.sql [  0.00s]
11:11:55.874523 [debug]: Finished parsing models/staging/stg_pipeline_a_runs.sql [  0.00s]
11:11:55.875080 [debug]: Finished parsing models/staging/stg_pipeline_runs.sql [  0.00s]
11:11:56.004274 [info ]: Finished parsing [  0.17s]
11:11:56.005215 [info ]: Started scheduling
11:11:56.005461 [info ]: Finished scheduling [  0.00s]
11:11:56.009805 [debug]: Initializing schema store with entry: Frontier(CanonicalFqn { catalog: "monitoring", schema: "main_raw", table: "raw_pipeline_a_runs" }) and interval: None
11:11:56.009827 [debug]: Initializing schema store with entry: Frontier(CanonicalFqn { catalog: "monitoring", schema: "main_raw", table: "raw_flow_b_runs" }) and interval: None
11:11:56.011606 [info ]: Started building task graph
11:11:56.011804 [info ]: Finished building task graph [  0.00s]
11:11:56.015349 [info ]: Started rendering (1 nodes)
11:11:56.015466 [info ]: Started model main.stg_pipeline_runs
11:11:56.015484 [debug]: Started rendering model main.stg_pipeline_runs
11:11:56.017523 [debug]: Compiled SQL for node model.pipeline_monitoring.stg_pipeline_runs at target\compiled\pipeline_monitoring\models\staging\stg_pipeline_runs.sql
11:11:56.017786 [debug]: Finished rendering [  0.00s] model main.stg_pipeline_runs [success]
11:11:56.017996 [info ]: Finished rendering [  0.00s] (1 nodes, 0 skipped, 0 errors)
11:11:56.018205 [info ]: Started analyzing (1 nodes)
11:11:56.018292 [debug]: Started analyzing model main.stg_pipeline_runs
11:11:56.039123 [warn ]: [SyntaxInvalid (dbt0101)]: no viable alternative at input 'run_b AS (
    SELECT 
        b_runs.flow_id AS run_id,
        b_runs.flow_name AS pipeline_name,
        'raw_flow_b_runs' AS source_system,
        CASE 
            WHEN b_runs.initiated_at IS NOT NULL AND b_runs.completed_at IS NOT NULL THEN 'DONE'
            WHEN b_runs.initiated_at NOT NULL'
  --> models/staging/stg_pipeline_runs.sql:48:42 (target\compiled\pipeline_monitoring\models\staging\stg_pipeline_runs.sql:48:42)
11:11:56.039261 [debug]: Finished analyzing [  0.02s] model main.stg_pipeline_runs [success]
11:11:56.039467 [info ]: Finished analyzing [  0.02s] (1 nodes, 0 skipped, 0 errors)
11:11:56.039690 [info ]: Started running (1 nodes)
11:11:56.039790 [info ]: Started running model main.stg_pipeline_runs
11:11:56.041199 [debug]: DuckDB driver resolved: duckdb 1.5.4
11:11:56.065444 [error]: [Generic (dbt1000)]: Internal: Binder Error: Column "status" referenced that exists in the SELECT clause - but this column cannot be referenced before it is defined (sqlstate: [0, 0, 0, 0, 0], vendor_code: -2147483648)
11:11:56.065645 [info ]: Finished running [  0.03s] model main.stg_pipeline_runs [error]
11:11:56.066119 [info ]: Finished running [  0.03s] (1 nodes, 0 skipped, 1 errors)
11:11:56.066425 [info ]:     Failed model main.stg_pipeline_runs (view) [1 of 1 in 0.05s]
11:11:56.309775 [info ]: 
==================== Execution Summary =====================
Finished 'show' with 1 warning and 1 error for target 'dev' [484ms]
==================== 2026-09-24T11:14:44.784634Z | 01a0d31f-ffae-7ca3-83a0-f3a0ccdf52c4 ====================
11:14:44.784806 [info ]: dbt 2.0.6
11:14:44.785182 [info ]: Started loading project
11:14:44.787849 [info ]: Loading profiles.yml
11:14:44.790767 [debug]:    Started loading packages
11:14:44.794101 [debug]:     Loaded [  0.00s] packages
11:14:44.795041 [info ]: Finished loading project [  0.01s]
11:14:44.795506 [info ]: Started parsing
11:14:44.828723 [debug]: Finished parsing models/marts/schema.yml [  0.00s]
11:14:44.828963 [debug]: Finished parsing models/sources.yml [  0.00s]
11:14:44.832159 [debug]: Finished parsing models/intermediate/int_kafka_pipeline_runs.sql [  0.00s]
11:14:44.832613 [debug]: Finished parsing models/marts/fct_pipeline_monitoring.sql [  0.00s]
11:14:44.833009 [debug]: Finished parsing models/staging/stg_flow_b_runs.sql [  0.00s]
11:14:44.833334 [debug]: Finished parsing models/staging/stg_kafka_events.sql [  0.00s]
11:14:44.833693 [debug]: Finished parsing models/staging/stg_pipeline_a_runs.sql [  0.00s]
11:14:44.834235 [debug]: Finished parsing models/staging/stg_pipeline_runs.sql [  0.00s]
11:14:44.963210 [info ]: Finished parsing [  0.17s]
11:14:44.964199 [info ]: Started scheduling
11:14:44.964480 [info ]: Finished scheduling [  0.00s]
11:14:44.968987 [debug]: Initializing schema store with entry: Frontier(CanonicalFqn { catalog: "monitoring", schema: "main_raw", table: "raw_pipeline_a_runs" }) and interval: None
11:14:44.969016 [debug]: Initializing schema store with entry: Frontier(CanonicalFqn { catalog: "monitoring", schema: "main_raw", table: "raw_flow_b_runs" }) and interval: None
11:14:44.971037 [info ]: Started building task graph
11:14:44.971245 [info ]: Finished building task graph [  0.00s]
11:14:44.974829 [info ]: Started rendering (1 nodes)
11:14:44.974938 [info ]: Started model main.stg_pipeline_runs
11:14:44.974955 [debug]: Started rendering model main.stg_pipeline_runs
11:14:44.976642 [debug]: Compiled SQL for node model.pipeline_monitoring.stg_pipeline_runs at target\compiled\pipeline_monitoring\models\staging\stg_pipeline_runs.sql
11:14:44.976799 [debug]: Finished rendering [  0.00s] model main.stg_pipeline_runs [success]
11:14:44.977005 [info ]: Finished rendering [  0.00s] (1 nodes, 0 skipped, 0 errors)
11:14:44.977299 [info ]: Started analyzing (1 nodes)
11:14:44.977383 [debug]: Started analyzing model main.stg_pipeline_runs
11:14:44.998130 [warn ]: [SyntaxInvalid (dbt0101)]: no viable alternative at input 'run_b AS (
    SELECT 
        b_runs.flow_id AS run_id,
        b_runs.flow_name AS pipeline_name,
        'raw_flow_b_runs' AS source_system,
        'status' AS status,
        CASE 
            WHEN b_runs.initiated_at IS NOT NULL AND b_runs.completed_at IS NOT NULL THEN 'DONE'
            WHEN b_runs.initiated_at NOT NULL'
  --> models/staging/stg_pipeline_runs.sql:49:42 (target\compiled\pipeline_monitoring\models\staging\stg_pipeline_runs.sql:49:42)
11:14:44.998276 [debug]: Finished analyzing [  0.02s] model main.stg_pipeline_runs [success]
11:14:44.998513 [info ]: Finished analyzing [  0.02s] (1 nodes, 0 skipped, 0 errors)
11:14:44.998749 [info ]: Started running (1 nodes)
11:14:44.998839 [info ]: Started running model main.stg_pipeline_runs
11:14:45.000508 [debug]: DuckDB driver resolved: duckdb 1.5.4
11:14:45.017197 [error]: [Generic (dbt1000)]: Internal: Binder Error: Column "status" referenced that exists in the SELECT clause - but this column cannot be referenced before it is defined (sqlstate: [0, 0, 0, 0, 0], vendor_code: -2147483648)
11:14:45.017337 [info ]: Finished running [  0.02s] model main.stg_pipeline_runs [error]
11:14:45.017533 [info ]: Finished running [  0.02s] (1 nodes, 0 skipped, 1 errors)
11:14:45.017722 [info ]:     Failed model main.stg_pipeline_runs (view) [1 of 1 in 0.04s]
11:14:45.316189 [info ]: 
==================== Execution Summary =====================
Finished 'show' with 1 warning and 1 error for target 'dev' [531ms]
==================== 2026-09-24T11:21:24.303539Z | 01a0d326-184d-7e10-a72e-d70319f6b282 ====================
11:21:24.303702 [info ]: dbt 2.0.6
11:21:24.304081 [info ]: Started loading project
11:21:24.306895 [info ]: Loading profiles.yml
11:21:24.310124 [debug]:    Started loading packages
11:21:24.313610 [debug]:     Loaded [  0.00s] packages
11:21:24.315113 [info ]: Finished loading project [  0.01s]
11:21:24.315884 [info ]: Started parsing
11:21:24.349308 [debug]: Finished parsing models/marts/schema.yml [  0.00s]
11:21:24.349676 [debug]: Finished parsing models/sources.yml [  0.00s]
11:21:24.353757 [debug]: Finished parsing models/intermediate/int_kafka_pipeline_runs.sql [  0.00s]
11:21:24.354238 [debug]: Finished parsing models/marts/fct_pipeline_monitoring.sql [  0.00s]
11:21:24.354654 [debug]: Finished parsing models/staging/stg_flow_b_runs.sql [  0.00s]
11:21:24.355056 [debug]: Finished parsing models/staging/stg_kafka_events.sql [  0.00s]
11:21:24.355467 [debug]: Finished parsing models/staging/stg_pipeline_a_runs.sql [  0.00s]
11:21:24.356036 [debug]: Finished parsing models/staging/stg_pipeline_runs.sql [  0.00s]
11:21:24.502382 [info ]: Finished parsing [  0.19s]
11:21:24.503319 [info ]: Started scheduling
11:21:24.503572 [info ]: Finished scheduling [  0.00s]
11:21:24.507944 [debug]: Initializing schema store with entry: Frontier(CanonicalFqn { catalog: "monitoring", schema: "main_raw", table: "raw_pipeline_a_runs" }) and interval: None
11:21:24.507965 [debug]: Initializing schema store with entry: Frontier(CanonicalFqn { catalog: "monitoring", schema: "main_raw", table: "raw_flow_b_runs" }) and interval: None
11:21:24.509917 [info ]: Started building task graph
11:21:24.510119 [info ]: Finished building task graph [  0.00s]
11:21:24.513646 [info ]: Started rendering (1 nodes)
11:21:24.513755 [info ]: Started model main.stg_pipeline_runs
11:21:24.513772 [debug]: Started rendering model main.stg_pipeline_runs
11:21:24.515748 [debug]: Compiled SQL for node model.pipeline_monitoring.stg_pipeline_runs at target\compiled\pipeline_monitoring\models\staging\stg_pipeline_runs.sql
11:21:24.515932 [debug]: Finished rendering [  0.00s] model main.stg_pipeline_runs [success]
11:21:24.516134 [info ]: Finished rendering [  0.00s] (1 nodes, 0 skipped, 0 errors)
11:21:24.516364 [info ]: Started analyzing (1 nodes)
11:21:24.516465 [debug]: Started analyzing model main.stg_pipeline_runs
11:21:24.534241 [warn ]: [SyntaxInvalid (dbt0101)]: no viable alternative at input 'b_status AS ( -- ovde da se proveri ovo
    CASE'
  --> models/staging/stg_pipeline_runs.sql:42:5 (target\compiled\pipeline_monitoring\models\staging\stg_pipeline_runs.sql:42:5)
11:21:24.534362 [debug]: Finished analyzing [  0.02s] model main.stg_pipeline_runs [success]
11:21:24.534554 [info ]: Finished analyzing [  0.02s] (1 nodes, 0 skipped, 0 errors)
11:21:24.534757 [info ]: Started running (1 nodes)
11:21:24.534853 [info ]: Started running model main.stg_pipeline_runs
11:21:24.536326 [debug]: DuckDB driver resolved: duckdb 1.5.4
11:21:24.552788 [error]: [Generic (dbt1000)]: Internal: Parser Error: syntax error at or near "CASE"

LINE 44:     CASE WHEN
             ^ (sqlstate: [0, 0, 0, 0, 0], vendor_code: -2147483648)
11:21:24.552901 [info ]: Finished running [  0.02s] model main.stg_pipeline_runs [error]
11:21:24.553097 [info ]: Finished running [  0.02s] (1 nodes, 0 skipped, 1 errors)
11:21:24.553383 [info ]:     Failed model main.stg_pipeline_runs (view) [1 of 1 in 0.04s]
11:21:24.871622 [info ]: 
==================== Execution Summary =====================
Finished 'show' with 1 warning and 1 error for target 'dev' [568ms]
==================== 2026-09-24T11:21:49.003206Z | 01a0d326-78c8-7b42-b309-5a6e16de324b ====================
11:21:49.003373 [info ]: dbt 2.0.6
11:21:49.003773 [info ]: Started loading project
11:21:49.006416 [info ]: Loading profiles.yml
11:21:49.009200 [debug]:    Started loading packages
11:21:49.012391 [debug]:     Loaded [  0.00s] packages
11:21:49.013341 [info ]: Finished loading project [  0.01s]
11:21:49.013792 [info ]: Started parsing
11:21:49.046490 [debug]: Finished parsing models/marts/schema.yml [  0.00s]
11:21:49.046775 [debug]: Finished parsing models/sources.yml [  0.00s]
11:21:49.050094 [debug]: Finished parsing models/intermediate/int_kafka_pipeline_runs.sql [  0.00s]
11:21:49.050666 [debug]: Finished parsing models/marts/fct_pipeline_monitoring.sql [  0.00s]
11:21:49.051031 [debug]: Finished parsing models/staging/stg_flow_b_runs.sql [  0.00s]
11:21:49.051341 [debug]: Finished parsing models/staging/stg_kafka_events.sql [  0.00s]
11:21:49.051663 [debug]: Finished parsing models/staging/stg_pipeline_a_runs.sql [  0.00s]
11:21:49.052274 [debug]: Finished parsing models/staging/stg_pipeline_runs.sql [  0.00s]
11:21:49.188671 [info ]: Finished parsing [  0.17s]
11:21:49.189795 [info ]: Started scheduling
11:21:49.190128 [info ]: Finished scheduling [  0.00s]
11:21:49.194023 [debug]: Initializing schema store with entry: Frontier(CanonicalFqn { catalog: "monitoring", schema: "main_raw", table: "raw_pipeline_a_runs" }) and interval: None
11:21:49.194049 [debug]: Initializing schema store with entry: Frontier(CanonicalFqn { catalog: "monitoring", schema: "main_raw", table: "raw_flow_b_runs" }) and interval: None
11:21:49.195889 [info ]: Started building task graph
11:21:49.196096 [info ]: Finished building task graph [  0.00s]
11:21:49.199593 [info ]: Started rendering (1 nodes)
11:21:49.199715 [info ]: Started model main.stg_pipeline_runs
11:21:49.199734 [debug]: Started rendering model main.stg_pipeline_runs
11:21:49.201307 [debug]: Compiled SQL for node model.pipeline_monitoring.stg_pipeline_runs at target\compiled\pipeline_monitoring\models\staging\stg_pipeline_runs.sql
11:21:49.201457 [debug]: Finished rendering [  0.00s] model main.stg_pipeline_runs [success]
11:21:49.201640 [info ]: Finished rendering [  0.00s] (1 nodes, 0 skipped, 0 errors)
11:21:49.201874 [info ]: Started analyzing (1 nodes)
11:21:49.201960 [debug]: Started analyzing model main.stg_pipeline_runs
11:21:49.221957 [warn ]: [SyntaxInvalid (dbt0101)]: mismatched input 'run_b' expecting one of 'FROM', 'SELECT', 'TABLE', 'VALUES', '('
  --> models/staging/stg_pipeline_runs.sql:50:1 (target\compiled\pipeline_monitoring\models\staging\stg_pipeline_runs.sql:50:1)
11:21:49.222084 [debug]: Finished analyzing [  0.02s] model main.stg_pipeline_runs [success]
11:21:49.222295 [info ]: Finished analyzing [  0.02s] (1 nodes, 0 skipped, 0 errors)
11:21:49.222509 [info ]: Started running (1 nodes)
11:21:49.222600 [info ]: Started running model main.stg_pipeline_runs
11:21:49.223960 [debug]: DuckDB driver resolved: duckdb 1.5.4
11:21:49.242036 [error]: [Generic (dbt1000)]: Internal: Parser Error: syntax error at or near "run_b"

LINE 52: run_b AS (
         ^ (sqlstate: [0, 0, 0, 0, 0], vendor_code: -2147483648)
11:21:49.242150 [info ]: Finished running [  0.02s] model main.stg_pipeline_runs [error]
11:21:49.242380 [info ]: Finished running [  0.02s] (1 nodes, 0 skipped, 1 errors)
11:21:49.242597 [info ]:     Failed model main.stg_pipeline_runs (view) [1 of 1 in 0.04s]
11:21:49.480664 [info ]: 
==================== Execution Summary =====================
Finished 'show' with 1 warning and 1 error for target 'dev' [477ms]
==================== 2026-09-24T11:21:58.764190Z | 01a0d326-9ee9-7d12-b8d2-84ce6799c70e ====================
11:21:58.764391 [info ]: dbt 2.0.6
11:21:58.764839 [info ]: Started loading project
11:21:58.767537 [info ]: Loading profiles.yml
11:21:58.770800 [debug]:    Started loading packages
11:21:58.774829 [debug]:     Loaded [  0.00s] packages
11:21:58.775993 [info ]: Finished loading project [  0.01s]
11:21:58.776594 [info ]: Started parsing
11:21:58.815490 [debug]: Finished parsing models/marts/schema.yml [  0.00s]
11:21:58.815833 [debug]: Finished parsing models/sources.yml [  0.00s]
11:21:58.819172 [debug]: Finished parsing models/intermediate/int_kafka_pipeline_runs.sql [  0.00s]
11:21:58.819622 [debug]: Finished parsing models/marts/fct_pipeline_monitoring.sql [  0.00s]
11:21:58.819942 [debug]: Finished parsing models/staging/stg_flow_b_runs.sql [  0.00s]
11:21:58.820264 [debug]: Finished parsing models/staging/stg_kafka_events.sql [  0.00s]
11:21:58.820587 [debug]: Finished parsing models/staging/stg_pipeline_a_runs.sql [  0.00s]
11:21:58.821102 [debug]: Finished parsing models/staging/stg_pipeline_runs.sql [  0.00s]
11:21:58.955905 [info ]: Finished parsing [  0.18s]
11:21:58.956890 [info ]: Started scheduling
11:21:58.957186 [info ]: Finished scheduling [  0.00s]
11:21:58.962159 [debug]: Initializing schema store with entry: Frontier(CanonicalFqn { catalog: "monitoring", schema: "main_raw", table: "raw_pipeline_a_runs" }) and interval: None
11:21:58.962188 [debug]: Initializing schema store with entry: Frontier(CanonicalFqn { catalog: "monitoring", schema: "main_raw", table: "raw_flow_b_runs" }) and interval: None
11:21:58.964322 [info ]: Started building task graph
11:21:58.964560 [info ]: Finished building task graph [  0.00s]
11:21:58.968284 [info ]: Started rendering (1 nodes)
11:21:58.968421 [info ]: Started model main.stg_pipeline_runs
11:21:58.968438 [debug]: Started rendering model main.stg_pipeline_runs
11:21:58.970014 [debug]: Compiled SQL for node model.pipeline_monitoring.stg_pipeline_runs at target\compiled\pipeline_monitoring\models\staging\stg_pipeline_runs.sql
11:21:58.970154 [debug]: Finished rendering [  0.00s] model main.stg_pipeline_runs [success]
11:21:58.970336 [info ]: Finished rendering [  0.00s] (1 nodes, 0 skipped, 0 errors)
11:21:58.970562 [info ]: Started analyzing (1 nodes)
11:21:58.970663 [debug]: Started analyzing model main.stg_pipeline_runs
11:21:58.992716 [warn ]: [SyntaxInvalid (dbt0101)]: no viable alternative at input 'run_b AS (
    SELECT 
        b_runs.flow_id AS run_id,
        b_runs.flow_name AS pipeline_name,
        'raw_flow_b_runs' AS source_system,
        CASE 
            WHEN b_runs.initiated_at IS NOT NULL AND b_runs.completed_at IS NOT NULL THEN b_status = 'DONE'
            WHEN b_runs.initiated_at NOT NULL'
  --> models/staging/stg_pipeline_runs.sql:57:42 (target\compiled\pipeline_monitoring\models\staging\stg_pipeline_runs.sql:57:42)
11:21:58.992841 [debug]: Finished analyzing [  0.02s] model main.stg_pipeline_runs [success]
11:21:58.993050 [info ]: Finished analyzing [  0.02s] (1 nodes, 0 skipped, 0 errors)
11:21:58.993306 [info ]: Started running (1 nodes)
11:21:58.993417 [info ]: Started running model main.stg_pipeline_runs
11:21:58.994902 [debug]: DuckDB driver resolved: duckdb 1.5.4
11:21:59.012278 [error]: [Generic (dbt1000)]: Internal: Binder Error: Referenced column "b_status" not found in FROM clause!
Candidate bindings: "initiated_at"

LINE 58: ...ed_at IS NOT NULL AND b_runs.completed_at IS NOT NULL THEN b_status = 'DONE'
                                                                       ^ (sqlstate: [0, 0, 0, 0, 0], vendor_code: -2147483648)
11:21:59.012397 [info ]: Finished running [  0.02s] model main.stg_pipeline_runs [error]
11:21:59.012605 [info ]: Finished running [  0.02s] (1 nodes, 0 skipped, 1 errors)
11:21:59.012815 [info ]:     Failed model main.stg_pipeline_runs (view) [1 of 1 in 0.04s]
11:21:59.259637 [info ]: 
==================== Execution Summary =====================
Finished 'show' with 1 warning and 1 error for target 'dev' [495ms]
==================== 2026-09-24T11:22:38.047888Z | 01a0d327-385d-7a51-9577-8a601917140d ====================
11:22:38.048056 [info ]: dbt 2.0.6
11:22:38.048437 [info ]: Started loading project
11:22:38.051121 [info ]: Loading profiles.yml
11:22:38.053967 [debug]:    Started loading packages
11:22:38.057138 [debug]:     Loaded [  0.00s] packages
11:22:38.058073 [info ]: Finished loading project [  0.01s]
11:22:38.058528 [info ]: Started parsing
11:22:38.091202 [debug]: Finished parsing models/marts/schema.yml [  0.00s]
11:22:38.091522 [debug]: Finished parsing models/sources.yml [  0.00s]
11:22:38.094497 [debug]: Finished parsing models/intermediate/int_kafka_pipeline_runs.sql [  0.00s]
11:22:38.094898 [debug]: Finished parsing models/marts/fct_pipeline_monitoring.sql [  0.00s]
11:22:38.095218 [debug]: Finished parsing models/staging/stg_flow_b_runs.sql [  0.00s]
11:22:38.095575 [debug]: Finished parsing models/staging/stg_kafka_events.sql [  0.00s]
11:22:38.095928 [debug]: Finished parsing models/staging/stg_pipeline_a_runs.sql [  0.00s]
11:22:38.096460 [debug]: Finished parsing models/staging/stg_pipeline_runs.sql [  0.00s]
11:22:38.227761 [info ]: Finished parsing [  0.17s]
11:22:38.229244 [info ]: Started scheduling
11:22:38.229636 [info ]: Finished scheduling [  0.00s]
11:22:38.234298 [debug]: Initializing schema store with entry: Frontier(CanonicalFqn { catalog: "monitoring", schema: "main_raw", table: "raw_flow_b_runs" }) and interval: None
11:22:38.234327 [debug]: Initializing schema store with entry: Frontier(CanonicalFqn { catalog: "monitoring", schema: "main_raw", table: "raw_pipeline_a_runs" }) and interval: None
11:22:38.236401 [info ]: Started building task graph
11:22:38.236755 [info ]: Finished building task graph [  0.00s]
11:22:38.240773 [info ]: Started rendering (1 nodes)
11:22:38.240895 [info ]: Started model main.stg_pipeline_runs
11:22:38.240912 [debug]: Started rendering model main.stg_pipeline_runs
11:22:38.242522 [debug]: Compiled SQL for node model.pipeline_monitoring.stg_pipeline_runs at target\compiled\pipeline_monitoring\models\staging\stg_pipeline_runs.sql
11:22:38.242839 [debug]: Finished rendering [  0.00s] model main.stg_pipeline_runs [success]
11:22:38.243037 [info ]: Finished rendering [  0.00s] (1 nodes, 0 skipped, 0 errors)
11:22:38.243255 [info ]: Started analyzing (1 nodes)
11:22:38.243351 [debug]: Started analyzing model main.stg_pipeline_runs
11:22:38.266484 [warn ]: [SyntaxInvalid (dbt0101)]: no viable alternative at input 'run_b AS (
    SELECT 
        b_runs.flow_id AS run_id,
        b_runs.flow_name AS pipeline_name,
        'raw_flow_b_runs' AS source_system,
        CASE 
            WHEN b_runs.initiated_at IS NOT NULL AND b_runs.completed_at IS NOT NULL THEN b_status.b_runs = 'DONE'
            WHEN b_runs.initiated_at NOT NULL'
  --> models/staging/stg_pipeline_runs.sql:57:42 (target\compiled\pipeline_monitoring\models\staging\stg_pipeline_runs.sql:57:42)
11:22:38.266631 [debug]: Finished analyzing [  0.02s] model main.stg_pipeline_runs [success]
11:22:38.266865 [info ]: Finished analyzing [  0.02s] (1 nodes, 0 skipped, 0 errors)
11:22:38.267085 [info ]: Started running (1 nodes)
11:22:38.267183 [info ]: Started running model main.stg_pipeline_runs
11:22:38.268699 [debug]: DuckDB driver resolved: duckdb 1.5.4
11:22:38.285572 [error]: [Generic (dbt1000)]: Internal: Binder Error: Referenced table "b_status" not found!
Candidate tables: "b_runs"

LINE 58: ...ed_at IS NOT NULL AND b_runs.completed_at IS NOT NULL THEN b_status.b_runs = 'DONE'
                                                                       ^ (sqlstate: [0, 0, 0, 0, 0], vendor_code: -2147483648)
11:22:38.285690 [info ]: Finished running [  0.02s] model main.stg_pipeline_runs [error]
11:22:38.285899 [info ]: Finished running [  0.02s] (1 nodes, 0 skipped, 1 errors)
11:22:38.286124 [info ]:     Failed model main.stg_pipeline_runs (view) [1 of 1 in 0.04s]
11:22:38.546796 [info ]: 
==================== Execution Summary =====================
Finished 'show' with 1 warning and 1 error for target 'dev' [498ms]
